"RN","ThreAss","ThreCon","intervention","step","Asupp","Bsupp","ABsupp","Apos","Aneg","A","Bpos","Bneg","B","ABpos","ABneg","AB","sr-supporters","sr-opponents","satisfaction-rate","support-rate"
"2","0.2","0.2","1","0","0","0","0","0","0","0","0","0","0","0","0","0","0","0","0","0"
"5","0.2","0.6","0","0","0","0","0","0","0","0","0","0","0","0","0","0","0","0","0","0"
"6","0.2","0.6","1","0","0","0","0","0","0","0","0","0","0","0","0","0","0","0","0","0"
"7","0.2","0.8","0","0","0","0","0","0","0","0","0","0","0","0","0","0","0","0","0","0"
"3","0.2","0.4","0","0","0","0","0","0","0","0","0","0","0","0","0","0","0","0","0","0"
"8","0.2","0.8","1","0","0","0","0","0","0","0","0","0","0","0","0","0","0","0","0","0"
"4","0.2","0.4","1","0","0","0","0","0","0","0","0","0","0","0","0","0","0","0","0","0"
"1","0.2","0.2","0","0","0","0","0","0","0","0","0","0","0","0","0","0","0","0","0","0"
"8","0.2","0.8","1","1","16","20","4","11","5","0","15","4","1","4","0","0","0.75","0.6875","0.75","0.5"
"6","0.2","0.6","1","1","16","20","4","11","5","0","15","4","1","4","0","0","0.75","0.6875","0.75","0.5"
"7","0.2","0.8","0","1","16","20","4","11","5","0","15","4","1","4","0","0","0.75","0.6875","0.75","0.5"
"4","0.2","0.4","1","1","16","20","4","11","5","0","15","4","1","4","0","0","0.75","0.6875","0.75","0.5"
"3","0.2","0.4","0","1","16","20","4","11","5","0","15","4","1","4","0","0","0.75","0.6875","0.75","0.5"
"5","0.2","0.6","0","1","16","20","4","11","5","0","15","4","1","4","0","0","0.75","0.6875","0.75","0.5"
"2","0.2","0.2","1","1","16","20","4","11","5","0","15","4","1","4","0","0","0.75","0.6875","0.75","0.5"
"6","0.2","0.6","1","2","17","21","2","13","3","1","15","5","1","2","0","0","0.7142857142857143","0.7647058823529411","0.75","0.525"
"8","0.2","0.8","1","2","17","21","2","13","3","1","15","5","1","2","0","0","0.7142857142857143","0.7647058823529411","0.75","0.525"
"4","0.2","0.4","1","2","17","21","2","13","3","1","15","5","1","2","0","0","0.7142857142857143","0.7647058823529411","0.75","0.525"
"7","0.2","0.8","0","2","17","21","2","13","3","1","15","5","1","2","0","0","0.7142857142857143","0.7647058823529411","0.75","0.525"
"3","0.2","0.4","0","2","17","21","2","13","3","1","15","5","1","2","0","0","0.7142857142857143","0.7647058823529411","0.75","0.525"
"8","0.2","0.8","1","3","17","21","2","14","3","0","15","5","1","2","0","0","0.7142857142857143","0.8235294117647058","0.775","0.525"
"7","0.2","0.8","0","3","17","21","2","14","3","0","15","5","1","2","0","0","0.7142857142857143","0.8235294117647058","0.775","0.525"
"2","0.2","0.2","1","2","17","21","2","13","3","1","15","5","1","2","0","0","0.7142857142857143","0.7647058823529411","0.75","0.525"
"5","0.2","0.6","0","2","17","21","2","13","3","1","15","5","1","2","0","0","0.7142857142857143","0.7647058823529411","0.75","0.525"
"4","0.2","0.4","1","3","17","21","2","14","3","0","15","5","1","2","0","0","0.7142857142857143","0.8235294117647058","0.775","0.525"
"6","0.2","0.6","1","3","17","21","2","14","3","0","15","5","1","2","0","0","0.7142857142857143","0.8235294117647058","0.775","0.525"
"3","0.2","0.4","0","3","17","21","2","14","3","0","15","5","1","2","0","0","0.7142857142857143","0.8235294117647058","0.775","0.525"
"2","0.2","0.2","1","3","17","21","2","14","3","0","15","5","1","2","0","0","0.7142857142857143","0.8235294117647058","0.775","0.525"
"7","0.2","0.8","0","4","17","21","2","14","3","0","15","5","1","2","0","0","0.7142857142857143","0.8235294117647058","0.775","0.525"
"8","0.2","0.8","1","4","17","21","2","14","3","0","15","5","1","2","0","0","0.7142857142857143","0.8235294117647058","0.775","0.525"
"5","0.2","0.6","0","3","17","21","2","14","3","0","15","5","1","2","0","0","0.7142857142857143","0.8235294117647058","0.775","0.525"
"3","0.2","0.4","0","4","17","21","2","14","3","0","15","5","1","2","0","0","0.7142857142857143","0.8235294117647058","0.775","0.525"
"2","0.2","0.2","1","4","17","21","2","14","3","0","15","5","1","2","0","0","0.7142857142857143","0.8235294117647058","0.775","0.525"
"1","0.2","0.2","0","1","16","20","4","11","5","0","15","4","1","4","0","0","0.75","0.6875","0.75","0.5"
"7","0.2","0.8","0","5","17","21","2","14","3","0","15","5","1","2","0","0","0.7142857142857143","0.8235294117647058","0.775","0.525"
"6","0.2","0.6","1","4","17","21","2","14","3","0","15","5","1","2","0","0","0.7142857142857143","0.8235294117647058","0.775","0.525"
"4","0.2","0.4","1","4","17","21","2","14","3","0","15","5","1","2","0","0","0.7142857142857143","0.8235294117647058","0.775","0.525"
"5","0.2","0.6","0","4","17","21","2","14","3","0","15","5","1","2","0","0","0.7142857142857143","0.8235294117647058","0.775","0.525"
"3","0.2","0.4","0","5","17","21","2","14","3","0","15","5","1","2","0","0","0.7142857142857143","0.8235294117647058","0.775","0.525"
"2","0.2","0.2","1","5","17","21","2","14","3","0","15","5","1","2","0","0","0.7142857142857143","0.8235294117647058","0.775","0.525"
"7","0.2","0.8","0","6","17","21","2","14","3","0","15","5","1","2","0","0","0.7142857142857143","0.8235294117647058","0.775","0.525"
"2","0.2","0.2","1","6","17","21","2","14","3","0","15","5","1","2","0","0","0.7142857142857143","0.8235294117647058","0.775","0.525"
"5","0.2","0.6","0","5","17","21","2","14","3","0","15","5","1","2","0","0","0.7142857142857143","0.8235294117647058","0.775","0.525"
"6","0.2","0.6","1","5","17","21","2","14","3","0","15","5","1","2","0","0","0.7142857142857143","0.8235294117647058","0.775","0.525"
"8","0.2","0.8","1","5","17","21","2","14","3","0","15","5","1","2","0","0","0.7142857142857143","0.8235294117647058","0.775","0.525"
"3","0.2","0.4","0","6","17","21","2","14","3","0","15","5","1","2","0","0","0.7142857142857143","0.8235294117647058","0.775","0.525"
"4","0.2","0.4","1","5","17","21","2","14","3","0","15","5","1","2","0","0","0.7142857142857143","0.8235294117647058","0.775","0.525"
"2","0.2","0.2","1","7","17","21","2","14","3","0","15","5","1","2","0","0","0.7142857142857143","0.8235294117647058","0.775","0.525"
"3","0.2","0.4","0","7","17","21","2","14","3","0","15","5","1","2","0","0","0.7142857142857143","0.8235294117647058","0.775","0.525"
"6","0.2","0.6","1","6","17","21","2","14","3","0","15","5","1","2","0","0","0.7142857142857143","0.8235294117647058","0.775","0.525"
"5","0.2","0.6","0","6","17","21","2","14","3","0","15","5","1","2","0","0","0.7142857142857143","0.8235294117647058","0.775","0.525"
"8","0.2","0.8","1","6","17","21","2","14","3","0","15","5","1","2","0","0","0.7142857142857143","0.8235294117647058","0.775","0.525"
"4","0.2","0.4","1","6","17","21","2","14","3","0","15","5","1","2","0","0","0.7142857142857143","0.8235294117647058","0.775","0.525"
"7","0.2","0.8","0","7","17","21","2","14","3","0","15","5","1","2","0","0","0.7142857142857143","0.8235294117647058","0.775","0.525"
"4","0.2","0.4","1","7","17","21","2","14","3","0","15","5","1","2","0","0","0.7142857142857143","0.8235294117647058","0.775","0.525"
"6","0.2","0.6","1","7","17","21","2","14","3","0","15","5","1","2","0","0","0.7142857142857143","0.8235294117647058","0.775","0.525"
"2","0.2","0.2","1","8","17","21","2","14","3","0","15","5","1","2","0","0","0.7142857142857143","0.8235294117647058","0.775","0.525"
"8","0.2","0.8","1","7","17","21","2","14","3","0","15","5","1","2","0","0","0.7142857142857143","0.8235294117647058","0.775","0.525"
"1","0.2","0.2","0","2","17","21","2","13","3","1","15","5","1","2","0","0","0.7142857142857143","0.7647058823529411","0.75","0.525"
"5","0.2","0.6","0","7","17","21","2","14","3","0","15","5","1","2","0","0","0.7142857142857143","0.8235294117647058","0.775","0.525"
"3","0.2","0.4","0","8","17","21","2","14","3","0","15","5","1","2","0","0","0.7142857142857143","0.8235294117647058","0.775","0.525"
"7","0.2","0.8","0","8","17","21","2","14","3","0","15","5","1","2","0","0","0.7142857142857143","0.8235294117647058","0.775","0.525"
"2","0.2","0.2","1","9","17","21","2","13","3","1","15","5","1","2","0","0","0.7142857142857143","0.7647058823529411","0.75","0.525"
"6","0.2","0.6","1","8","17","21","2","14","3","0","15","5","1","2","0","0","0.7142857142857143","0.8235294117647058","0.775","0.525"
"8","0.2","0.8","1","8","17","21","2","14","3","0","15","5","1","2","0","0","0.7142857142857143","0.8235294117647058","0.775","0.525"
"4","0.2","0.4","1","8","17","21","2","14","3","0","15","5","1","2","0","0","0.7142857142857143","0.8235294117647058","0.775","0.525"
"3","0.2","0.4","0","9","17","21","2","13","3","1","15","5","1","2","0","0","0.7142857142857143","0.7647058823529411","0.75","0.525"
"7","0.2","0.8","0","9","17","21","2","13","3","1","15","5","1","2","0","0","0.7142857142857143","0.7647058823529411","0.75","0.525"
"8","0.2","0.8","1","9","17","21","2","13","3","1","15","5","1","2","0","0","0.7142857142857143","0.7647058823529411","0.75","0.525"
"6","0.2","0.6","1","9","17","21","2","13","3","1","15","5","1","2","0","0","0.7142857142857143","0.7647058823529411","0.75","0.525"
"2","0.2","0.2","1","10","17","21","2","13","3","1","15","5","1","2","0","0","0.7142857142857143","0.7647058823529411","0.75","0.525"
"5","0.2","0.6","0","8","17","21","2","14","3","0","15","5","1","2","0","0","0.7142857142857143","0.8235294117647058","0.775","0.525"
"3","0.2","0.4","0","10","17","21","2","13","3","1","15","5","1","2","0","0","0.7142857142857143","0.7647058823529411","0.75","0.525"
"7","0.2","0.8","0","10","17","21","2","13","3","1","15","5","1","2","0","0","0.7142857142857143","0.7647058823529411","0.75","0.525"
"4","0.2","0.4","1","9","17","21","2","13","3","1","15","5","1","2","0","0","0.7142857142857143","0.7647058823529411","0.75","0.525"
"6","0.2","0.6","1","10","17","21","2","13","3","1","15","5","1","2","0","0","0.7142857142857143","0.7647058823529411","0.75","0.525"
"2","0.2","0.2","1","11","19","19","2","14","4","1","14","4","1","2","0","0","0.7368421052631579","0.7368421052631579","0.75","0.475"
"5","0.2","0.6","0","9","17","21","2","13","3","1","15","5","1","2","0","0","0.7142857142857143","0.7647058823529411","0.75","0.525"
"1","0.2","0.2","0","3","17","21","2","14","3","0","15","5","1","2","0","0","0.7142857142857143","0.8235294117647058","0.775","0.525"
"8","0.2","0.8","1","10","17","21","2","13","3","1","15","5","1","2","0","0","0.7142857142857143","0.7647058823529411","0.75","0.525"
"7","0.2","0.8","0","11","17","21","2","13","3","1","15","5","1","2","0","0","0.7142857142857143","0.7647058823529411","0.75","0.525"
"6","0.2","0.6","1","11","17","21","2","13","3","1","15","5","1","2","0","0","0.7142857142857143","0.7647058823529411","0.75","0.525"
"5","0.2","0.6","0","10","17","21","2","13","3","1","15","5","1","2","0","0","0.7142857142857143","0.7647058823529411","0.75","0.525"
"4","0.2","0.4","1","10","17","21","2","13","3","1","15","5","1","2","0","0","0.7142857142857143","0.7647058823529411","0.75","0.525"
"3","0.2","0.4","0","11","17","21","2","13","3","1","15","5","1","2","0","0","0.7142857142857143","0.7647058823529411","0.75","0.525"
"2","0.2","0.2","1","12","19","19","2","14","4","1","14","4","1","2","0","0","0.7368421052631579","0.7368421052631579","0.75","0.475"
"7","0.2","0.8","0","12","17","21","2","13","3","1","15","5","1","2","0","0","0.7142857142857143","0.7647058823529411","0.75","0.525"
"6","0.2","0.6","1","12","17","21","2","13","3","1","15","5","1","2","0","0","0.7142857142857143","0.7647058823529411","0.75","0.525"
"8","0.2","0.8","1","11","17","21","2","13","3","1","15","5","1","2","0","0","0.7142857142857143","0.7647058823529411","0.75","0.525"
"4","0.2","0.4","1","11","17","21","2","13","3","1","15","5","1","2","0","0","0.7142857142857143","0.7647058823529411","0.75","0.525"
"3","0.2","0.4","0","12","17","21","2","13","3","1","15","5","1","2","0","0","0.7142857142857143","0.7647058823529411","0.75","0.525"
"5","0.2","0.6","0","11","17","21","2","13","3","1","15","5","1","2","0","0","0.7142857142857143","0.7647058823529411","0.75","0.525"
"1","0.2","0.2","0","4","17","21","2","14","3","0","15","5","1","2","0","0","0.7142857142857143","0.8235294117647058","0.775","0.525"
"7","0.2","0.8","0","13","17","21","2","13","3","1","15","5","1","2","0","0","0.7142857142857143","0.7647058823529411","0.75","0.525"
"6","0.2","0.6","1","13","17","21","2","13","3","1","15","5","1","2","0","0","0.7142857142857143","0.7647058823529411","0.75","0.525"
"4","0.2","0.4","1","12","17","21","2","13","3","1","15","5","1","2","0","0","0.7142857142857143","0.7647058823529411","0.75","0.525"
"5","0.2","0.6","0","12","17","21","2","13","3","1","15","5","1","2","0","0","0.7142857142857143","0.7647058823529411","0.75","0.525"
"2","0.2","0.2","1","13","19","19","2","14","4","1","14","4","1","2","0","0","0.7368421052631579","0.7368421052631579","0.75","0.475"
"3","0.2","0.4","0","13","17","21","2","13","3","1","15","5","1","2","0","0","0.7142857142857143","0.7647058823529411","0.75","0.525"
"7","0.2","0.8","0","14","17","21","2","13","4","0","15","5","1","2","0","0","0.7142857142857143","0.7647058823529411","0.75","0.525"
"6","0.2","0.6","1","14","17","21","2","13","4","0","15","5","1","2","0","0","0.7142857142857143","0.7647058823529411","0.75","0.525"
"5","0.2","0.6","0","13","17","21","2","13","3","1","15","5","1","2","0","0","0.7142857142857143","0.7647058823529411","0.75","0.525"
"8","0.2","0.8","1","12","17","21","2","13","3","1","15","5","1","2","0","0","0.7142857142857143","0.7647058823529411","0.75","0.525"
"2","0.2","0.2","1","14","19","19","2","14","5","0","14","4","1","2","0","0","0.7368421052631579","0.7368421052631579","0.75","0.475"
"7","0.2","0.8","0","15","17","21","2","13","4","0","15","5","1","2","0","0","0.7142857142857143","0.7647058823529411","0.75","0.525"
"4","0.2","0.4","1","13","17","21","2","13","3","1","15","5","1","2","0","0","0.7142857142857143","0.7647058823529411","0.75","0.525"
"3","0.2","0.4","0","14","17","21","2","13","4","0","15","5","1","2","0","0","0.7142857142857143","0.7647058823529411","0.75","0.525"
"6","0.2","0.6","1","15","17","21","2","13","4","0","15","5","1","2","0","0","0.7142857142857143","0.7647058823529411","0.75","0.525"
"5","0.2","0.6","0","14","17","21","2","13","4","0","15","5","1","2","0","0","0.7142857142857143","0.7647058823529411","0.75","0.525"
"7","0.2","0.8","0","16","17","21","2","13","3","1","15","5","1","2","0","0","0.7142857142857143","0.7647058823529411","0.75","0.525"
"1","0.2","0.2","0","5","17","21","2","14","3","0","15","5","1","2","0","0","0.7142857142857143","0.8235294117647058","0.775","0.525"
"6","0.2","0.6","1","16","17","21","2","13","3","1","15","5","1","2","0","0","0.7142857142857143","0.7647058823529411","0.75","0.525"
"3","0.2","0.4","0","15","17","21","2","13","4","0","15","5","1","2","0","0","0.7142857142857143","0.7647058823529411","0.75","0.525"
"4","0.2","0.4","1","14","17","21","2","13","4","0","15","5","1","2","0","0","0.7142857142857143","0.7647058823529411","0.75","0.525"
"8","0.2","0.8","1","13","17","21","2","13","3","1","15","5","1","2","0","0","0.7142857142857143","0.7647058823529411","0.75","0.525"
"5","0.2","0.6","0","15","17","21","2","13","4","0","15","5","1","2","0","0","0.7142857142857143","0.7647058823529411","0.75","0.525"
"2","0.2","0.2","1","15","19","19","2","14","5","0","14","4","1","2","0","0","0.7368421052631579","0.7368421052631579","0.75","0.475"
"7","0.2","0.8","0","17","17","21","2","13","3","1","15","5","1","2","0","0","0.7142857142857143","0.7647058823529411","0.75","0.525"
"6","0.2","0.6","1","17","17","21","2","13","3","1","15","5","1","2","0","0","0.7142857142857143","0.7647058823529411","0.75","0.525"
"3","0.2","0.4","0","16","17","21","2","13","3","1","15","5","1","2","0","0","0.7142857142857143","0.7647058823529411","0.75","0.525"
"8","0.2","0.8","1","14","17","21","2","13","4","0","15","5","1","2","0","0","0.7142857142857143","0.7647058823529411","0.75","0.525"
"7","0.2","0.8","0","18","17","21","2","13","3","1","15","5","1","2","0","0","0.7142857142857143","0.7647058823529411","0.75","0.525"
"4","0.2","0.4","1","15","17","21","2","13","4","0","15","5","1","2","0","0","0.7142857142857143","0.7647058823529411","0.75","0.525"
"1","0.2","0.2","0","6","17","21","2","14","3","0","15","5","1","2","0","0","0.7142857142857143","0.8235294117647058","0.775","0.525"
"2","0.2","0.2","1","16","19","19","2","14","4","1","14","4","1","2","0","0","0.7368421052631579","0.7368421052631579","0.75","0.475"
"4","0.2","0.4","1","16","17","21","2","13","3","1","15","5","1","2","0","0","0.7142857142857143","0.7647058823529411","0.75","0.525"
"8","0.2","0.8","1","15","17","21","2","13","4","0","15","5","1","2","0","0","0.7142857142857143","0.7647058823529411","0.75","0.525"
"7","0.2","0.8","0","19","17","21","2","13","3","1","15","5","1","2","0","0","0.7142857142857143","0.7647058823529411","0.75","0.525"
"3","0.2","0.4","0","17","17","21","2","13","3","1","15","5","1","2","0","0","0.7142857142857143","0.7647058823529411","0.75","0.525"
"6","0.2","0.6","1","18","17","21","2","13","3","1","15","5","1","2","0","0","0.7142857142857143","0.7647058823529411","0.75","0.525"
"5","0.2","0.6","0","16","17","21","2","13","3","1","15","5","1","2","0","0","0.7142857142857143","0.7647058823529411","0.75","0.525"
"1","0.2","0.2","0","7","17","21","2","14","3","0","15","5","1","2","0","0","0.7142857142857143","0.8235294117647058","0.775","0.525"
"7","0.2","0.8","0","20","17","21","2","13","3","1","15","5","1","2","0","0","0.7142857142857143","0.7647058823529411","0.75","0.525"
"2","0.2","0.2","1","17","19","19","2","14","4","1","14","4","1","2","0","0","0.7368421052631579","0.7368421052631579","0.75","0.475"
"5","0.2","0.6","0","17","17","21","2","13","3","1","15","5","1","2","0","0","0.7142857142857143","0.7647058823529411","0.75","0.525"
"8","0.2","0.8","1","16","17","21","2","13","3","1","15","5","1","2","0","0","0.7142857142857143","0.7647058823529411","0.75","0.525"
"4","0.2","0.4","1","17","17","21","2","13","3","1","15","5","1","2","0","0","0.7142857142857143","0.7647058823529411","0.75","0.525"
"3","0.2","0.4","0","18","17","21","2","13","3","1","15","5","1","2","0","0","0.7142857142857143","0.7647058823529411","0.75","0.525"
"7","0.2","0.8","0","21","17","21","2","13","3","1","15","5","1","2","0","0","0.7142857142857143","0.7647058823529411","0.75","0.525"
"2","0.2","0.2","1","18","19","19","2","14","4","1","14","4","1","2","0","0","0.7368421052631579","0.7368421052631579","0.75","0.475"
"6","0.2","0.6","1","19","17","21","2","13","3","1","15","5","1","2","0","0","0.7142857142857143","0.7647058823529411","0.75","0.525"
"5","0.2","0.6","0","18","17","21","2","13","3","1","15","5","1","2","0","0","0.7142857142857143","0.7647058823529411","0.75","0.525"
"8","0.2","0.8","1","17","17","21","2","13","3","1","15","5","1","2","0","0","0.7142857142857143","0.7647058823529411","0.75","0.525"
"4","0.2","0.4","1","18","17","21","2","13","3","1","15","5","1","2","0","0","0.7142857142857143","0.7647058823529411","0.75","0.525"
"7","0.2","0.8","0","22","17","21","2","13","3","1","15","5","1","2","0","0","0.7142857142857143","0.7647058823529411","0.75","0.525"
"3","0.2","0.4","0","19","17","21","2","13","3","1","15","5","1","2","0","0","0.7142857142857143","0.7647058823529411","0.75","0.525"
"2","0.2","0.2","1","19","19","19","2","14","4","1","14","4","1","2","0","0","0.7368421052631579","0.7368421052631579","0.75","0.475"
"8","0.2","0.8","1","18","17","21","2","13","3","1","15","5","1","2","0","0","0.7142857142857143","0.7647058823529411","0.75","0.525"
"5","0.2","0.6","0","19","17","21","2","13","3","1","15","5","1","2","0","0","0.7142857142857143","0.7647058823529411","0.75","0.525"
"6","0.2","0.6","1","20","17","21","2","13","3","1","15","5","1","2","0","0","0.7142857142857143","0.7647058823529411","0.75","0.525"
"2","0.2","0.2","1","20","19","19","2","14","4","1","14","4","1","2","0","0","0.7368421052631579","0.7368421052631579","0.75","0.475"
"7","0.2","0.8","0","23","17","21","2","13","3","1","15","5","1","2","0","0","0.7142857142857143","0.7647058823529411","0.75","0.525"
"1","0.2","0.2","0","8","17","21","2","14","3","0","15","5","1","2","0","0","0.7142857142857143","0.8235294117647058","0.775","0.525"
"3","0.2","0.4","0","20","17","21","2","13","3","1","15","5","1","2","0","0","0.7142857142857143","0.7647058823529411","0.75","0.525"
"5","0.2","0.6","0","20","17","21","2","13","3","1","15","5","1","2","0","0","0.7142857142857143","0.7647058823529411","0.75","0.525"
"8","0.2","0.8","1","19","17","21","2","13","3","1","15","5","1","2","0","0","0.7142857142857143","0.7647058823529411","0.75","0.525"
"6","0.2","0.6","1","21","17","21","2","13","3","1","15","5","1","2","0","0","0.7142857142857143","0.7647058823529411","0.75","0.525"
"4","0.2","0.4","1","19","17","21","2","13","3","1","15","5","1","2","0","0","0.7142857142857143","0.7647058823529411","0.75","0.525"
"7","0.2","0.8","0","24","16","22","2","13","2","1","16","5","1","2","0","0","0.7272727272727273","0.8125","0.775","0.55"
"2","0.2","0.2","1","21","20","19","1","16","4","0","15","4","0","1","0","0","0.7894736842105263","0.8","0.8","0.475"
"6","0.2","0.6","1","22","17","21","2","13","3","1","15","5","1","2","0","0","0.7142857142857143","0.7647058823529411","0.75","0.525"
"3","0.2","0.4","0","21","18","20","2","14","3","1","15","4","1","2","0","0","0.75","0.7777777777777778","0.775","0.5"
"8","0.2","0.8","1","20","17","21","2","13","3","1","15","5","1","2","0","0","0.7142857142857143","0.7647058823529411","0.75","0.525"
"7","0.2","0.8","0","25","17","21","2","13","3","1","15","5","1","2","0","0","0.7142857142857143","0.7647058823529411","0.75","0.525"
"2","0.2","0.2","1","22","21","18","1","17","4","0","14","4","0","1","0","0","0.7777777777777778","0.8095238095238095","0.8","0.45"
"3","0.2","0.4","0","22","18","20","2","14","3","1","15","4","1","2","0","0","0.75","0.7777777777777778","0.775","0.5"
"6","0.2","0.6","1","23","17","21","2","13","3","1","15","5","1","2","0","0","0.7142857142857143","0.7647058823529411","0.75","0.525"
"5","0.2","0.6","0","21","17","21","2","13","3","1","15","5","1","2","0","0","0.7142857142857143","0.7647058823529411","0.75","0.525"
"4","0.2","0.4","1","20","17","21","2","13","3","1","15","5","1","2","0","0","0.7142857142857143","0.7647058823529411","0.75","0.525"
"7","0.2","0.8","0","26","17","21","2","13","3","1","15","5","1","2","0","0","0.7142857142857143","0.7647058823529411","0.75","0.525"
"1","0.2","0.2","0","9","17","21","2","13","3","1","15","5","1","2","0","0","0.7142857142857143","0.7647058823529411","0.75","0.525"
"2","0.2","0.2","1","23","21","18","1","16","4","1","14","4","0","1","0","0","0.7777777777777778","0.7619047619047619","0.775","0.45"
"3","0.2","0.4","0","23","18","20","2","14","3","1","15","4","1","2","0","0","0.75","0.7777777777777778","0.775","0.5"
"7","0.2","0.8","0","27","17","21","2","13","3","1","15","5","1","2","0","0","0.7142857142857143","0.7647058823529411","0.75","0.525"
"8","0.2","0.8","1","21","17","21","2","13","3","1","15","5","1","2","0","0","0.7142857142857143","0.7647058823529411","0.75","0.525"
"5","0.2","0.6","0","22","17","21","2","13","3","1","15","5","1","2","0","0","0.7142857142857143","0.7647058823529411","0.75","0.525"
"3","0.2","0.4","0","24","17","21","2","14","2","1","16","4","1","2","0","0","0.7619047619047619","0.8235294117647058","0.8","0.525"
"4","0.2","0.4","1","21","18","20","2","14","3","1","15","4","1","2","0","0","0.75","0.7777777777777778","0.775","0.5"
"7","0.2","0.8","0","28","17","21","2","13","3","1","15","5","1","2","0","0","0.7142857142857143","0.7647058823529411","0.75","0.525"
"6","0.2","0.6","1","24","16","22","2","13","2","1","16","5","1","2","0","0","0.7272727272727273","0.8125","0.775","0.55"
"2","0.2","0.2","1","24","21","18","1","16","4","1","14","4","0","1","0","0","0.7777777777777778","0.7619047619047619","0.775","0.45"
"8","0.2","0.8","1","22","17","21","2","13","3","1","15","5","1","2","0","0","0.7142857142857143","0.7647058823529411","0.75","0.525"
"1","0.2","0.2","0","10","17","21","2","13","3","1","15","5","1","2","0","0","0.7142857142857143","0.7647058823529411","0.75","0.525"
"4","0.2","0.4","1","22","18","20","2","14","3","1","15","4","1","2","0","0","0.75","0.7777777777777778","0.775","0.5"
"3","0.2","0.4","0","25","18","20","2","14","3","1","15","4","1","2","0","0","0.75","0.7777777777777778","0.775","0.5"
"7","0.2","0.8","0","29","17","21","2","13","3","1","15","5","1","2","0","0","0.7142857142857143","0.7647058823529411","0.75","0.525"
"2","0.2","0.2","1","25","21","18","1","16","4","1","14","4","0","1","0","0","0.7777777777777778","0.7619047619047619","0.775","0.45"
"6","0.2","0.6","1","25","17","21","2","13","3","1","15","5","1","2","0","0","0.7142857142857143","0.7647058823529411","0.75","0.525"
"8","0.2","0.8","1","23","17","21","2","13","3","1","15","5","1","2","0","0","0.7142857142857143","0.7647058823529411","0.75","0.525"
"3","0.2","0.4","0","26","18","20","2","14","3","1","15","4","1","2","0","0","0.75","0.7777777777777778","0.775","0.5"
"7","0.2","0.8","0","30","17","21","2","13","3","1","15","5","1","2","0","0","0.7142857142857143","0.7647058823529411","0.75","0.525"
"5","0.2","0.6","0","23","17","21","2","13","3","1","15","5","1","2","0","0","0.7142857142857143","0.7647058823529411","0.75","0.525"
"6","0.2","0.6","1","26","17","21","2","13","3","1","15","5","1","2","0","0","0.7142857142857143","0.7647058823529411","0.75","0.525"
"4","0.2","0.4","1","23","18","20","2","14","3","1","15","4","1","2","0","0","0.75","0.7777777777777778","0.775","0.5"
"2","0.2","0.2","1","26","21","18","1","15","4","2","14","4","0","1","0","0","0.7777777777777778","0.7142857142857143","0.75","0.45"
"8","0.2","0.8","1","24","16","22","2","13","2","1","16","5","1","2","0","0","0.7272727272727273","0.8125","0.775","0.55"
"3","0.2","0.4","0","27","18","20","2","14","3","1","15","4","1","2","0","0","0.75","0.7777777777777778","0.775","0.5"
"5","0.2","0.6","0","24","16","22","2","13","2","1","16","5","1","2","0","0","0.7272727272727273","0.8125","0.775","0.55"
"4","0.2","0.4","1","24","17","21","2","14","2","1","16","4","1","2","0","0","0.7619047619047619","0.8235294117647058","0.8","0.525"
"7","0.2","0.8","0","31","17","21","2","13","3","1","15","5","1","2","0","0","0.7142857142857143","0.7647058823529411","0.75","0.525"
"6","0.2","0.6","1","27","17","21","2","13","3","1","15","5","1","2","0","0","0.7142857142857143","0.7647058823529411","0.75","0.525"
"2","0.2","0.2","1","27","21","18","1","16","5","0","14","4","0","1","0","0","0.7777777777777778","0.7619047619047619","0.775","0.45"
"3","0.2","0.4","0","28","18","20","2","14","3","1","15","4","1","2","0","0","0.75","0.7777777777777778","0.775","0.5"
"5","0.2","0.6","0","25","17","21","2","13","3","1","15","5","1","2","0","0","0.7142857142857143","0.7647058823529411","0.75","0.525"
"4","0.2","0.4","1","25","18","20","2","14","3","1","15","4","1","2","0","0","0.75","0.7777777777777778","0.775","0.5"
"6","0.2","0.6","1","28","17","21","2","13","3","1","15","5","1","2","0","0","0.7142857142857143","0.7647058823529411","0.75","0.525"
"7","0.2","0.8","0","32","16","22","2","13","2","1","16","5","1","2","0","0","0.7272727272727273","0.8125","0.775","0.55"
"1","0.2","0.2","0","11","19","19","2","14","4","1","14","4","1","2","0","0","0.7368421052631579","0.7368421052631579","0.75","0.475"
"8","0.2","0.8","1","25","17","21","2","13","3","1","15","5","1","2","0","0","0.7142857142857143","0.7647058823529411","0.75","0.525"
"3","0.2","0.4","0","29","18","20","2","14","3","1","15","4","1","2","0","0","0.75","0.7777777777777778","0.775","0.5"
"5","0.2","0.6","0","26","17","21","2","13","3","1","15","5","1","2","0","0","0.7142857142857143","0.7647058823529411","0.75","0.525"
"2","0.2","0.2","1","28","21","18","1","16","5","0","14","4","0","1","0","0","0.7777777777777778","0.7619047619047619","0.775","0.45"
"4","0.2","0.4","1","26","18","20","2","14","3","1","15","4","1","2","0","0","0.75","0.7777777777777778","0.775","0.5"
"6","0.2","0.6","1","29","17","21","2","13","3","1","15","5","1","2","0","0","0.7142857142857143","0.7647058823529411","0.75","0.525"
"7","0.2","0.8","0","33","17","21","2","13","3","1","15","5","1","2","0","0","0.7142857142857143","0.7647058823529411","0.75","0.525"
"3","0.2","0.4","0","30","18","20","2","14","3","1","15","4","1","2","0","0","0.75","0.7777777777777778","0.775","0.5"
"8","0.2","0.8","1","26","17","21","2","13","3","1","15","5","1","2","0","0","0.7142857142857143","0.7647058823529411","0.75","0.525"
"4","0.2","0.4","1","27","18","20","2","14","3","1","15","4","1","2","0","0","0.75","0.7777777777777778","0.775","0.5"
"6","0.2","0.6","1","30","17","21","2","13","3","1","15","5","1","2","0","0","0.7142857142857143","0.7647058823529411","0.75","0.525"
"7","0.2","0.8","0","34","16","22","2","13","2","1","16","5","1","2","0","0","0.7272727272727273","0.8125","0.775","0.55"
"8","0.2","0.8","1","27","17","21","2","13","3","1","15","5","1","2","0","0","0.7142857142857143","0.7647058823529411","0.75","0.525"
"4","0.2","0.4","1","28","18","20","2","14","3","1","15","4","1","2","0","0","0.75","0.7777777777777778","0.775","0.5"
"6","0.2","0.6","1","31","17","21","2","13","3","1","15","5","1","2","0","0","0.7142857142857143","0.7647058823529411","0.75","0.525"
"1","0.2","0.2","0","12","19","19","2","14","4","1","14","4","1","2","0","0","0.7368421052631579","0.7368421052631579","0.75","0.475"
"5","0.2","0.6","0","27","17","21","2","13","3","1","15","5","1","2","0","0","0.7142857142857143","0.7647058823529411","0.75","0.525"
"2","0.2","0.2","1","29","21","18","1","16","5","0","14","4","0","1","0","0","0.7777777777777778","0.7619047619047619","0.775","0.45"
"8","0.2","0.8","1","28","17","21","2","13","3","1","15","5","1","2","0","0","0.7142857142857143","0.7647058823529411","0.75","0.525"
"7","0.2","0.8","0","35","17","21","2","13","3","1","15","5","1","2","0","0","0.7142857142857143","0.7647058823529411","0.75","0.525"
"3","0.2","0.4","0","31","19","19","2","14","4","1","14","4","1","2","0","0","0.7368421052631579","0.7368421052631579","0.75","0.475"
"6","0.2","0.6","1","32","16","22","2","13","2","1","16","5","1","2","0","0","0.7272727272727273","0.8125","0.775","0.55"
"2","0.2","0.2","1","30","21","18","1","16","5","0","14","4","0","1","0","0","0.7777777777777778","0.7619047619047619","0.775","0.45"
"4","0.2","0.4","1","29","18","20","2","14","3","1","15","4","1","2","0","0","0.75","0.7777777777777778","0.775","0.5"
"5","0.2","0.6","0","28","17","21","2","13","3","1","15","5","1","2","0","0","0.7142857142857143","0.7647058823529411","0.75","0.525"
"8","0.2","0.8","1","29","17","21","2","13","3","1","15","5","1","2","0","0","0.7142857142857143","0.7647058823529411","0.75","0.525"
"6","0.2","0.6","1","33","17","21","2","13","3","1","15","5","1","2","0","0","0.7142857142857143","0.7647058823529411","0.75","0.525"
"7","0.2","0.8","0","36","16","22","2","13","2","1","16","5","1","2","0","0","0.7272727272727273","0.8125","0.775","0.55"
"2","0.2","0.2","1","31","19","21","0","14","5","0","15","6","0","0","0","0","0.7142857142857143","0.7368421052631579","0.725","0.525"
"4","0.2","0.4","1","30","18","20","2","14","3","1","15","4","1","2","0","0","0.75","0.7777777777777778","0.775","0.5"
"3","0.2","0.4","0","32","18","20","2","14","3","1","15","4","1","2","0","0","0.75","0.7777777777777778","0.775","0.5"
"1","0.2","0.2","0","13","19","19","2","14","4","1","14","4","1","2","0","0","0.7368421052631579","0.7368421052631579","0.75","0.475"
"5","0.2","0.6","0","29","17","21","2","13","3","1","15","5","1","2","0","0","0.7142857142857143","0.7647058823529411","0.75","0.525"
"8","0.2","0.8","1","30","17","21","2","13","3","1","15","5","1","2","0","0","0.7142857142857143","0.7647058823529411","0.75","0.525"
"6","0.2","0.6","1","34","16","22","2","13","2","1","16","5","1","2","0","0","0.7272727272727273","0.8125","0.775","0.55"
"7","0.2","0.8","0","37","17","21","2","13","3","1","15","5","1","2","0","0","0.7142857142857143","0.7647058823529411","0.75","0.525"
"4","0.2","0.4","1","31","19","19","2","14","4","1","14","4","1","2","0","0","0.7368421052631579","0.7368421052631579","0.75","0.475"
"2","0.2","0.2","1","32","19","21","0","14","5","0","15","6","0","0","0","0","0.7142857142857143","0.7368421052631579","0.725","0.525"
"5","0.2","0.6","0","30","17","21","2","13","3","1","15","5","1","2","0","0","0.7142857142857143","0.7647058823529411","0.75","0.525"
"3","0.2","0.4","0","33","19","19","2","14","4","1","13","4","2","2","0","0","0.6842105263157895","0.7368421052631579","0.725","0.475"
"8","0.2","0.8","1","31","17","21","2","13","3","1","15","5","1","2","0","0","0.7142857142857143","0.7647058823529411","0.75","0.525"
"6","0.2","0.6","1","35","17","21","2","13","3","1","15","5","1","2","0","0","0.7142857142857143","0.7647058823529411","0.75","0.525"
"7","0.2","0.8","0","38","16","22","2","13","2","1","16","5","1","2","0","0","0.7272727272727273","0.8125","0.775","0.55"
"4","0.2","0.4","1","32","18","20","2","14","3","1","15","4","1","2","0","0","0.75","0.7777777777777778","0.775","0.5"
"2","0.2","0.2","1","33","19","21","0","14","5","0","15","6","0","0","0","0","0.7142857142857143","0.7368421052631579","0.725","0.525"
"5","0.2","0.6","0","31","17","21","2","13","3","1","15","5","1","2","0","0","0.7142857142857143","0.7647058823529411","0.75","0.525"
"3","0.2","0.4","0","34","18","20","2","14","3","1","15","4","1","2","0","0","0.75","0.7777777777777778","0.775","0.5"
"8","0.2","0.8","1","32","16","22","2","13","2","1","16","5","1","2","0","0","0.7272727272727273","0.8125","0.775","0.55"
"7","0.2","0.8","0","39","17","21","2","13","3","1","15","5","1","2","0","0","0.7142857142857143","0.7647058823529411","0.75","0.525"
"6","0.2","0.6","1","36","16","22","2","13","2","1","16","5","1","2","0","0","0.7272727272727273","0.8125","0.775","0.55"
"5","0.2","0.6","0","32","16","22","2","13","2","1","16","5","1","2","0","0","0.7272727272727273","0.8125","0.775","0.55"
"2","0.2","0.2","1","34","19","21","0","14","5","0","15","6","0","0","0","0","0.7142857142857143","0.7368421052631579","0.725","0.525"
"8","0.2","0.8","1","33","17","21","2","13","3","1","15","5","1","2","0","0","0.7142857142857143","0.7647058823529411","0.75","0.525"
"1","0.2","0.2","0","14","19","19","2","14","5","0","14","4","1","2","0","0","0.7368421052631579","0.7368421052631579","0.75","0.475"
"7","0.2","0.8","0","40","16","22","2","13","2","1","16","5","1","2","0","0","0.7272727272727273","0.8125","0.775","0.55"
"4","0.2","0.4","1","33","19","19","2","14","4","1","13","4","2","2","0","0","0.6842105263157895","0.7368421052631579","0.725","0.475"
"6","0.2","0.6","1","37","17","21","2","13","3","1","15","5","1","2","0","0","0.7142857142857143","0.7647058823529411","0.75","0.525"
"5","0.2","0.6","0","33","17","21","2","13","3","1","15","5","1","2","0","0","0.7142857142857143","0.7647058823529411","0.75","0.525"
"7","0.2","0.8","0","41","16","22","2","13","2","1","16","5","1","2","0","0","0.7272727272727273","0.8125","0.775","0.55"
"2","0.2","0.2","1","35","19","21","0","14","5","0","14","6","1","0","0","0","0.6666666666666666","0.7368421052631579","0.7","0.525"
"8","0.2","0.8","1","34","16","22","2","13","2","1","16","5","1","2","0","0","0.7272727272727273","0.8125","0.775","0.55"
"4","0.2","0.4","1","34","18","20","2","14","3","1","15","4","1","2","0","0","0.75","0.7777777777777778","0.775","0.5"
"3","0.2","0.4","0","35","19","19","2","14","4","1","13","4","2","2","0","0","0.6842105263157895","0.7368421052631579","0.725","0.475"
"7","0.2","0.8","0","42","16","22","2","13","2","1","16","5","1","2","0","0","0.7272727272727273","0.8125","0.775","0.55"
"5","0.2","0.6","0","34","16","22","2","13","2","1","16","5","1","2","0","0","0.7272727272727273","0.8125","0.775","0.55"
"8","0.2","0.8","1","35","17","21","2","13","3","1","15","5","1","2","0","0","0.7142857142857143","0.7647058823529411","0.75","0.525"
"2","0.2","0.2","1","36","19","21","0","14","5","0","14","7","0","0","0","0","0.6666666666666666","0.7368421052631579","0.7","0.525"
"1","0.2","0.2","0","15","19","19","2","14","5","0","14","4","1","2","0","0","0.7368421052631579","0.7368421052631579","0.75","0.475"
"6","0.2","0.6","1","38","16","22","2","13","2","1","16","5","1","2","0","0","0.7272727272727273","0.8125","0.775","0.55"
"5","0.2","0.6","0","35","17","21","2","13","3","1","15","5","1","2","0","0","0.7142857142857143","0.7647058823529411","0.75","0.525"
"4","0.2","0.4","1","35","19","19","2","14","4","1","13","4","2","2","0","0","0.6842105263157895","0.7368421052631579","0.725","0.475"
"3","0.2","0.4","0","36","20","18","2","14","4","2","13","3","2","2","0","0","0.7222222222222222","0.7","0.725","0.45"
"8","0.2","0.8","1","36","16","22","2","13","2","1","16","5","1","2","0","0","0.7272727272727273","0.8125","0.775","0.55"
"7","0.2","0.8","0","43","16","22","2","13","2","1","16","5","1","2","0","0","0.7272727272727273","0.8125","0.775","0.55"
"5","0.2","0.6","0","36","16","22","2","13","2","1","16","5","1","2","0","0","0.7272727272727273","0.8125","0.775","0.55"
"3","0.2","0.4","0","37","20","18","2","15","4","1","14","3","1","2","0","0","0.7777777777777778","0.75","0.775","0.45"
"6","0.2","0.6","1","39","17","21","2","13","3","1","15","5","1","2","0","0","0.7142857142857143","0.7647058823529411","0.75","0.525"
"4","0.2","0.4","1","36","20","18","2","14","4","2","13","3","2","2","0","0","0.7222222222222222","0.7","0.725","0.45"
"8","0.2","0.8","1","37","17","21","2","13","3","1","15","5","1","2","0","0","0.7142857142857143","0.7647058823529411","0.75","0.525"
"2","0.2","0.2","1","37","19","21","0","14","5","0","14","7","0","0","0","0","0.6666666666666666","0.7368421052631579","0.7","0.525"
"7","0.2","0.8","0","44","16","22","2","13","2","1","16","5","1","2","0","0","0.7272727272727273","0.8125","0.775","0.55"
"4","0.2","0.4","1","37","20","18","2","15","4","1","14","3","1","2","0","0","0.7777777777777778","0.75","0.775","0.45"
"3","0.2","0.4","0","38","19","19","2","15","3","1","14","4","1","2","0","0","0.7368421052631579","0.7894736842105263","0.775","0.475"
"5","0.2","0.6","0","37","17","21","2","13","3","1","15","5","1","2","0","0","0.7142857142857143","0.7647058823529411","0.75","0.525"
"1","0.2","0.2","0","16","19","19","2","14","4","1","14","4","1","2","0","0","0.7368421052631579","0.7368421052631579","0.75","0.475"
"6","0.2","0.6","1","40","16","22","2","13","2","1","16","5","1","2","0","0","0.7272727272727273","0.8125","0.775","0.55"
"2","0.2","0.2","1","38","19","21","0","14","5","0","14","7","0","0","0","0","0.6666666666666666","0.7368421052631579","0.7","0.525"
"7","0.2","0.8","0","45","16","22","2","13","2","1","16","5","1","2","0","0","0.7272727272727273","0.8125","0.775","0.55"
"4","0.2","0.4","1","38","19","19","2","15","3","1","14","4","1","2","0","0","0.7368421052631579","0.7894736842105263","0.775","0.475"
"3","0.2","0.4","0","39","19","19","2","15","3","1","14","4","1","2","0","0","0.7368421052631579","0.7894736842105263","0.775","0.475"
"5","0.2","0.6","0","38","16","22","2","13","2","1","16","5","1","2","0","0","0.7272727272727273","0.8125","0.775","0.55"
"8","0.2","0.8","1","38","16","22","2","13","2","1","16","5","1","2","0","0","0.7272727272727273","0.8125","0.775","0.55"
"6","0.2","0.6","1","41","17","21","2","14","2","1","16","4","1","2","0","0","0.7619047619047619","0.8235294117647058","0.8","0.525"
"4","0.2","0.4","1","39","19","19","2","15","3","1","14","4","1","2","0","0","0.7368421052631579","0.7894736842105263","0.775","0.475"
"5","0.2","0.6","0","39","17","21","2","13","3","1","15","5","1","2","0","0","0.7142857142857143","0.7647058823529411","0.75","0.525"
"3","0.2","0.4","0","40","19","19","2","15","3","1","14","4","1","2","0","0","0.7368421052631579","0.7894736842105263","0.775","0.475"
"2","0.2","0.2","1","39","19","21","0","14","5","0","14","7","0","0","0","0","0.6666666666666666","0.7368421052631579","0.7","0.525"
"6","0.2","0.6","1","42","17","21","2","14","2","1","16","4","1","2","0","0","0.7619047619047619","0.8235294117647058","0.8","0.525"
"1","0.2","0.2","0","17","19","19","2","14","4","1","14","4","1","2","0","0","0.7368421052631579","0.7368421052631579","0.75","0.475"
"4","0.2","0.4","1","40","19","19","2","15","3","1","14","4","1","2","0","0","0.7368421052631579","0.7894736842105263","0.775","0.475"
"3","0.2","0.4","0","41","22","16","2","16","5","1","13","3","0","2","0","0","0.8125","0.7272727272727273","0.775","0.4"
"5","0.2","0.6","0","40","16","22","2","13","2","1","16","5","1","2","0","0","0.7272727272727273","0.8125","0.775","0.55"
"2","0.2","0.2","1","40","19","21","0","14","5","0","14","7","0","0","0","0","0.6666666666666666","0.7368421052631579","0.7","0.525"
"7","0.2","0.8","0","46","16","22","2","13","2","1","16","5","1","2","0","0","0.7272727272727273","0.8125","0.775","0.55"
"8","0.2","0.8","1","39","17","21","2","13","3","1","15","5","1","2","0","0","0.7142857142857143","0.7647058823529411","0.75","0.525"
"6","0.2","0.6","1","43","17","21","2","14","2","1","16","4","1","2","0","0","0.7619047619047619","0.8235294117647058","0.8","0.525"
"4","0.2","0.4","1","41","22","16","2","16","5","1","13","3","0","2","0","0","0.8125","0.7272727272727273","0.775","0.4"
"3","0.2","0.4","0","42","19","19","2","14","3","2","15","4","0","2","0","0","0.7894736842105263","0.7368421052631579","0.775","0.475"
"7","0.2","0.8","0","47","16","22","2","13","2","1","16","5","1","2","0","0","0.7272727272727273","0.8125","0.775","0.55"
"6","0.2","0.6","1","44","17","21","2","14","2","1","16","4","1","2","0","0","0.7619047619047619","0.8235294117647058","0.8","0.525"
"1","0.2","0.2","0","18","19","19","2","14","4","1","14","4","1","2","0","0","0.7368421052631579","0.7368421052631579","0.75","0.475"
"5","0.2","0.6","0","41","17","21","2","14","2","1","16","4","1","2","0","0","0.7619047619047619","0.8235294117647058","0.8","0.525"
"2","0.2","0.2","1","41","19","21","0","14","5","0","14","7","0","0","0","0","0.6666666666666666","0.7368421052631579","0.7","0.525"
"3","0.2","0.4","0","43","19","19","2","14","3","2","15","4","0","2","0","0","0.7894736842105263","0.7368421052631579","0.775","0.475"
"7","0.2","0.8","0","48","16","22","2","13","2","1","16","5","1","2","0","0","0.7272727272727273","0.8125","0.775","0.55"
"4","0.2","0.4","1","42","19","19","2","14","3","2","15","4","0","2","0","0","0.7894736842105263","0.7368421052631579","0.775","0.475"
"6","0.2","0.6","1","45","17","21","2","14","2","1","16","4","1","2","0","0","0.7619047619047619","0.8235294117647058","0.8","0.525"
"8","0.2","0.8","1","40","16","22","2","13","2","1","16","5","1","2","0","0","0.7272727272727273","0.8125","0.775","0.55"
"5","0.2","0.6","0","42","17","21","2","14","2","1","16","4","1","2","0","0","0.7619047619047619","0.8235294117647058","0.8","0.525"
"2","0.2","0.2","1","42","19","21","0","13","5","1","14","7","0","0","0","0","0.6666666666666666","0.6842105263157895","0.675","0.525"
"7","0.2","0.8","0","49","16","22","2","13","2","1","16","5","1","2","0","0","0.7272727272727273","0.8125","0.775","0.55"
"6","0.2","0.6","1","46","17","21","2","14","2","1","16","4","1","2","0","0","0.7619047619047619","0.8235294117647058","0.8","0.525"
"5","0.2","0.6","0","43","17","21","2","14","2","1","16","4","1","2","0","0","0.7619047619047619","0.8235294117647058","0.8","0.525"
"4","0.2","0.4","1","43","19","19","2","14","3","2","15","4","0","2","0","0","0.7894736842105263","0.7368421052631579","0.775","0.475"
"7","0.2","0.8","0","50","16","22","2","13","2","1","16","5","1","2","0","0","0.7272727272727273","0.8125","0.775","0.55"
"6","0.2","0.6","1","47","17","21","2","14","2","1","16","4","1","2","0","0","0.7619047619047619","0.8235294117647058","0.8","0.525"
"5","0.2","0.6","0","44","17","21","2","14","2","1","16","4","1","2","0","0","0.7619047619047619","0.8235294117647058","0.8","0.525"
"4","0.2","0.4","1","44","19","19","2","14","4","1","15","4","0","2","0","0","0.7894736842105263","0.7368421052631579","0.775","0.475"
"8","0.2","0.8","1","41","16","22","2","13","2","1","16","5","1","2","0","0","0.7272727272727273","0.8125","0.775","0.55"
"3","0.2","0.4","0","44","19","19","2","14","4","1","15","4","0","2","0","0","0.7894736842105263","0.7368421052631579","0.775","0.475"
"1","0.2","0.2","0","19","19","19","2","14","4","1","14","4","1","2","0","0","0.7368421052631579","0.7368421052631579","0.75","0.475"
"7","0.2","0.8","0","51","17","21","2","14","2","1","16","4","1","2","0","0","0.7619047619047619","0.8235294117647058","0.8","0.525"
"6","0.2","0.6","1","48","17","21","2","14","2","1","16","4","1","2","0","0","0.7619047619047619","0.8235294117647058","0.8","0.525"
"2","0.2","0.2","1","43","19","21","0","13","5","1","14","7","0","0","0","0","0.6666666666666666","0.6842105263157895","0.675","0.525"
"5","0.2","0.6","0","45","17","21","2","14","2","1","16","4","1","2","0","0","0.7619047619047619","0.8235294117647058","0.8","0.525"
"4","0.2","0.4","1","45","19","19","2","14","4","1","15","4","0","2","0","0","0.7894736842105263","0.7368421052631579","0.775","0.475"
"8","0.2","0.8","1","42","16","22","2","13","2","1","16","5","1","2","0","0","0.7272727272727273","0.8125","0.775","0.55"
"7","0.2","0.8","0","52","17","21","2","14","2","1","16","4","1","2","0","0","0.7619047619047619","0.8235294117647058","0.8","0.525"
"3","0.2","0.4","0","45","19","19","2","14","4","1","15","4","0","2","0","0","0.7894736842105263","0.7368421052631579","0.775","0.475"
"6","0.2","0.6","1","49","17","21","2","14","2","1","16","4","1","2","0","0","0.7619047619047619","0.8235294117647058","0.8","0.525"
"5","0.2","0.6","0","46","17","21","2","14","2","1","16","4","1","2","0","0","0.7619047619047619","0.8235294117647058","0.8","0.525"
"2","0.2","0.2","1","44","19","21","0","13","5","1","14","7","0","0","0","0","0.6666666666666666","0.6842105263157895","0.675","0.525"
"7","0.2","0.8","0","53","17","21","2","14","2","1","16","4","1","2","0","0","0.7619047619047619","0.8235294117647058","0.8","0.525"
"8","0.2","0.8","1","43","16","22","2","13","2","1","16","5","1","2","0","0","0.7272727272727273","0.8125","0.775","0.55"
"6","0.2","0.6","1","50","17","21","2","14","2","1","16","4","1","2","0","0","0.7619047619047619","0.8235294117647058","0.8","0.525"
"5","0.2","0.6","0","47","17","21","2","14","2","1","16","4","1","2","0","0","0.7619047619047619","0.8235294117647058","0.8","0.525"
"4","0.2","0.4","1","46","19","19","2","14","4","1","15","4","0","2","0","0","0.7894736842105263","0.7368421052631579","0.775","0.475"
"1","0.2","0.2","0","20","19","19","2","14","4","1","14","4","1","2","0","0","0.7368421052631579","0.7368421052631579","0.75","0.475"
"8","0.2","0.8","1","44","16","22","2","13","2","1","16","5","1","2","0","0","0.7272727272727273","0.8125","0.775","0.55"
"5","0.2","0.6","0","48","17","21","2","14","2","1","16","4","1","2","0","0","0.7619047619047619","0.8235294117647058","0.8","0.525"
"2","0.2","0.2","1","45","19","21","0","13","5","1","14","7","0","0","0","0","0.6666666666666666","0.6842105263157895","0.675","0.525"
"3","0.2","0.4","0","46","19","19","2","14","4","1","15","4","0","2","0","0","0.7894736842105263","0.7368421052631579","0.775","0.475"
"7","0.2","0.8","0","54","17","21","2","14","2","1","16","4","1","2","0","0","0.7619047619047619","0.8235294117647058","0.8","0.525"
"4","0.2","0.4","1","47","19","19","2","14","4","1","15","4","0","2","0","0","0.7894736842105263","0.7368421052631579","0.775","0.475"
"5","0.2","0.6","0","49","17","21","2","14","2","1","16","4","1","2","0","0","0.7619047619047619","0.8235294117647058","0.8","0.525"
"8","0.2","0.8","1","45","16","22","2","13","2","1","16","5","1","2","0","0","0.7272727272727273","0.8125","0.775","0.55"
"3","0.2","0.4","0","47","19","19","2","14","4","1","15","4","0","2","0","0","0.7894736842105263","0.7368421052631579","0.775","0.475"
"7","0.2","0.8","0","55","17","21","2","14","2","1","16","4","1","2","0","0","0.7619047619047619","0.8235294117647058","0.8","0.525"
"2","0.2","0.2","1","46","19","21","0","13","5","1","14","7","0","0","0","0","0.6666666666666666","0.6842105263157895","0.675","0.525"
"4","0.2","0.4","1","48","19","19","2","14","4","1","15","4","0","2","0","0","0.7894736842105263","0.7368421052631579","0.775","0.475"
"8","0.2","0.8","1","46","16","22","2","13","2","1","16","5","1","2","0","0","0.7272727272727273","0.8125","0.775","0.55"
"5","0.2","0.6","0","50","17","21","2","14","2","1","16","4","1","2","0","0","0.7619047619047619","0.8235294117647058","0.8","0.525"
"7","0.2","0.8","0","56","17","21","2","14","2","1","16","4","1","2","0","0","0.7619047619047619","0.8235294117647058","0.8","0.525"
"3","0.2","0.4","0","48","19","19","2","14","4","1","15","4","0","2","0","0","0.7894736842105263","0.7368421052631579","0.775","0.475"
"8","0.2","0.8","1","47","16","22","2","13","2","1","16","5","1","2","0","0","0.7272727272727273","0.8125","0.775","0.55"
"1","0.2","0.2","0","21","20","19","1","16","4","0","15","4","0","1","0","0","0.7894736842105263","0.8","0.8","0.475"
"4","0.2","0.4","1","49","19","19","2","14","4","1","15","4","0","2","0","0","0.7894736842105263","0.7368421052631579","0.775","0.475"
"3","0.2","0.4","0","49","19","19","2","14","4","1","15","4","0","2","0","0","0.7894736842105263","0.7368421052631579","0.775","0.475"
"5","0.2","0.6","0","51","18","20","2","14","3","1","15","4","1","2","0","0","0.75","0.7777777777777778","0.775","0.5"
"8","0.2","0.8","1","48","16","22","2","13","2","1","16","5","1","2","0","0","0.7272727272727273","0.8125","0.775","0.55"
"2","0.2","0.2","1","47","19","21","0","13","5","1","14","7","0","0","0","0","0.6666666666666666","0.6842105263157895","0.675","0.525"
"5","0.2","0.6","0","52","18","20","2","14","3","1","15","4","1","2","0","0","0.75","0.7777777777777778","0.775","0.5"
"8","0.2","0.8","1","49","16","22","2","13","2","1","16","5","1","2","0","0","0.7272727272727273","0.8125","0.775","0.55"
"7","0.2","0.8","0","57","17","21","2","14","2","1","16","4","1","2","0","0","0.7619047619047619","0.8235294117647058","0.8","0.525"
"3","0.2","0.4","0","50","19","19","2","14","4","1","15","4","0","2","0","0","0.7894736842105263","0.7368421052631579","0.775","0.475"
"4","0.2","0.4","1","50","19","19","2","14","4","1","15","4","0","2","0","0","0.7894736842105263","0.7368421052631579","0.775","0.475"
"2","0.2","0.2","1","48","19","21","0","13","5","1","14","7","0","0","0","0","0.6666666666666666","0.6842105263157895","0.675","0.525"
"7","0.2","0.8","0","58","17","21","2","14","2","1","16","4","1","2","0","0","0.7619047619047619","0.8235294117647058","0.8","0.525"
"8","0.2","0.8","1","50","16","22","2","13","2","1","16","5","1","2","0","0","0.7272727272727273","0.8125","0.775","0.55"
"3","0.2","0.4","0","51","22","17","1","16","6","0","13","4","0","1","0","0","0.7647058823529411","0.7272727272727273","0.75","0.425"
"5","0.2","0.6","0","53","18","20","2","14","3","1","15","4","1","2","0","0","0.75","0.7777777777777778","0.775","0.5"
"1","0.2","0.2","0","22","21","18","1","17","4","0","14","4","0","1","0","0","0.7777777777777778","0.8095238095238095","0.8","0.45"
"7","0.2","0.8","0","59","17","21","2","14","2","1","16","4","1","2","0","0","0.7619047619047619","0.8235294117647058","0.8","0.525"
"2","0.2","0.2","1","49","19","21","0","13","5","1","14","7","0","0","0","0","0.6666666666666666","0.6842105263157895","0.675","0.525"
"5","0.2","0.6","0","54","18","20","2","14","3","1","15","4","1","2","0","0","0.75","0.7777777777777778","0.775","0.5"
"5","0.2","0.6","0","55","18","20","2","14","3","1","15","4","1","2","0","0","0.75","0.7777777777777778","0.775","0.5"
"3","0.2","0.4","0","52","21","18","1","16","5","0","14","4","0","1","0","0","0.7777777777777778","0.7619047619047619","0.775","0.45"
"7","0.2","0.8","0","60","17","21","2","14","2","1","16","4","1","2","0","0","0.7619047619047619","0.8235294117647058","0.8","0.525"
"2","0.2","0.2","1","50","19","21","0","13","5","1","14","7","0","0","0","0","0.6666666666666666","0.6842105263157895","0.675","0.525"
"1","0.2","0.2","0","23","21","18","1","16","4","1","14","4","0","1","0","0","0.7777777777777778","0.7619047619047619","0.775","0.45"
"5","0.2","0.6","0","56","18","20","2","14","3","1","15","4","1","2","0","0","0.75","0.7777777777777778","0.775","0.5"
"7","0.2","0.8","0","61","17","21","2","14","2","1","16","4","1","2","0","0","0.7619047619047619","0.8235294117647058","0.8","0.525"
"3","0.2","0.4","0","53","21","18","1","16","5","0","14","4","0","1","0","0","0.7777777777777778","0.7619047619047619","0.775","0.45"
"5","0.2","0.6","0","57","18","20","2","14","3","1","15","4","1","2","0","0","0.75","0.7777777777777778","0.775","0.5"
"7","0.2","0.8","0","62","17","21","2","14","2","1","16","4","1","2","0","0","0.7619047619047619","0.8235294117647058","0.8","0.525"
"1","0.2","0.2","0","24","21","18","1","16","4","1","14","4","0","1","0","0","0.7777777777777778","0.7619047619047619","0.775","0.45"
"3","0.2","0.4","0","54","21","18","1","16","5","0","14","4","0","1","0","0","0.7777777777777778","0.7619047619047619","0.775","0.45"
"5","0.2","0.6","0","58","18","20","2","14","3","1","15","4","1","2","0","0","0.75","0.7777777777777778","0.775","0.5"
"7","0.2","0.8","0","63","17","21","2","14","2","1","16","4","1","2","0","0","0.7619047619047619","0.8235294117647058","0.8","0.525"
"5","0.2","0.6","0","59","18","20","2","14","3","1","15","4","1","2","0","0","0.75","0.7777777777777778","0.775","0.5"
"1","0.2","0.2","0","25","21","18","1","16","4","1","14","4","0","1","0","0","0.7777777777777778","0.7619047619047619","0.775","0.45"
"3","0.2","0.4","0","55","21","18","1","16","5","0","14","4","0","1","0","0","0.7777777777777778","0.7619047619047619","0.775","0.45"
"5","0.2","0.6","0","60","18","20","2","14","3","1","15","4","1","2","0","0","0.75","0.7777777777777778","0.775","0.5"
"3","0.2","0.4","0","56","21","18","1","16","5","0","14","4","0","1","0","0","0.7777777777777778","0.7619047619047619","0.775","0.45"
"7","0.2","0.8","0","64","17","21","2","14","2","1","16","4","1","2","0","0","0.7619047619047619","0.8235294117647058","0.8","0.525"
"7","0.2","0.8","0","65","17","21","2","14","2","1","16","4","1","2","0","0","0.7619047619047619","0.8235294117647058","0.8","0.525"
"1","0.2","0.2","0","26","21","18","1","15","4","2","14","4","0","1","0","0","0.7777777777777778","0.7142857142857143","0.75","0.45"
"3","0.2","0.4","0","57","21","18","1","16","5","0","14","4","0","1","0","0","0.7777777777777778","0.7619047619047619","0.775","0.45"
"5","0.2","0.6","0","61","18","20","2","13","4","1","15","5","0","2","0","0","0.75","0.7222222222222222","0.75","0.5"
"7","0.2","0.8","0","66","17","21","2","14","2","1","16","4","1","2","0","0","0.7619047619047619","0.8235294117647058","0.8","0.525"
"3","0.2","0.4","0","58","21","18","1","16","5","0","14","4","0","1","0","0","0.7777777777777778","0.7619047619047619","0.775","0.45"
"5","0.2","0.6","0","62","15","23","2","11","3","1","17","6","0","2","0","0","0.7391304347826086","0.7333333333333333","0.75","0.575"
"7","0.2","0.8","0","67","17","21","2","14","2","1","16","4","1","2","0","0","0.7619047619047619","0.8235294117647058","0.8","0.525"
"1","0.2","0.2","0","27","21","18","1","16","5","0","14","4","0","1","0","0","0.7777777777777778","0.7619047619047619","0.775","0.45"
"7","0.2","0.8","0","68","17","21","2","14","2","1","16","4","1","2","0","0","0.7619047619047619","0.8235294117647058","0.8","0.525"
"5","0.2","0.6","0","63","14","24","2","9","4","1","17","7","0","2","0","0","0.7083333333333334","0.6428571428571429","0.7","0.6"
"3","0.2","0.4","0","59","21","18","1","16","5","0","14","4","0","1","0","0","0.7777777777777778","0.7619047619047619","0.775","0.45"
"7","0.2","0.8","0","69","17","21","2","14","2","1","16","4","1","2","0","0","0.7619047619047619","0.8235294117647058","0.8","0.525"
"5","0.2","0.6","0","64","14","24","2","9","4","1","17","7","0","2","0","0","0.7083333333333334","0.6428571428571429","0.7","0.6"
"1","0.2","0.2","0","28","21","18","1","16","5","0","14","4","0","1","0","0","0.7777777777777778","0.7619047619047619","0.775","0.45"
"3","0.2","0.4","0","60","21","18","1","16","5","0","14","4","0","1","0","0","0.7777777777777778","0.7619047619047619","0.775","0.45"
"7","0.2","0.8","0","70","17","21","2","14","2","1","16","4","1","2","0","0","0.7619047619047619","0.8235294117647058","0.8","0.525"
"5","0.2","0.6","0","65","14","24","2","9","4","1","17","7","0","2","0","0","0.7083333333333334","0.6428571428571429","0.7","0.6"
"3","0.2","0.4","0","61","22","17","1","16","5","1","13","4","0","1","0","0","0.7647058823529411","0.7272727272727273","0.75","0.425"
"7","0.2","0.8","0","71","18","20","2","14","3","1","15","4","1","2","0","0","0.75","0.7777777777777778","0.775","0.5"
"7","0.2","0.8","0","72","18","20","2","14","3","1","15","4","1","2","0","0","0.75","0.7777777777777778","0.775","0.5"
"5","0.2","0.6","0","66","14","24","2","9","4","1","17","7","0","2","0","0","0.7083333333333334","0.6428571428571429","0.7","0.6"
"3","0.2","0.4","0","62","22","17","1","16","5","1","13","4","0","1","0","0","0.7647058823529411","0.7272727272727273","0.75","0.425"
"7","0.2","0.8","0","73","18","20","2","14","3","1","15","4","1","2","0","0","0.75","0.7777777777777778","0.775","0.5"
"1","0.2","0.2","0","29","21","18","1","16","5","0","14","4","0","1","0","0","0.7777777777777778","0.7619047619047619","0.775","0.45"
"5","0.2","0.6","0","67","14","24","2","9","4","1","17","7","0","2","0","0","0.7083333333333334","0.6428571428571429","0.7","0.6"
"7","0.2","0.8","0","74","18","20","2","14","3","1","15","4","1","2","0","0","0.75","0.7777777777777778","0.775","0.5"
"3","0.2","0.4","0","63","22","17","1","16","5","1","13","4","0","1","0","0","0.7647058823529411","0.7272727272727273","0.75","0.425"
"7","0.2","0.8","0","75","18","20","2","14","3","1","15","4","1","2","0","0","0.75","0.7777777777777778","0.775","0.5"
"1","0.2","0.2","0","30","21","18","1","16","5","0","14","4","0","1","0","0","0.7777777777777778","0.7619047619047619","0.775","0.45"
"5","0.2","0.6","0","68","14","24","2","9","4","1","17","7","0","2","0","0","0.7083333333333334","0.6428571428571429","0.7","0.6"
"7","0.2","0.8","0","76","18","20","2","14","3","1","15","4","1","2","0","0","0.75","0.7777777777777778","0.775","0.5"
"7","0.2","0.8","0","77","18","20","2","14","3","1","15","4","1","2","0","0","0.75","0.7777777777777778","0.775","0.5"
"5","0.2","0.6","0","69","14","24","2","9","4","1","17","7","0","2","0","0","0.7083333333333334","0.6428571428571429","0.7","0.6"
"3","0.2","0.4","0","64","22","17","1","16","5","1","13","4","0","1","0","0","0.7647058823529411","0.7272727272727273","0.75","0.425"
"7","0.2","0.8","0","78","18","20","2","14","3","1","15","4","1","2","0","0","0.75","0.7777777777777778","0.775","0.5"
"5","0.2","0.6","0","70","14","24","2","9","4","1","17","7","0","2","0","0","0.7083333333333334","0.6428571428571429","0.7","0.6"
"1","0.2","0.2","0","31","19","21","0","14","5","0","15","6","0","0","0","0","0.7142857142857143","0.7368421052631579","0.725","0.525"
"3","0.2","0.4","0","65","22","17","1","16","5","1","13","4","0","1","0","0","0.7647058823529411","0.7272727272727273","0.75","0.425"
"7","0.2","0.8","0","79","18","20","2","14","3","1","15","4","1","2","0","0","0.75","0.7777777777777778","0.775","0.5"
"5","0.2","0.6","0","71","13","25","2","9","3","1","18","7","0","2","0","0","0.72","0.6923076923076923","0.725","0.625"
"3","0.2","0.4","0","66","22","17","1","16","5","1","13","4","0","1","0","0","0.7647058823529411","0.7272727272727273","0.75","0.425"
"7","0.2","0.8","0","80","18","20","2","14","3","1","15","4","1","2","0","0","0.75","0.7777777777777778","0.775","0.5"
"1","0.2","0.2","0","32","19","21","0","14","5","0","15","6","0","0","0","0","0.7142857142857143","0.7368421052631579","0.725","0.525"
"5","0.2","0.6","0","72","8","30","2","6","1","1","23","7","0","2","0","0","0.7666666666666667","0.75","0.775","0.75"
"3","0.2","0.4","0","67","22","17","1","16","5","1","13","4","0","1","0","0","0.7647058823529411","0.7272727272727273","0.75","0.425"
"7","0.2","0.8","0","81","18","20","2","13","4","1","15","5","0","2","0","0","0.75","0.7222222222222222","0.75","0.5"
"3","0.2","0.4","0","68","22","17","1","16","5","1","13","4","0","1","0","0","0.7647058823529411","0.7272727272727273","0.75","0.425"
"5","0.2","0.6","0","73","7","31","2","5","1","1","23","8","0","2","0","0","0.7419354838709677","0.7142857142857143","0.75","0.775"
"7","0.2","0.8","0","82","15","23","2","11","3","1","17","6","0","2","0","0","0.7391304347826086","0.7333333333333333","0.75","0.575"
"1","0.2","0.2","0","33","19","21","0","14","5","0","15","6","0","0","0","0","0.7142857142857143","0.7368421052631579","0.725","0.525"
"5","0.2","0.6","0","74","7","31","2","5","1","1","23","8","0","2","0","0","0.7419354838709677","0.7142857142857143","0.75","0.775"
"3","0.2","0.4","0","69","22","17","1","16","5","1","13","4","0","1","0","0","0.7647058823529411","0.7272727272727273","0.75","0.425"
"7","0.2","0.8","0","83","14","24","2","9","4","1","17","7","0","2","0","0","0.7083333333333334","0.6428571428571429","0.7","0.6"
"7","0.2","0.8","0","84","14","24","2","9","4","1","17","7","0","2","0","0","0.7083333333333334","0.6428571428571429","0.7","0.6"
"5","0.2","0.6","0","75","7","31","2","5","1","1","23","8","0","2","0","0","0.7419354838709677","0.7142857142857143","0.75","0.775"
"3","0.2","0.4","0","70","22","17","1","16","5","1","13","4","0","1","0","0","0.7647058823529411","0.7272727272727273","0.75","0.425"
"1","0.2","0.2","0","34","19","21","0","14","5","0","15","6","0","0","0","0","0.7142857142857143","0.7368421052631579","0.725","0.525"
"7","0.2","0.8","0","85","14","24","2","9","4","1","17","7","0","2","0","0","0.7083333333333334","0.6428571428571429","0.7","0.6"
"5","0.2","0.6","0","76","7","31","2","5","1","1","23","8","0","2","0","0","0.7419354838709677","0.7142857142857143","0.75","0.775"
"7","0.2","0.8","0","86","14","24","2","9","4","1","17","7","0","2","0","0","0.7083333333333334","0.6428571428571429","0.7","0.6"
"3","0.2","0.4","0","71","19","21","0","13","5","1","15","6","0","0","0","0","0.7142857142857143","0.6842105263157895","0.7","0.525"
"5","0.2","0.6","0","77","7","31","2","5","1","1","23","8","0","2","0","0","0.7419354838709677","0.7142857142857143","0.75","0.775"
"1","0.2","0.2","0","35","19","21","0","14","5","0","14","6","1","0","0","0","0.6666666666666666","0.7368421052631579","0.7","0.525"
"7","0.2","0.8","0","87","14","24","2","9","4","1","17","7","0","2","0","0","0.7083333333333334","0.6428571428571429","0.7","0.6"
"3","0.2","0.4","0","72","19","21","0","13","5","1","15","6","0","0","0","0","0.7142857142857143","0.6842105263157895","0.7","0.525"
"5","0.2","0.6","0","78","7","31","2","5","1","1","23","8","0","2","0","0","0.7419354838709677","0.7142857142857143","0.75","0.775"
"7","0.2","0.8","0","88","14","24","2","9","4","1","17","7","0","2","0","0","0.7083333333333334","0.6428571428571429","0.7","0.6"
"5","0.2","0.6","0","79","7","31","2","5","1","1","23","8","0","2","0","0","0.7419354838709677","0.7142857142857143","0.75","0.775"
"3","0.2","0.4","0","73","19","21","0","13","5","1","15","6","0","0","0","0","0.7142857142857143","0.6842105263157895","0.7","0.525"
"1","0.2","0.2","0","36","19","21","0","14","5","0","14","7","0","0","0","0","0.6666666666666666","0.7368421052631579","0.7","0.525"
"7","0.2","0.8","0","89","14","24","2","9","4","1","17","7","0","2","0","0","0.7083333333333334","0.6428571428571429","0.7","0.6"
"3","0.2","0.4","0","74","19","21","0","13","5","1","15","6","0","0","0","0","0.7142857142857143","0.6842105263157895","0.7","0.525"
"5","0.2","0.6","0","80","7","31","2","5","1","1","23","8","0","2","0","0","0.7419354838709677","0.7142857142857143","0.75","0.775"
"7","0.2","0.8","0","90","14","24","2","9","4","1","17","7","0","2","0","0","0.7083333333333334","0.6428571428571429","0.7","0.6"
"3","0.2","0.4","0","75","19","21","0","13","5","1","14","6","1","0","0","0","0.6666666666666666","0.6842105263157895","0.675","0.525"
"1","0.2","0.2","0","37","19","21","0","14","5","0","14","7","0","0","0","0","0.6666666666666666","0.7368421052631579","0.7","0.525"
"7","0.2","0.8","0","91","14","24","2","9","4","1","17","7","0","2","0","0","0.7083333333333334","0.6428571428571429","0.7","0.6"
"5","0.2","0.6","0","81","6","33","1","5","1","0","24","9","0","1","0","0","0.7272727272727273","0.8333333333333334","0.75","0.825"
"3","0.2","0.4","0","76","19","21","0","13","5","1","14","7","0","0","0","0","0.6666666666666666","0.6842105263157895","0.675","0.525"
"7","0.2","0.8","0","92","14","24","2","9","4","1","17","7","0","2","0","0","0.7083333333333334","0.6428571428571429","0.7","0.6"
"1","0.2","0.2","0","38","19","21","0","14","5","0","14","7","0","0","0","0","0.6666666666666666","0.7368421052631579","0.7","0.525"
"5","0.2","0.6","0","82","5","34","1","4","1","0","25","9","0","1","0","0","0.7352941176470589","0.8","0.75","0.85"
"7","0.2","0.8","0","93","14","24","2","9","4","1","17","7","0","2","0","0","0.7083333333333334","0.6428571428571429","0.7","0.6"
"3","0.2","0.4","0","77","19","21","0","13","5","1","14","7","0","0","0","0","0.6666666666666666","0.6842105263157895","0.675","0.525"
"7","0.2","0.8","0","94","14","24","2","9","4","1","17","7","0","2","0","0","0.7083333333333334","0.6428571428571429","0.7","0.6"
"3","0.2","0.4","0","78","19","21","0","13","5","1","14","7","0","0","0","0","0.6666666666666666","0.6842105263157895","0.675","0.525"
"1","0.2","0.2","0","39","19","21","0","14","5","0","14","7","0","0","0","0","0.6666666666666666","0.7368421052631579","0.7","0.525"
"7","0.2","0.8","0","95","14","24","2","9","4","1","17","7","0","2","0","0","0.7083333333333334","0.6428571428571429","0.7","0.6"
"3","0.2","0.4","0","79","19","21","0","13","5","1","14","7","0","0","0","0","0.6666666666666666","0.6842105263157895","0.675","0.525"
"5","0.2","0.6","0","83","5","34","1","4","1","0","25","9","0","1","0","0","0.7352941176470589","0.8","0.75","0.85"
"1","0.2","0.2","0","40","19","21","0","14","5","0","14","7","0","0","0","0","0.6666666666666666","0.7368421052631579","0.7","0.525"
"7","0.2","0.8","0","96","14","24","2","9","4","1","17","7","0","2","0","0","0.7083333333333334","0.6428571428571429","0.7","0.6"
"3","0.2","0.4","0","80","19","21","0","13","5","1","14","7","0","0","0","0","0.6666666666666666","0.6842105263157895","0.675","0.525"
"5","0.2","0.6","0","84","5","34","1","4","1","0","25","9","0","1","0","0","0.7352941176470589","0.8","0.75","0.85"
"7","0.2","0.8","0","97","14","24","2","9","4","1","17","7","0","2","0","0","0.7083333333333334","0.6428571428571429","0.7","0.6"
"1","0.2","0.2","0","41","19","21","0","14","5","0","14","7","0","0","0","0","0.6666666666666666","0.7368421052631579","0.7","0.525"
"3","0.2","0.4","0","81","19","21","0","13","5","1","14","7","0","0","0","0","0.6666666666666666","0.6842105263157895","0.675","0.525"
"5","0.2","0.6","0","85","5","34","1","4","1","0","25","9","0","1","0","0","0.7352941176470589","0.8","0.75","0.85"
"7","0.2","0.8","0","98","14","24","2","9","4","1","17","7","0","2","0","0","0.7083333333333334","0.6428571428571429","0.7","0.6"
"5","0.2","0.6","0","86","5","34","1","4","1","0","25","9","0","1","0","0","0.7352941176470589","0.8","0.75","0.85"
"3","0.2","0.4","0","82","19","21","0","13","5","1","14","6","1","0","0","0","0.6666666666666666","0.6842105263157895","0.675","0.525"
"1","0.2","0.2","0","42","19","21","0","13","5","1","14","7","0","0","0","0","0.6666666666666666","0.6842105263157895","0.675","0.525"
"7","0.2","0.8","0","99","14","24","2","9","4","1","17","7","0","2","0","0","0.7083333333333334","0.6428571428571429","0.7","0.6"
"5","0.2","0.6","0","87","5","34","1","4","1","0","25","9","0","1","0","0","0.7352941176470589","0.8","0.75","0.85"
"1","0.2","0.2","0","43","19","21","0","13","5","1","14","7","0","0","0","0","0.6666666666666666","0.6842105263157895","0.675","0.525"
"7","0.2","0.8","0","100","14","24","2","9","4","1","17","7","0","2","0","0","0.7083333333333334","0.6428571428571429","0.7","0.6"
"5","0.2","0.6","0","88","5","34","1","4","1","0","25","9","0","1","0","0","0.7352941176470589","0.8","0.75","0.85"
"3","0.2","0.4","0","83","19","21","0","13","5","1","15","6","0","0","0","0","0.7142857142857143","0.6842105263157895","0.7","0.525"
"5","0.2","0.6","0","89","5","34","1","4","1","0","25","9","0","1","0","0","0.7352941176470589","0.8","0.75","0.85"
"1","0.2","0.2","0","44","19","21","0","13","5","1","14","7","0","0","0","0","0.6666666666666666","0.6842105263157895","0.675","0.525"
"3","0.2","0.4","0","84","19","21","0","13","5","1","15","6","0","0","0","0","0.7142857142857143","0.6842105263157895","0.7","0.525"
"5","0.2","0.6","0","90","5","34","1","4","1","0","25","9","0","1","0","0","0.7352941176470589","0.8","0.75","0.85"
"3","0.2","0.4","0","85","19","21","0","13","5","1","15","6","0","0","0","0","0.7142857142857143","0.6842105263157895","0.7","0.525"
"1","0.2","0.2","0","45","19","21","0","13","5","1","14","7","0","0","0","0","0.6666666666666666","0.6842105263157895","0.675","0.525"
"3","0.2","0.4","0","86","19","21","0","13","5","1","15","6","0","0","0","0","0.7142857142857143","0.6842105263157895","0.7","0.525"
"5","0.2","0.6","0","91","6","33","1","4","2","0","24","9","0","1","0","0","0.7272727272727273","0.6666666666666666","0.725","0.825"
"3","0.2","0.4","0","87","19","21","0","13","5","1","15","6","0","0","0","0","0.7142857142857143","0.6842105263157895","0.7","0.525"
"6","0.2","0.6","1","51","14","24","2","3","9","2","19","5","0","2","0","0","0.7916666666666666","0.21428571428571427","0.6","0.6"
"5","0.2","0.6","0","92","4","35","1","4","0","0","26","9","0","1","0","0","0.7428571428571429","1","0.775","0.875"
"9","0.2","1","0","0","0","0","0","0","0","0","0","0","0","0","0","0","0","0","0","0"
"1","0.2","0.2","0","46","19","21","0","13","5","1","14","7","0","0","0","0","0.6666666666666666","0.6842105263157895","0.675","0.525"
"3","0.2","0.4","0","88","19","21","0","13","5","1","15","6","0","0","0","0","0.7142857142857143","0.6842105263157895","0.7","0.525"
"5","0.2","0.6","0","93","4","35","1","4","0","0","26","9","0","1","0","0","0.7428571428571429","1","0.775","0.875"
"6","0.2","0.6","1","52","14","24","2","2","11","1","20","4","0","2","0","0","0.8333333333333334","0.14285714285714285","0.6","0.6"
"3","0.2","0.4","0","89","19","21","0","13","5","1","15","6","0","0","0","0","0.7142857142857143","0.6842105263157895","0.7","0.525"
"9","0.2","1","0","1","16","20","4","11","5","0","15","4","1","4","0","0","0.75","0.6875","0.75","0.5"
"5","0.2","0.6","0","94","4","35","1","4","0","0","26","9","0","1","0","0","0.7428571428571429","1","0.775","0.875"
"1","0.2","0.2","0","47","19","21","0","13","5","1","14","7","0","0","0","0","0.6666666666666666","0.6842105263157895","0.675","0.525"
"6","0.2","0.6","1","53","14","24","2","2","11","1","20","4","0","2","0","0","0.8333333333333334","0.14285714285714285","0.6","0.6"
"9","0.2","1","0","2","17","21","2","13","3","1","15","5","1","2","0","0","0.7142857142857143","0.7647058823529411","0.75","0.525"
"5","0.2","0.6","0","95","4","35","1","4","0","0","26","9","0","1","0","0","0.7428571428571429","1","0.775","0.875"
"3","0.2","0.4","0","90","19","21","0","13","5","1","15","6","0","0","0","0","0.7142857142857143","0.6842105263157895","0.7","0.525"
"6","0.2","0.6","1","54","14","24","2","2","11","1","20","4","0","2","0","0","0.8333333333333334","0.14285714285714285","0.6","0.6"
"9","0.2","1","0","3","17","21","2","14","3","0","15","5","1","2","0","0","0.7142857142857143","0.8235294117647058","0.775","0.525"
"5","0.2","0.6","0","96","4","35","1","4","0","0","26","9","0","1","0","0","0.7428571428571429","1","0.775","0.875"
"1","0.2","0.2","0","48","19","21","0","13","5","1","14","7","0","0","0","0","0.6666666666666666","0.6842105263157895","0.675","0.525"
"3","0.2","0.4","0","91","19","21","0","13","5","1","15","6","0","0","0","0","0.7142857142857143","0.6842105263157895","0.7","0.525"
"6","0.2","0.6","1","55","14","24","2","2","11","1","20","4","0","2","0","0","0.8333333333333334","0.14285714285714285","0.6","0.6"
"4","0.2","0.4","1","51","12","26","2","3","9","0","18","8","0","2","0","0","0.6923076923076923","0.25","0.575","0.65"
"5","0.2","0.6","0","97","4","35","1","4","0","0","26","9","0","1","0","0","0.7428571428571429","1","0.775","0.875"
"8","0.2","0.8","1","51","13","25","2","2","10","1","20","4","1","2","0","0","0.8","0.15384615384615385","0.6","0.625"
"3","0.2","0.4","0","92","19","21","0","13","5","1","15","6","0","0","0","0","0.7142857142857143","0.6842105263157895","0.7","0.525"
"6","0.2","0.6","1","56","14","24","2","2","11","1","20","4","0","2","0","0","0.8333333333333334","0.14285714285714285","0.6","0.6"
"1","0.2","0.2","0","49","19","21","0","13","5","1","14","7","0","0","0","0","0.6666666666666666","0.6842105263157895","0.675","0.525"
"2","0.2","0.2","1","51","13","27","0","3","10","0","19","6","2","0","0","0","0.7037037037037037","0.23076923076923078","0.55","0.675"
"4","0.2","0.4","1","52","12","26","2","3","9","0","18","8","0","2","0","0","0.6923076923076923","0.25","0.575","0.65"
"9","0.2","1","0","4","17","21","2","14","3","0","15","5","1","2","0","0","0.7142857142857143","0.8235294117647058","0.775","0.525"
"5","0.2","0.6","0","98","4","35","1","4","0","0","26","9","0","1","0","0","0.7428571428571429","1","0.775","0.875"
"8","0.2","0.8","1","52","13","25","2","2","11","0","20","4","1","2","0","0","0.8","0.15384615384615385","0.6","0.625"
"3","0.2","0.4","0","93","19","21","0","13","5","1","15","6","0","0","0","0","0.7142857142857143","0.6842105263157895","0.7","0.525"
"9","0.2","1","0","5","17","21","2","14","3","0","15","5","1","2","0","0","0.7142857142857143","0.8235294117647058","0.775","0.525"
"6","0.2","0.6","1","57","14","24","2","2","11","1","20","4","0","2","0","0","0.8333333333333334","0.14285714285714285","0.6","0.6"
"5","0.2","0.6","0","99","4","35","1","4","0","0","26","9","0","1","0","0","0.7428571428571429","1","0.775","0.875"
"4","0.2","0.4","1","53","12","26","2","3","9","0","18","8","0","2","0","0","0.6923076923076923","0.25","0.575","0.65"
"2","0.2","0.2","1","52","11","29","0","3","8","0","20","8","1","0","0","0","0.6896551724137931","0.2727272727272727","0.575","0.725"
"1","0.2","0.2","0","50","19","21","0","13","5","1","14","7","0","0","0","0","0.6666666666666666","0.6842105263157895","0.675","0.525"
"3","0.2","0.4","0","94","19","21","0","13","5","1","15","6","0","0","0","0","0.7142857142857143","0.6842105263157895","0.7","0.525"
"8","0.2","0.8","1","53","13","25","2","2","11","0","20","4","1","2","0","0","0.8","0.15384615384615385","0.6","0.625"
"9","0.2","1","0","6","17","21","2","14","3","0","15","5","1","2","0","0","0.7142857142857143","0.8235294117647058","0.775","0.525"
"6","0.2","0.6","1","58","14","24","2","2","11","1","20","4","0","2","0","0","0.8333333333333334","0.14285714285714285","0.6","0.6"
"5","0.2","0.6","0","100","4","35","1","4","0","0","26","9","0","1","0","0","0.7428571428571429","1","0.775","0.875"
"2","0.2","0.2","1","53","11","29","0","3","8","0","20","7","2","0","0","0","0.6896551724137931","0.2727272727272727","0.575","0.725"
"4","0.2","0.4","1","54","12","26","2","3","9","0","18","8","0","2","0","0","0.6923076923076923","0.25","0.575","0.65"
"3","0.2","0.4","0","95","19","21","0","13","5","1","15","6","0","0","0","0","0.7142857142857143","0.6842105263157895","0.7","0.525"
"8","0.2","0.8","1","54","13","25","2","2","11","0","20","4","1","2","0","0","0.8","0.15384615384615385","0.6","0.625"
"1","0.2","0.2","0","51","19","21","0","13","5","1","14","7","0","0","0","0","0.6666666666666666","0.6842105263157895","0.675","0.525"
"9","0.2","1","0","7","17","21","2","14","3","0","15","5","1","2","0","0","0.7142857142857143","0.8235294117647058","0.775","0.525"
"6","0.2","0.6","1","59","14","24","2","2","11","1","20","4","0","2","0","0","0.8333333333333334","0.14285714285714285","0.6","0.6"
"2","0.2","0.2","1","54","11","29","0","3","8","0","20","7","2","0","0","0","0.6896551724137931","0.2727272727272727","0.575","0.725"
"4","0.2","0.4","1","55","12","26","2","3","9","0","18","8","0","2","0","0","0.6923076923076923","0.25","0.575","0.65"
"8","0.2","0.8","1","55","13","25","2","2","11","0","20","4","1","2","0","0","0.8","0.15384615384615385","0.6","0.625"
"3","0.2","0.4","0","96","19","21","0","13","5","1","15","6","0","0","0","0","0.7142857142857143","0.6842105263157895","0.7","0.525"
"9","0.2","1","0","8","17","21","2","14","3","0","15","5","1","2","0","0","0.7142857142857143","0.8235294117647058","0.775","0.525"
"1","0.2","0.2","0","52","19","21","0","13","5","1","14","7","0","0","0","0","0.6666666666666666","0.6842105263157895","0.675","0.525"
"6","0.2","0.6","1","60","14","24","2","2","11","1","20","4","0","2","0","0","0.8333333333333334","0.14285714285714285","0.6","0.6"
"2","0.2","0.2","1","55","11","29","0","3","8","0","20","7","2","0","0","0","0.6896551724137931","0.2727272727272727","0.575","0.725"
"8","0.2","0.8","1","56","13","25","2","2","11","0","20","4","1","2","0","0","0.8","0.15384615384615385","0.6","0.625"
"4","0.2","0.4","1","56","12","26","2","3","9","0","17","8","1","2","0","0","0.6538461538461539","0.25","0.55","0.65"
"3","0.2","0.4","0","97","19","21","0","13","5","1","15","6","0","0","0","0","0.7142857142857143","0.6842105263157895","0.7","0.525"
"9","0.2","1","0","9","17","21","2","13","3","1","15","5","1","2","0","0","0.7142857142857143","0.7647058823529411","0.75","0.525"
"6","0.2","0.6","1","61","14","24","2","2","11","1","20","4","0","2","0","0","0.8333333333333334","0.14285714285714285","0.6","0.6"
"2","0.2","0.2","1","56","12","28","0","3","9","0","19","8","1","0","0","0","0.6785714285714286","0.25","0.55","0.7"
"1","0.2","0.2","0","53","19","21","0","13","5","1","14","7","0","0","0","0","0.6666666666666666","0.6842105263157895","0.675","0.525"
"3","0.2","0.4","0","98","19","21","0","13","5","1","15","6","0","0","0","0","0.7142857142857143","0.6842105263157895","0.7","0.525"
"4","0.2","0.4","1","57","12","26","2","3","9","0","17","8","1","2","0","0","0.6538461538461539","0.25","0.55","0.65"
"8","0.2","0.8","1","57","13","25","2","2","11","0","20","4","1","2","0","0","0.8","0.15384615384615385","0.6","0.625"
"9","0.2","1","0","10","17","21","2","13","3","1","15","5","1","2","0","0","0.7142857142857143","0.7647058823529411","0.75","0.525"
"6","0.2","0.6","1","62","14","24","2","2","11","1","20","4","0","2","0","0","0.8333333333333334","0.14285714285714285","0.6","0.6"
"2","0.2","0.2","1","57","13","27","0","3","10","0","19","7","1","0","0","0","0.7037037037037037","0.23076923076923078","0.55","0.675"
"4","0.2","0.4","1","58","12","26","2","3","9","0","17","8","1","2","0","0","0.6538461538461539","0.25","0.55","0.65"
"3","0.2","0.4","0","99","19","21","0","13","5","1","15","6","0","0","0","0","0.7142857142857143","0.6842105263157895","0.7","0.525"
"9","0.2","1","0","11","17","21","2","13","3","1","15","5","1","2","0","0","0.7142857142857143","0.7647058823529411","0.75","0.525"
"10","0.2","1","1","0","0","0","0","0","0","0","0","0","0","0","0","0","0","0","0","0"
"8","0.2","0.8","1","58","13","25","2","2","11","0","20","4","1","2","0","0","0.8","0.15384615384615385","0.6","0.625"
"6","0.2","0.6","1","63","14","24","2","2","11","1","20","4","0","2","0","0","0.8333333333333334","0.14285714285714285","0.6","0.6"
"1","0.2","0.2","0","54","19","21","0","13","5","1","14","7","0","0","0","0","0.6666666666666666","0.6842105263157895","0.675","0.525"
"2","0.2","0.2","1","58","13","27","0","3","10","0","19","7","1","0","0","0","0.7037037037037037","0.23076923076923078","0.55","0.675"
"9","0.2","1","0","12","17","21","2","13","3","1","15","5","1","2","0","0","0.7142857142857143","0.7647058823529411","0.75","0.525"
"3","0.2","0.4","0","100","19","21","0","13","5","1","15","6","0","0","0","0","0.7142857142857143","0.6842105263157895","0.7","0.525"
"4","0.2","0.4","1","59","12","26","2","3","9","0","17","9","0","2","0","0","0.6538461538461539","0.25","0.55","0.65"
"6","0.2","0.6","1","64","14","24","2","2","11","1","20","4","0","2","0","0","0.8333333333333334","0.14285714285714285","0.6","0.6"
"2","0.2","0.2","1","59","13","27","0","3","10","0","19","7","1","0","0","0","0.7037037037037037","0.23076923076923078","0.55","0.675"
"8","0.2","0.8","1","59","13","25","2","2","11","0","20","4","1","2","0","0","0.8","0.15384615384615385","0.6","0.625"
"10","0.2","1","1","1","16","20","4","11","5","0","15","4","1","4","0","0","0.75","0.6875","0.75","0.5"
"9","0.2","1","0","13","17","21","2","13","3","1","15","5","1","2","0","0","0.7142857142857143","0.7647058823529411","0.75","0.525"
"2","0.2","0.2","1","60","13","27","0","3","10","0","19","7","1","0","0","0","0.7037037037037037","0.23076923076923078","0.55","0.675"
"6","0.2","0.6","1","65","14","24","2","2","11","1","20","4","0","2","0","0","0.8333333333333334","0.14285714285714285","0.6","0.6"
"8","0.2","0.8","1","60","13","25","2","2","11","0","20","4","1","2","0","0","0.8","0.15384615384615385","0.6","0.625"
"10","0.2","1","1","2","17","21","2","13","3","1","15","5","1","2","0","0","0.7142857142857143","0.7647058823529411","0.75","0.525"
"4","0.2","0.4","1","60","12","26","2","3","9","0","17","9","0","2","0","0","0.6538461538461539","0.25","0.55","0.65"
"1","0.2","0.2","0","55","19","21","0","13","5","1","14","7","0","0","0","0","0.6666666666666666","0.6842105263157895","0.675","0.525"
"8","0.2","0.8","1","61","13","25","2","2","11","0","20","4","1","2","0","0","0.8","0.15384615384615385","0.6","0.625"
"2","0.2","0.2","1","61","7","33","0","1","6","0","21","11","1","0","0","0","0.6363636363636364","0.14285714285714285","0.55","0.825"
"6","0.2","0.6","1","66","14","24","2","2","11","1","20","4","0","2","0","0","0.8333333333333334","0.14285714285714285","0.6","0.6"
"10","0.2","1","1","3","17","21","2","14","3","0","15","5","1","2","0","0","0.7142857142857143","0.8235294117647058","0.775","0.525"
"4","0.2","0.4","1","61","12","26","2","3","9","0","17","9","0","2","0","0","0.6538461538461539","0.25","0.55","0.65"
"9","0.2","1","0","14","17","21","2","13","4","0","15","5","1","2","0","0","0.7142857142857143","0.7647058823529411","0.75","0.525"
"8","0.2","0.8","1","62","13","25","2","2","11","0","20","4","1","2","0","0","0.8","0.15384615384615385","0.6","0.625"
"6","0.2","0.6","1","67","14","24","2","2","11","1","20","4","0","2","0","0","0.8333333333333334","0.14285714285714285","0.6","0.6"
"2","0.2","0.2","1","62","6","34","0","0","6","0","21","12","1","0","0","0","0.6176470588235294","0","0.525","0.85"
"4","0.2","0.4","1","62","12","26","2","3","9","0","17","9","0","2","0","0","0.6538461538461539","0.25","0.55","0.65"
"10","0.2","1","1","4","17","21","2","14","3","0","15","5","1","2","0","0","0.7142857142857143","0.8235294117647058","0.775","0.525"
"1","0.2","0.2","0","56","19","21","0","13","5","1","14","7","0","0","0","0","0.6666666666666666","0.6842105263157895","0.675","0.525"
"9","0.2","1","0","15","17","21","2","13","4","0","15","5","1","2","0","0","0.7142857142857143","0.7647058823529411","0.75","0.525"
"8","0.2","0.8","1","63","13","25","2","2","11","0","20","4","1","2","0","0","0.8","0.15384615384615385","0.6","0.625"
"6","0.2","0.6","1","68","14","24","2","2","11","1","20","4","0","2","0","0","0.8333333333333334","0.14285714285714285","0.6","0.6"
"10","0.2","1","1","5","17","21","2","14","3","0","15","5","1","2","0","0","0.7142857142857143","0.8235294117647058","0.775","0.525"
"4","0.2","0.4","1","63","12","26","2","3","9","0","17","9","0","2","0","0","0.6538461538461539","0.25","0.55","0.65"
"1","0.2","0.2","0","57","19","21","0","13","5","1","14","7","0","0","0","0","0.6666666666666666","0.6842105263157895","0.675","0.525"
"2","0.2","0.2","1","63","6","34","0","0","6","0","21","12","1","0","0","0","0.6176470588235294","0","0.525","0.85"
"11","0.4","0.2","0","0","0","0","0","0","0","0","0","0","0","0","0","0","0","0","0","0"
"9","0.2","1","0","16","17","21","2","13","3","1","15","5","1","2","0","0","0.7142857142857143","0.7647058823529411","0.75","0.525"
"8","0.2","0.8","1","64","13","25","2","2","11","0","20","4","1","2","0","0","0.8","0.15384615384615385","0.6","0.625"
"6","0.2","0.6","1","69","14","24","2","2","11","1","20","4","0","2","0","0","0.8333333333333334","0.14285714285714285","0.6","0.6"
"10","0.2","1","1","6","17","21","2","14","3","0","15","5","1","2","0","0","0.7142857142857143","0.8235294117647058","0.775","0.525"
"4","0.2","0.4","1","64","12","26","2","3","9","0","17","9","0","2","0","0","0.6538461538461539","0.25","0.55","0.65"
"8","0.2","0.8","1","65","13","25","2","2","11","0","20","4","1","2","0","0","0.8","0.15384615384615385","0.6","0.625"
"2","0.2","0.2","1","64","6","34","0","0","6","0","21","12","1","0","0","0","0.6176470588235294","0","0.525","0.85"
"9","0.2","1","0","17","17","21","2","13","3","1","15","5","1","2","0","0","0.7142857142857143","0.7647058823529411","0.75","0.525"
"10","0.2","1","1","7","17","21","2","14","3","0","15","5","1","2","0","0","0.7142857142857143","0.8235294117647058","0.775","0.525"
"11","0.4","0.2","0","1","16","20","4","11","5","0","15","4","1","4","0","0","0.75","0.6875","0.75","0.5"
"6","0.2","0.6","1","70","14","24","2","2","11","1","20","4","0","2","0","0","0.8333333333333334","0.14285714285714285","0.6","0.6"
"1","0.2","0.2","0","58","19","21","0","13","5","1","14","7","0","0","0","0","0.6666666666666666","0.6842105263157895","0.675","0.525"
"8","0.2","0.8","1","66","13","25","2","2","11","0","20","4","1","2","0","0","0.8","0.15384615384615385","0.6","0.625"
"4","0.2","0.4","1","65","12","26","2","3","9","0","17","9","0","2","0","0","0.6538461538461539","0.25","0.55","0.65"
"2","0.2","0.2","1","65","6","34","0","0","6","0","21","12","1","0","0","0","0.6176470588235294","0","0.525","0.85"
"11","0.4","0.2","0","2","18","21","1","14","3","1","14","6","1","1","0","0","0.6666666666666666","0.7777777777777778","0.725","0.525"
"10","0.2","1","1","8","17","21","2","14","3","0","15","5","1","2","0","0","0.7142857142857143","0.8235294117647058","0.775","0.525"
"6","0.2","0.6","1","71","14","24","2","2","11","1","20","4","0","2","0","0","0.8333333333333334","0.14285714285714285","0.6","0.6"
"8","0.2","0.8","1","67","13","25","2","2","11","0","20","4","1","2","0","0","0.8","0.15384615384615385","0.6","0.625"
"9","0.2","1","0","18","17","21","2","13","3","1","15","5","1","2","0","0","0.7142857142857143","0.7647058823529411","0.75","0.525"
"11","0.4","0.2","0","3","17","22","1","13","3","1","14","7","1","1","0","0","0.6363636363636364","0.7647058823529411","0.7","0.55"
"4","0.2","0.4","1","66","12","26","2","3","9","0","17","9","0","2","0","0","0.6538461538461539","0.25","0.55","0.65"
"2","0.2","0.2","1","66","6","34","0","0","6","0","21","12","1","0","0","0","0.6176470588235294","0","0.525","0.85"
"10","0.2","1","1","9","17","21","2","13","3","1","15","5","1","2","0","0","0.7142857142857143","0.7647058823529411","0.75","0.525"
"1","0.2","0.2","0","59","19","21","0","13","5","1","14","7","0","0","0","0","0.6666666666666666","0.6842105263157895","0.675","0.525"
"2","0.2","0.2","1","67","6","34","0","0","6","0","21","12","1","0","0","0","0.6176470588235294","0","0.525","0.85"
"4","0.2","0.4","1","67","12","26","2","3","9","0","17","9","0","2","0","0","0.6538461538461539","0.25","0.55","0.65"
"6","0.2","0.6","1","72","14","24","2","2","11","1","20","4","0","2","0","0","0.8333333333333334","0.14285714285714285","0.6","0.6"
"9","0.2","1","0","19","17","21","2","13","3","1","15","5","1","2","0","0","0.7142857142857143","0.7647058823529411","0.75","0.525"
"10","0.2","1","1","10","17","21","2","13","3","1","15","5","1","2","0","0","0.7142857142857143","0.7647058823529411","0.75","0.525"
"11","0.4","0.2","0","4","17","22","1","13","3","1","14","7","1","1","0","0","0.6363636363636364","0.7647058823529411","0.7","0.55"
"8","0.2","0.8","1","68","13","25","2","2","11","0","20","4","1","2","0","0","0.8","0.15384615384615385","0.6","0.625"
"6","0.2","0.6","1","73","14","24","2","2","11","1","20","4","0","2","0","0","0.8333333333333334","0.14285714285714285","0.6","0.6"
"11","0.4","0.2","0","5","17","22","1","13","3","1","14","7","1","1","0","0","0.6363636363636364","0.7647058823529411","0.7","0.55"
"2","0.2","0.2","1","68","6","34","0","0","6","0","21","12","1","0","0","0","0.6176470588235294","0","0.525","0.85"
"4","0.2","0.4","1","68","12","26","2","3","9","0","17","9","0","2","0","0","0.6538461538461539","0.25","0.55","0.65"
"10","0.2","1","1","11","17","21","2","13","3","1","15","5","1","2","0","0","0.7142857142857143","0.7647058823529411","0.75","0.525"
"9","0.2","1","0","20","17","21","2","13","3","1","15","5","1","2","0","0","0.7142857142857143","0.7647058823529411","0.75","0.525"
"1","0.2","0.2","0","60","19","21","0","13","5","1","14","7","0","0","0","0","0.6666666666666666","0.6842105263157895","0.675","0.525"
"6","0.2","0.6","1","74","14","24","2","2","11","1","20","4","0","2","0","0","0.8333333333333334","0.14285714285714285","0.6","0.6"
"11","0.4","0.2","0","6","17","22","1","13","3","1","14","7","1","1","0","0","0.6363636363636364","0.7647058823529411","0.7","0.55"
"2","0.2","0.2","1","69","6","34","0","0","6","0","21","12","1","0","0","0","0.6176470588235294","0","0.525","0.85"
"9","0.2","1","0","21","17","21","2","13","3","1","15","5","1","2","0","0","0.7142857142857143","0.7647058823529411","0.75","0.525"
"8","0.2","0.8","1","69","13","25","2","2","11","0","20","4","1","2","0","0","0.8","0.15384615384615385","0.6","0.625"
"4","0.2","0.4","1","69","12","26","2","3","9","0","17","9","0","2","0","0","0.6538461538461539","0.25","0.55","0.65"
"10","0.2","1","1","12","17","21","2","13","3","1","15","5","1","2","0","0","0.7142857142857143","0.7647058823529411","0.75","0.525"
"6","0.2","0.6","1","75","14","24","2","2","11","1","20","4","0","2","0","0","0.8333333333333334","0.14285714285714285","0.6","0.6"
"11","0.4","0.2","0","7","17","22","1","13","3","1","14","7","1","1","0","0","0.6363636363636364","0.7647058823529411","0.7","0.55"
"8","0.2","0.8","1","70","13","25","2","2","11","0","20","4","1","2","0","0","0.8","0.15384615384615385","0.6","0.625"
"2","0.2","0.2","1","70","6","34","0","0","6","0","21","12","1","0","0","0","0.6176470588235294","0","0.525","0.85"
"9","0.2","1","0","22","17","21","2","13","3","1","15","5","1","2","0","0","0.7142857142857143","0.7647058823529411","0.75","0.525"
"1","0.2","0.2","0","61","19","21","0","13","5","1","14","7","0","0","0","0","0.6666666666666666","0.6842105263157895","0.675","0.525"
"11","0.4","0.2","0","8","17","22","1","13","3","1","14","7","1","1","0","0","0.6363636363636364","0.7647058823529411","0.7","0.55"
"4","0.2","0.4","1","70","12","26","2","3","9","0","17","9","0","2","0","0","0.6538461538461539","0.25","0.55","0.65"
"6","0.2","0.6","1","76","14","24","2","2","11","1","20","4","0","2","0","0","0.8333333333333334","0.14285714285714285","0.6","0.6"
"10","0.2","1","1","13","17","21","2","13","3","1","15","5","1","2","0","0","0.7142857142857143","0.7647058823529411","0.75","0.525"
"8","0.2","0.8","1","71","13","25","2","2","11","0","20","4","1","2","0","0","0.8","0.15384615384615385","0.6","0.625"
"2","0.2","0.2","1","71","2","38","0","0","2","0","25","12","1","0","0","0","0.6578947368421053","0","0.625","0.95"
"9","0.2","1","0","23","17","21","2","13","3","1","15","5","1","2","0","0","0.7142857142857143","0.7647058823529411","0.75","0.525"
"11","0.4","0.2","0","9","17","22","1","13","3","1","14","7","1","1","0","0","0.6363636363636364","0.7647058823529411","0.7","0.55"
"6","0.2","0.6","1","77","14","24","2","2","11","1","20","4","0","2","0","0","0.8333333333333334","0.14285714285714285","0.6","0.6"
"1","0.2","0.2","0","62","19","21","0","13","5","1","14","7","0","0","0","0","0.6666666666666666","0.6842105263157895","0.675","0.525"
"8","0.2","0.8","1","72","13","25","2","2","11","0","20","4","1","2","0","0","0.8","0.15384615384615385","0.6","0.625"
"10","0.2","1","1","14","17","21","2","13","4","0","15","5","1","2","0","0","0.7142857142857143","0.7647058823529411","0.75","0.525"
"11","0.4","0.2","0","10","17","22","1","13","3","1","14","7","1","1","0","0","0.6363636363636364","0.7647058823529411","0.7","0.55"
"4","0.2","0.4","1","71","11","27","2","3","8","0","17","10","0","2","0","0","0.6296296296296297","0.2727272727272727","0.55","0.675"
"9","0.2","1","0","24","16","22","2","13","2","1","16","5","1","2","0","0","0.7272727272727273","0.8125","0.775","0.55"
"2","0.2","0.2","1","72","1","39","0","0","1","0","26","12","1","0","0","0","0.6666666666666666","0","0.65","0.975"
"6","0.2","0.6","1","78","14","24","2","2","11","1","20","4","0","2","0","0","0.8333333333333334","0.14285714285714285","0.6","0.6"
"8","0.2","0.8","1","73","13","25","2","2","11","0","20","4","1","2","0","0","0.8","0.15384615384615385","0.6","0.625"
"1","0.2","0.2","0","63","19","21","0","13","5","1","14","7","0","0","0","0","0.6666666666666666","0.6842105263157895","0.675","0.525"
"11","0.4","0.2","0","11","20","19","1","14","5","1","12","6","1","1","0","0","0.631578947368421","0.7","0.675","0.475"
"10","0.2","1","1","15","17","21","2","13","4","0","15","5","1","2","0","0","0.7142857142857143","0.7647058823529411","0.75","0.525"
"9","0.2","1","0","25","17","21","2","13","3","1","15","5","1","2","0","0","0.7142857142857143","0.7647058823529411","0.75","0.525"
"2","0.2","0.2","1","73","1","39","0","0","1","0","26","12","1","0","0","0","0.6666666666666666","0","0.65","0.975"
"4","0.2","0.4","1","72","11","27","2","3","8","0","17","10","0","2","0","0","0.6296296296296297","0.2727272727272727","0.55","0.675"
"6","0.2","0.6","1","79","14","24","2","2","11","1","20","4","0","2","0","0","0.8333333333333334","0.14285714285714285","0.6","0.6"
"8","0.2","0.8","1","74","13","25","2","2","11","0","20","4","1","2","0","0","0.8","0.15384615384615385","0.6","0.625"
"11","0.4","0.2","0","12","20","19","1","14","5","1","12","6","1","1","0","0","0.631578947368421","0.7","0.675","0.475"
"9","0.2","1","0","26","17","21","2","13","3","1","15","5","1","2","0","0","0.7142857142857143","0.7647058823529411","0.75","0.525"
"10","0.2","1","1","16","17","21","2","13","3","1","15","5","1","2","0","0","0.7142857142857143","0.7647058823529411","0.75","0.525"
"1","0.2","0.2","0","64","19","21","0","13","5","1","14","7","0","0","0","0","0.6666666666666666","0.6842105263157895","0.675","0.525"
"4","0.2","0.4","1","73","11","27","2","3","8","0","17","10","0","2","0","0","0.6296296296296297","0.2727272727272727","0.55","0.675"
"2","0.2","0.2","1","74","1","39","0","0","1","0","26","12","1","0","0","0","0.6666666666666666","0","0.65","0.975"
"6","0.2","0.6","1","80","14","24","2","2","11","1","20","4","0","2","0","0","0.8333333333333334","0.14285714285714285","0.6","0.6"
"9","0.2","1","0","27","17","21","2","13","3","1","15","5","1","2","0","0","0.7142857142857143","0.7647058823529411","0.75","0.525"
"8","0.2","0.8","1","75","13","25","2","2","11","0","20","4","1","2","0","0","0.8","0.15384615384615385","0.6","0.625"
"11","0.4","0.2","0","13","20","19","1","14","5","1","12","6","1","1","0","0","0.631578947368421","0.7","0.675","0.475"
"10","0.2","1","1","17","17","21","2","13","3","1","15","5","1","2","0","0","0.7142857142857143","0.7647058823529411","0.75","0.525"
"4","0.2","0.4","1","74","11","27","2","3","8","0","17","10","0","2","0","0","0.6296296296296297","0.2727272727272727","0.55","0.675"
"11","0.4","0.2","0","14","20","19","1","14","5","1","12","6","1","1","0","0","0.631578947368421","0.7","0.675","0.475"
"6","0.2","0.6","1","81","13","25","2","2","10","1","21","4","0","2","0","0","0.84","0.15384615384615385","0.625","0.625"
"2","0.2","0.2","1","75","1","39","0","0","1","0","26","12","1","0","0","0","0.6666666666666666","0","0.65","0.975"
"9","0.2","1","0","28","17","21","2","13","3","1","15","5","1","2","0","0","0.7142857142857143","0.7647058823529411","0.75","0.525"
"10","0.2","1","1","18","17","21","2","13","3","1","15","5","1","2","0","0","0.7142857142857143","0.7647058823529411","0.75","0.525"
"11","0.4","0.2","0","15","20","19","1","14","5","1","12","6","1","1","0","0","0.631578947368421","0.7","0.675","0.475"
"4","0.2","0.4","1","75","11","27","2","3","8","0","17","10","0","2","0","0","0.6296296296296297","0.2727272727272727","0.55","0.675"
"8","0.2","0.8","1","76","13","25","2","2","11","0","20","4","1","2","0","0","0.8","0.15384615384615385","0.6","0.625"
"2","0.2","0.2","1","76","1","39","0","0","1","0","26","12","1","0","0","0","0.6666666666666666","0","0.65","0.975"
"6","0.2","0.6","1","82","13","25","2","2","10","1","21","4","0","2","0","0","0.84","0.15384615384615385","0.625","0.625"
"1","0.2","0.2","0","65","19","21","0","13","5","1","14","7","0","0","0","0","0.6666666666666666","0.6842105263157895","0.675","0.525"
"11","0.4","0.2","0","16","20","19","1","14","5","1","12","6","1","1","0","0","0.631578947368421","0.7","0.675","0.475"
"10","0.2","1","1","19","17","21","2","13","3","1","15","5","1","2","0","0","0.7142857142857143","0.7647058823529411","0.75","0.525"
"9","0.2","1","0","29","17","21","2","13","3","1","15","5","1","2","0","0","0.7142857142857143","0.7647058823529411","0.75","0.525"
"8","0.2","0.8","1","77","13","25","2","2","11","0","20","4","1","2","0","0","0.8","0.15384615384615385","0.6","0.625"
"4","0.2","0.4","1","76","11","27","2","3","8","0","17","10","0","2","0","0","0.6296296296296297","0.2727272727272727","0.55","0.675"
"11","0.4","0.2","0","17","20","19","1","14","5","1","12","6","1","1","0","0","0.631578947368421","0.7","0.675","0.475"
"2","0.2","0.2","1","77","1","39","0","0","1","0","26","12","1","0","0","0","0.6666666666666666","0","0.65","0.975"
"10","0.2","1","1","20","17","21","2","13","3","1","15","5","1","2","0","0","0.7142857142857143","0.7647058823529411","0.75","0.525"
"6","0.2","0.6","1","83","13","25","2","2","10","1","21","4","0","2","0","0","0.84","0.15384615384615385","0.625","0.625"
"9","0.2","1","0","30","17","21","2","13","3","1","15","5","1","2","0","0","0.7142857142857143","0.7647058823529411","0.75","0.525"
"11","0.4","0.2","0","18","20","19","1","14","5","1","12","6","1","1","0","0","0.631578947368421","0.7","0.675","0.475"
"4","0.2","0.4","1","77","11","27","2","3","8","0","17","10","0","2","0","0","0.6296296296296297","0.2727272727272727","0.55","0.675"
"8","0.2","0.8","1","78","13","25","2","2","11","0","20","4","1","2","0","0","0.8","0.15384615384615385","0.6","0.625"
"1","0.2","0.2","0","66","19","21","0","13","5","1","14","7","0","0","0","0","0.6666666666666666","0.6842105263157895","0.675","0.525"
"2","0.2","0.2","1","78","1","39","0","0","1","0","26","12","1","0","0","0","0.6666666666666666","0","0.65","0.975"
"9","0.2","1","0","31","17","21","2","13","3","1","15","5","1","2","0","0","0.7142857142857143","0.7647058823529411","0.75","0.525"
"6","0.2","0.6","1","84","13","25","2","2","10","1","21","4","0","2","0","0","0.84","0.15384615384615385","0.625","0.625"
"11","0.4","0.2","0","19","20","19","1","14","5","1","12","6","1","1","0","0","0.631578947368421","0.7","0.675","0.475"
"8","0.2","0.8","1","79","13","25","2","2","11","0","20","4","1","2","0","0","0.8","0.15384615384615385","0.6","0.625"
"10","0.2","1","1","21","17","21","2","13","3","1","15","5","1","2","0","0","0.7142857142857143","0.7647058823529411","0.75","0.525"
"4","0.2","0.4","1","78","11","27","2","3","8","0","17","10","0","2","0","0","0.6296296296296297","0.2727272727272727","0.55","0.675"
"9","0.2","1","0","32","16","22","2","13","2","1","16","5","1","2","0","0","0.7272727272727273","0.8125","0.775","0.55"
"11","0.4","0.2","0","20","20","19","1","14","5","1","12","6","1","1","0","0","0.631578947368421","0.7","0.675","0.475"
"6","0.2","0.6","1","85","13","25","2","2","10","1","21","4","0","2","0","0","0.84","0.15384615384615385","0.625","0.625"
"2","0.2","0.2","1","79","1","39","0","0","1","0","26","12","1","0","0","0","0.6666666666666666","0","0.65","0.975"
"9","0.2","1","0","33","17","21","2","13","3","1","15","5","1","2","0","0","0.7142857142857143","0.7647058823529411","0.75","0.525"
"6","0.2","0.6","1","86","13","25","2","2","10","1","21","4","0","2","0","0","0.84","0.15384615384615385","0.625","0.625"
"10","0.2","1","1","22","17","21","2","13","3","1","15","5","1","2","0","0","0.7142857142857143","0.7647058823529411","0.75","0.525"
"4","0.2","0.4","1","79","11","27","2","3","8","0","17","10","0","2","0","0","0.6296296296296297","0.2727272727272727","0.55","0.675"
"1","0.2","0.2","0","67","19","21","0","13","5","1","14","7","0","0","0","0","0.6666666666666666","0.6842105263157895","0.675","0.525"
"8","0.2","0.8","1","80","13","25","2","2","11","0","20","4","1","2","0","0","0.8","0.15384615384615385","0.6","0.625"
"11","0.4","0.2","0","21","25","14","1","14","7","4","9","5","0","1","0","0","0.6428571428571429","0.56","0.6","0.35"
"9","0.2","1","0","34","16","22","2","13","2","1","16","5","1","2","0","0","0.7272727272727273","0.8125","0.775","0.55"
"2","0.2","0.2","1","80","1","39","0","0","1","0","26","12","1","0","0","0","0.6666666666666666","0","0.65","0.975"
"6","0.2","0.6","1","87","13","25","2","2","10","1","21","4","0","2","0","0","0.84","0.15384615384615385","0.625","0.625"
"10","0.2","1","1","23","17","21","2","13","3","1","15","5","1","2","0","0","0.7142857142857143","0.7647058823529411","0.75","0.525"
"8","0.2","0.8","1","81","13","25","2","2","11","0","20","4","1","2","0","0","0.8","0.15384615384615385","0.6","0.625"
"4","0.2","0.4","1","80","11","27","2","3","8","0","17","10","0","2","0","0","0.6296296296296297","0.2727272727272727","0.55","0.675"
"11","0.4","0.2","0","22","29","11","0","17","10","2","7","4","0","0","0","0","0.6363636363636364","0.5862068965517241","0.6","0.275"
"9","0.2","1","0","35","17","21","2","13","3","1","15","5","1","2","0","0","0.7142857142857143","0.7647058823529411","0.75","0.525"
"10","0.2","1","1","24","16","22","2","13","2","1","16","5","1","2","0","0","0.7272727272727273","0.8125","0.775","0.55"
"6","0.2","0.6","1","88","13","25","2","2","10","1","21","4","0","2","0","0","0.84","0.15384615384615385","0.625","0.625"
"2","0.2","0.2","1","81","1","39","0","0","1","0","26","12","1","0","0","0","0.6666666666666666","0","0.65","0.975"
"1","0.2","0.2","0","68","19","21","0","13","5","1","14","7","0","0","0","0","0.6666666666666666","0.6842105263157895","0.675","0.525"
"8","0.2","0.8","1","82","13","25","2","2","11","0","20","4","1","2","0","0","0.8","0.15384615384615385","0.6","0.625"
"9","0.2","1","0","36","16","22","2","13","2","1","16","5","1","2","0","0","0.7272727272727273","0.8125","0.775","0.55"
"10","0.2","1","1","25","17","21","2","13","3","1","15","5","1","2","0","0","0.7142857142857143","0.7647058823529411","0.75","0.525"
"11","0.4","0.2","0","23","30","10","0","18","10","2","6","4","0","0","0","0","0.6","0.6","0.6","0.25"
"6","0.2","0.6","1","89","13","25","2","2","10","1","21","4","0","2","0","0","0.84","0.15384615384615385","0.625","0.625"
"2","0.2","0.2","1","82","1","39","0","0","1","0","26","12","1","0","0","0","0.6666666666666666","0","0.65","0.975"
"4","0.2","0.4","1","81","10","28","2","3","7","0","17","9","2","2","0","0","0.6071428571428571","0.3","0.55","0.7"
"9","0.2","1","0","37","17","21","2","13","3","1","15","5","1","2","0","0","0.7142857142857143","0.7647058823529411","0.75","0.525"
"8","0.2","0.8","1","83","13","25","2","2","11","0","20","4","1","2","0","0","0.8","0.15384615384615385","0.6","0.625"
"10","0.2","1","1","26","17","21","2","13","3","1","15","5","1","2","0","0","0.7142857142857143","0.7647058823529411","0.75","0.525"
"11","0.4","0.2","0","24","30","10","0","18","10","2","5","5","0","0","0","0","0.5","0.6","0.575","0.25"
"6","0.2","0.6","1","90","13","25","2","2","10","1","21","4","0","2","0","0","0.84","0.15384615384615385","0.625","0.625"
"1","0.2","0.2","0","69","19","21","0","13","5","1","14","7","0","0","0","0","0.6666666666666666","0.6842105263157895","0.675","0.525"
"10","0.2","1","1","27","17","21","2","13","3","1","15","5","1","2","0","0","0.7142857142857143","0.7647058823529411","0.75","0.525"
"2","0.2","0.2","1","83","1","39","0","0","1","0","26","12","1","0","0","0","0.6666666666666666","0","0.65","0.975"
"4","0.2","0.4","1","82","10","28","2","3","7","0","17","9","2","2","0","0","0.6071428571428571","0.3","0.55","0.7"
"8","0.2","0.8","1","84","13","25","2","2","11","0","20","4","1","2","0","0","0.8","0.15384615384615385","0.6","0.625"
"9","0.2","1","0","38","16","22","2","13","2","1","16","5","1","2","0","0","0.7272727272727273","0.8125","0.775","0.55"
"11","0.4","0.2","0","25","31","9","0","19","10","2","5","4","0","0","0","0","0.5555555555555556","0.6129032258064516","0.6","0.225"
"6","0.2","0.6","1","91","13","25","2","2","10","1","20","5","0","2","0","0","0.8","0.15384615384615385","0.6","0.625"
"10","0.2","1","1","28","17","21","2","13","3","1","15","5","1","2","0","0","0.7142857142857143","0.7647058823529411","0.75","0.525"
"2","0.2","0.2","1","84","1","39","0","0","1","0","26","12","1","0","0","0","0.6666666666666666","0","0.65","0.975"
"8","0.2","0.8","1","85","13","25","2","2","11","0","20","4","1","2","0","0","0.8","0.15384615384615385","0.6","0.625"
"4","0.2","0.4","1","83","10","28","2","3","7","0","17","9","2","2","0","0","0.6071428571428571","0.3","0.55","0.7"
"11","0.4","0.2","0","26","32","8","0","19","10","3","5","3","0","0","0","0","0.625","0.59375","0.6","0.2"
"1","0.2","0.2","0","70","19","21","0","13","5","1","14","7","0","0","0","0","0.6666666666666666","0.6842105263157895","0.675","0.525"
"9","0.2","1","0","39","17","21","2","13","3","1","15","5","1","2","0","0","0.7142857142857143","0.7647058823529411","0.75","0.525"
"6","0.2","0.6","1","92","13","25","2","2","10","1","20","5","0","2","0","0","0.8","0.15384615384615385","0.6","0.625"
"10","0.2","1","1","29","17","21","2","13","3","1","15","5","1","2","0","0","0.7142857142857143","0.7647058823529411","0.75","0.525"
"2","0.2","0.2","1","85","1","39","0","0","1","0","26","12","1","0","0","0","0.6666666666666666","0","0.65","0.975"
"8","0.2","0.8","1","86","13","25","2","2","11","0","20","4","1","2","0","0","0.8","0.15384615384615385","0.6","0.625"
"11","0.4","0.2","0","27","32","8","0","19","10","3","5","3","0","0","0","0","0.625","0.59375","0.6","0.2"
"4","0.2","0.4","1","84","10","28","2","3","7","0","17","9","2","2","0","0","0.6071428571428571","0.3","0.55","0.7"
"6","0.2","0.6","1","93","13","25","2","2","10","1","20","5","0","2","0","0","0.8","0.15384615384615385","0.6","0.625"
"10","0.2","1","1","30","17","21","2","13","3","1","15","5","1","2","0","0","0.7142857142857143","0.7647058823529411","0.75","0.525"
"2","0.2","0.2","1","86","1","39","0","0","1","0","26","12","1","0","0","0","0.6666666666666666","0","0.65","0.975"
"1","0.2","0.2","0","71","19","21","0","13","5","1","14","7","0","0","0","0","0.6666666666666666","0.6842105263157895","0.675","0.525"
"6","0.2","0.6","1","94","13","25","2","2","10","1","20","5","0","2","0","0","0.8","0.15384615384615385","0.6","0.625"
"8","0.2","0.8","1","87","13","25","2","2","11","0","20","4","1","2","0","0","0.8","0.15384615384615385","0.6","0.625"
"4","0.2","0.4","1","85","10","28","2","3","7","0","17","9","2","2","0","0","0.6071428571428571","0.3","0.55","0.7"
"9","0.2","1","0","40","16","22","2","13","2","1","16","5","1","2","0","0","0.7272727272727273","0.8125","0.775","0.55"
"10","0.2","1","1","31","17","21","2","13","3","1","15","5","1","2","0","0","0.7142857142857143","0.7647058823529411","0.75","0.525"
"11","0.4","0.2","0","28","32","8","0","19","10","3","5","3","0","0","0","0","0.625","0.59375","0.6","0.2"
"2","0.2","0.2","1","87","1","39","0","0","1","0","26","12","1","0","0","0","0.6666666666666666","0","0.65","0.975"
"6","0.2","0.6","1","95","13","25","2","2","10","1","20","5","0","2","0","0","0.8","0.15384615384615385","0.6","0.625"
"8","0.2","0.8","1","88","13","25","2","2","11","0","20","4","1","2","0","0","0.8","0.15384615384615385","0.6","0.625"
"9","0.2","1","0","41","16","22","2","13","2","1","16","5","1","2","0","0","0.7272727272727273","0.8125","0.775","0.55"
"10","0.2","1","1","32","16","22","2","13","2","1","16","5","1","2","0","0","0.7272727272727273","0.8125","0.775","0.55"
"1","0.2","0.2","0","72","19","21","0","13","5","1","14","7","0","0","0","0","0.6666666666666666","0.6842105263157895","0.675","0.525"
"4","0.2","0.4","1","86","10","28","2","3","7","0","17","9","2","2","0","0","0.6071428571428571","0.3","0.55","0.7"
"2","0.2","0.2","1","88","1","39","0","0","1","0","26","12","1","0","0","0","0.6666666666666666","0","0.65","0.975"
"6","0.2","0.6","1","96","13","25","2","2","10","1","20","5","0","2","0","0","0.8","0.15384615384615385","0.6","0.625"
"11","0.4","0.2","0","29","32","8","0","19","10","3","5","3","0","0","0","0","0.625","0.59375","0.6","0.2"
"8","0.2","0.8","1","89","13","25","2","2","11","0","20","4","1","2","0","0","0.8","0.15384615384615385","0.6","0.625"
"1","0.2","0.2","0","73","19","21","0","13","5","1","14","7","0","0","0","0","0.6666666666666666","0.6842105263157895","0.675","0.525"
"10","0.2","1","1","33","17","21","2","13","3","1","15","5","1","2","0","0","0.7142857142857143","0.7647058823529411","0.75","0.525"
"9","0.2","1","0","42","16","22","2","13","2","1","16","5","1","2","0","0","0.7272727272727273","0.8125","0.775","0.55"
"4","0.2","0.4","1","87","10","28","2","3","7","0","17","9","2","2","0","0","0.6071428571428571","0.3","0.55","0.7"
"6","0.2","0.6","1","97","13","25","2","2","10","1","20","5","0","2","0","0","0.8","0.15384615384615385","0.6","0.625"
"2","0.2","0.2","1","89","1","39","0","0","1","0","26","12","1","0","0","0","0.6666666666666666","0","0.65","0.975"
"11","0.4","0.2","0","30","32","8","0","19","10","3","5","3","0","0","0","0","0.625","0.59375","0.6","0.2"
"8","0.2","0.8","1","90","13","25","2","2","11","0","20","4","1","2","0","0","0.8","0.15384615384615385","0.6","0.625"
"6","0.2","0.6","1","98","13","25","2","2","10","1","20","5","0","2","0","0","0.8","0.15384615384615385","0.6","0.625"
"9","0.2","1","0","43","16","22","2","13","2","1","16","5","1","2","0","0","0.7272727272727273","0.8125","0.775","0.55"
"4","0.2","0.4","1","88","10","28","2","3","7","0","17","9","2","2","0","0","0.6071428571428571","0.3","0.55","0.7"
"2","0.2","0.2","1","90","1","39","0","0","1","0","26","12","1","0","0","0","0.6666666666666666","0","0.65","0.975"
"11","0.4","0.2","0","31","37","3","0","22","12","3","0","3","0","0","0","0","0","0.5945945945945946","0.55","0.075"
"1","0.2","0.2","0","74","19","21","0","13","5","1","14","7","0","0","0","0","0.6666666666666666","0.6842105263157895","0.675","0.525"
"6","0.2","0.6","1","99","13","25","2","2","10","1","20","5","0","2","0","0","0.8","0.15384615384615385","0.6","0.625"
"8","0.2","0.8","1","91","13","25","2","2","11","0","20","4","1","2","0","0","0.8","0.15384615384615385","0.6","0.625"
"9","0.2","1","0","44","16","22","2","13","2","1","16","5","1","2","0","0","0.7272727272727273","0.8125","0.775","0.55"
"10","0.2","1","1","34","16","22","2","13","2","1","16","5","1","2","0","0","0.7272727272727273","0.8125","0.775","0.55"
"4","0.2","0.4","1","89","10","28","2","3","7","0","17","9","2","2","0","0","0.6071428571428571","0.3","0.55","0.7"
"2","0.2","0.2","1","91","1","39","0","0","1","0","26","12","1","0","0","0","0.6666666666666666","0","0.65","0.975"
"11","0.4","0.2","0","32","38","2","0","23","12","3","0","2","0","0","0","0","0","0.6052631578947368","0.575","0.05"
"8","0.2","0.8","1","92","13","25","2","2","11","0","20","4","1","2","0","0","0.8","0.15384615384615385","0.6","0.625"
"9","0.2","1","0","45","16","22","2","13","2","1","16","5","1","2","0","0","0.7272727272727273","0.8125","0.775","0.55"
"6","0.2","0.6","1","100","13","25","2","2","10","1","20","5","0","2","0","0","0.8","0.15384615384615385","0.6","0.625"
"10","0.2","1","1","35","17","21","2","13","3","1","15","5","1","2","0","0","0.7142857142857143","0.7647058823529411","0.75","0.525"
"9","0.2","1","0","46","16","22","2","13","2","1","16","5","1","2","0","0","0.7272727272727273","0.8125","0.775","0.55"
"11","0.4","0.2","0","33","38","2","0","23","12","3","0","2","0","0","0","0","0","0.6052631578947368","0.575","0.05"
"4","0.2","0.4","1","90","10","28","2","3","7","0","17","9","2","2","0","0","0.6071428571428571","0.3","0.55","0.7"
"8","0.2","0.8","1","93","13","25","2","2","11","0","20","4","1","2","0","0","0.8","0.15384615384615385","0.6","0.625"
"2","0.2","0.2","1","92","1","39","0","0","1","0","26","12","1","0","0","0","0.6666666666666666","0","0.65","0.975"
"9","0.2","1","0","47","16","22","2","13","2","1","16","5","1","2","0","0","0.7272727272727273","0.8125","0.775","0.55"
"1","0.2","0.2","0","75","19","21","0","13","5","1","14","7","0","0","0","0","0.6666666666666666","0.6842105263157895","0.675","0.525"
"11","0.4","0.2","0","34","38","2","0","23","12","3","0","2","0","0","0","0","0","0.6052631578947368","0.575","0.05"
"10","0.2","1","1","36","16","22","2","13","2","1","16","5","1","2","0","0","0.7272727272727273","0.8125","0.775","0.55"
"4","0.2","0.4","1","91","6","33","1","1","5","0","21","10","2","1","0","0","0.6363636363636364","0.16666666666666666","0.575","0.825"
"8","0.2","0.8","1","94","13","25","2","2","11","0","20","4","1","2","0","0","0.8","0.15384615384615385","0.6","0.625"
"2","0.2","0.2","1","93","1","39","0","0","1","0","26","12","1","0","0","0","0.6666666666666666","0","0.65","0.975"
"9","0.2","1","0","48","16","22","2","13","2","1","16","5","1","2","0","0","0.7272727272727273","0.8125","0.775","0.55"
"10","0.2","1","1","37","17","21","2","13","3","1","15","5","1","2","0","0","0.7142857142857143","0.7647058823529411","0.75","0.525"
"11","0.4","0.2","0","35","38","2","0","23","12","3","0","2","0","0","0","0","0","0.6052631578947368","0.575","0.05"
"9","0.2","1","0","49","16","22","2","13","2","1","16","5","1","2","0","0","0.7272727272727273","0.8125","0.775","0.55"
"8","0.2","0.8","1","95","13","25","2","2","11","0","20","4","1","2","0","0","0.8","0.15384615384615385","0.6","0.625"
"2","0.2","0.2","1","94","1","39","0","0","1","0","26","12","1","0","0","0","0.6666666666666666","0","0.65","0.975"
"9","0.2","1","0","50","16","22","2","13","2","1","16","5","1","2","0","0","0.7272727272727273","0.8125","0.775","0.55"
"1","0.2","0.2","0","76","19","21","0","13","5","1","14","7","0","0","0","0","0.6666666666666666","0.6842105263157895","0.675","0.525"
"10","0.2","1","1","38","16","22","2","13","2","1","16","5","1","2","0","0","0.7272727272727273","0.8125","0.775","0.55"
"8","0.2","0.8","1","96","13","25","2","2","11","0","20","4","1","2","0","0","0.8","0.15384615384615385","0.6","0.625"
"11","0.4","0.2","0","36","38","2","0","23","12","3","0","2","0","0","0","0","0","0.6052631578947368","0.575","0.05"
"9","0.2","1","0","51","16","22","2","13","2","1","16","5","1","2","0","0","0.7272727272727273","0.8125","0.775","0.55"
"12","0.4","0.2","1","0","0","0","0","0","0","0","0","0","0","0","0","0","0","0","0","0"
"2","0.2","0.2","1","95","1","39","0","0","1","0","26","12","1","0","0","0","0.6666666666666666","0","0.65","0.975"
"8","0.2","0.8","1","97","13","25","2","2","11","0","20","4","1","2","0","0","0.8","0.15384615384615385","0.6","0.625"
"4","0.2","0.4","1","92","5","34","1","0","5","0","22","10","2","1","0","0","0.6470588235294118","0","0.575","0.85"
"9","0.2","1","0","52","16","22","2","13","2","1","16","5","1","2","0","0","0.7272727272727273","0.8125","0.775","0.55"
"11","0.4","0.2","0","37","38","2","0","23","12","3","0","2","0","0","0","0","0","0.6052631578947368","0.575","0.05"
"10","0.2","1","1","39","17","21","2","13","3","1","15","5","1","2","0","0","0.7142857142857143","0.7647058823529411","0.75","0.525"
"1","0.2","0.2","0","77","19","21","0","13","5","1","14","7","0","0","0","0","0.6666666666666666","0.6842105263157895","0.675","0.525"
"2","0.2","0.2","1","96","1","39","0","0","1","0","26","12","1","0","0","0","0.6666666666666666","0","0.65","0.975"
"12","0.4","0.2","1","1","16","20","4","11","5","0","15","4","1","4","0","0","0.75","0.6875","0.75","0.5"
"9","0.2","1","0","53","16","22","2","13","2","1","16","5","1","2","0","0","0.7272727272727273","0.8125","0.775","0.55"
"8","0.2","0.8","1","98","13","25","2","2","11","0","20","4","1","2","0","0","0.8","0.15384615384615385","0.6","0.625"
"11","0.4","0.2","0","38","38","2","0","23","12","3","0","2","0","0","0","0","0","0.6052631578947368","0.575","0.05"
"10","0.2","1","1","40","16","22","2","13","2","1","16","5","1","2","0","0","0.7272727272727273","0.8125","0.775","0.55"
"4","0.2","0.4","1","93","5","34","1","0","5","0","22","10","2","1","0","0","0.6470588235294118","0","0.575","0.85"
"12","0.4","0.2","1","2","18","21","1","14","3","1","14","6","1","1","0","0","0.6666666666666666","0.7777777777777778","0.725","0.525"
"9","0.2","1","0","54","16","22","2","13","2","1","16","5","1","2","0","0","0.7272727272727273","0.8125","0.775","0.55"
"1","0.2","0.2","0","78","19","21","0","13","5","1","14","7","0","0","0","0","0.6666666666666666","0.6842105263157895","0.675","0.525"
"8","0.2","0.8","1","99","13","25","2","2","11","0","20","4","1","2","0","0","0.8","0.15384615384615385","0.6","0.625"
"2","0.2","0.2","1","97","1","39","0","0","1","0","26","12","1","0","0","0","0.6666666666666666","0","0.65","0.975"
"12","0.4","0.2","1","3","17","22","1","13","3","1","14","7","1","1","0","0","0.6363636363636364","0.7647058823529411","0.7","0.55"
"10","0.2","1","1","41","16","22","2","13","2","1","16","5","1","2","0","0","0.7272727272727273","0.8125","0.775","0.55"
"11","0.4","0.2","0","39","38","2","0","23","12","3","0","2","0","0","0","0","0","0.6052631578947368","0.575","0.05"
"8","0.2","0.8","1","100","13","25","2","2","11","0","20","4","1","2","0","0","0.8","0.15384615384615385","0.6","0.625"
"2","0.2","0.2","1","98","1","39","0","0","1","0","26","12","1","0","0","0","0.6666666666666666","0","0.65","0.975"
"4","0.2","0.4","1","94","5","34","1","0","5","0","22","10","2","1","0","0","0.6470588235294118","0","0.575","0.85"
"10","0.2","1","1","42","16","22","2","13","2","1","16","5","1","2","0","0","0.7272727272727273","0.8125","0.775","0.55"
"9","0.2","1","0","55","16","22","2","13","2","1","16","5","1","2","0","0","0.7272727272727273","0.8125","0.775","0.55"
"12","0.4","0.2","1","4","17","22","1","13","3","1","14","7","1","1","0","0","0.6363636363636364","0.7647058823529411","0.7","0.55"
"11","0.4","0.2","0","40","38","2","0","23","12","3","0","2","0","0","0","0","0","0.6052631578947368","0.575","0.05"
"1","0.2","0.2","0","79","19","21","0","13","5","1","14","7","0","0","0","0","0.6666666666666666","0.6842105263157895","0.675","0.525"
"2","0.2","0.2","1","99","1","39","0","0","1","0","26","12","1","0","0","0","0.6666666666666666","0","0.65","0.975"
"10","0.2","1","1","43","16","22","2","13","2","1","16","5","1","2","0","0","0.7272727272727273","0.8125","0.775","0.55"
"12","0.4","0.2","1","5","17","22","1","13","3","1","14","7","1","1","0","0","0.6363636363636364","0.7647058823529411","0.7","0.55"
"9","0.2","1","0","56","16","22","2","13","2","1","16","5","1","2","0","0","0.7272727272727273","0.8125","0.775","0.55"
"4","0.2","0.4","1","95","5","34","1","0","5","0","22","10","2","1","0","0","0.6470588235294118","0","0.575","0.85"
"11","0.4","0.2","0","41","40","0","0","24","13","3","0","0","0","0","0","0","0","0.6","0.6","0"
"12","0.4","0.2","1","6","17","22","1","13","3","1","14","7","1","1","0","0","0.6363636363636364","0.7647058823529411","0.7","0.55"
"9","0.2","1","0","57","16","22","2","13","2","1","16","5","1","2","0","0","0.7272727272727273","0.8125","0.775","0.55"
"10","0.2","1","1","44","16","22","2","13","2","1","16","5","1","2","0","0","0.7272727272727273","0.8125","0.775","0.55"
"2","0.2","0.2","1","100","1","39","0","0","1","0","26","12","1","0","0","0","0.6666666666666666","0","0.65","0.975"
"9","0.2","1","0","58","16","22","2","13","2","1","16","5","1","2","0","0","0.7272727272727273","0.8125","0.775","0.55"
"10","0.2","1","1","45","16","22","2","13","2","1","16","5","1","2","0","0","0.7272727272727273","0.8125","0.775","0.55"
"11","0.4","0.2","0","42","40","0","0","24","13","3","0","0","0","0","0","0","0","0.6","0.6","0"
"10","0.2","1","1","46","16","22","2","13","2","1","16","5","1","2","0","0","0.7272727272727273","0.8125","0.775","0.55"
"4","0.2","0.4","1","96","5","34","1","0","5","0","22","10","2","1","0","0","0.6470588235294118","0","0.575","0.85"
"9","0.2","1","0","59","16","22","2","13","2","1","16","5","1","2","0","0","0.7272727272727273","0.8125","0.775","0.55"
"12","0.4","0.2","1","7","17","22","1","13","3","1","14","7","1","1","0","0","0.6363636363636364","0.7647058823529411","0.7","0.55"
"1","0.2","0.2","0","80","19","21","0","13","5","1","14","7","0","0","0","0","0.6666666666666666","0.6842105263157895","0.675","0.525"
"11","0.4","0.2","0","43","40","0","0","24","13","3","0","0","0","0","0","0","0","0.6","0.6","0"
"10","0.2","1","1","47","16","22","2","13","2","1","16","5","1","2","0","0","0.7272727272727273","0.8125","0.775","0.55"
"13","0.4","0.4","0","0","0","0","0","0","0","0","0","0","0","0","0","0","0","0","0","0"
"9","0.2","1","0","60","16","22","2","13","2","1","16","5","1","2","0","0","0.7272727272727273","0.8125","0.775","0.55"
"12","0.4","0.2","1","8","17","22","1","13","3","1","14","7","1","1","0","0","0.6363636363636364","0.7647058823529411","0.7","0.55"
"4","0.2","0.4","1","97","5","34","1","0","5","0","22","10","2","1","0","0","0.6470588235294118","0","0.575","0.85"
"1","0.2","0.2","0","81","19","21","0","13","5","1","14","7","0","0","0","0","0.6666666666666666","0.6842105263157895","0.675","0.525"
"10","0.2","1","1","48","16","22","2","13","2","1","16","5","1","2","0","0","0.7272727272727273","0.8125","0.775","0.55"
"9","0.2","1","0","61","17","21","2","14","2","1","16","4","1","2","0","0","0.7619047619047619","0.8235294117647058","0.8","0.525"
"12","0.4","0.2","1","9","17","22","1","13","3","1","14","7","1","1","0","0","0.6363636363636364","0.7647058823529411","0.7","0.55"
"13","0.4","0.4","0","1","16","20","4","11","5","0","15","4","1","4","0","0","0.75","0.6875","0.75","0.5"
"10","0.2","1","1","49","16","22","2","13","2","1","16","5","1","2","0","0","0.7272727272727273","0.8125","0.775","0.55"
"14","0.4","0.4","1","0","0","0","0","0","0","0","0","0","0","0","0","0","0","0","0","0"
"9","0.2","1","0","62","17","21","2","14","2","1","16","4","1","2","0","0","0.7619047619047619","0.8235294117647058","0.8","0.525"
"12","0.4","0.2","1","10","17","22","1","13","3","1","14","7","1","1","0","0","0.6363636363636364","0.7647058823529411","0.7","0.55"
"11","0.4","0.2","0","44","40","0","0","24","13","3","0","0","0","0","0","0","0","0.6","0.6","0"
"4","0.2","0.4","1","98","5","34","1","0","5","0","22","10","2","1","0","0","0.6470588235294118","0","0.575","0.85"
"13","0.4","0.4","0","2","18","21","1","14","3","1","14","6","1","1","0","0","0.6666666666666666","0.7777777777777778","0.725","0.525"
"1","0.2","0.2","0","82","19","21","0","13","5","1","14","7","0","0","0","0","0.6666666666666666","0.6842105263157895","0.675","0.525"
"10","0.2","1","1","50","16","22","2","13","2","1","16","5","1","2","0","0","0.7272727272727273","0.8125","0.775","0.55"
"12","0.4","0.2","1","11","20","19","1","14","5","1","12","6","1","1","0","0","0.631578947368421","0.7","0.675","0.475"
"11","0.4","0.2","0","45","40","0","0","24","13","3","0","0","0","0","0","0","0","0.6","0.6","0"
"9","0.2","1","0","63","17","21","2","14","2","1","16","4","1","2","0","0","0.7619047619047619","0.8235294117647058","0.8","0.525"
"14","0.4","0.4","1","1","16","20","4","11","5","0","15","4","1","4","0","0","0.75","0.6875","0.75","0.5"
"13","0.4","0.4","0","3","17","22","1","13","3","1","14","7","1","1","0","0","0.6363636363636364","0.7647058823529411","0.7","0.55"
"4","0.2","0.4","1","99","5","34","1","0","5","0","22","10","2","1","0","0","0.6470588235294118","0","0.575","0.85"
"1","0.2","0.2","0","83","19","21","0","13","5","1","14","7","0","0","0","0","0.6666666666666666","0.6842105263157895","0.675","0.525"
"12","0.4","0.2","1","12","20","19","1","14","5","1","12","6","1","1","0","0","0.631578947368421","0.7","0.675","0.475"
"14","0.4","0.4","1","2","18","21","1","14","3","1","14","6","1","1","0","0","0.6666666666666666","0.7777777777777778","0.725","0.525"
"9","0.2","1","0","64","17","21","2","14","2","1","16","4","1","2","0","0","0.7619047619047619","0.8235294117647058","0.8","0.525"
"11","0.4","0.2","0","46","40","0","0","24","13","3","0","0","0","0","0","0","0","0.6","0.6","0"
"13","0.4","0.4","0","4","17","22","1","13","3","1","14","7","1","1","0","0","0.6363636363636364","0.7647058823529411","0.7","0.55"
"12","0.4","0.2","1","13","20","19","1","14","5","1","12","6","1","1","0","0","0.631578947368421","0.7","0.675","0.475"
"4","0.2","0.4","1","100","5","34","1","0","5","0","22","10","2","1","0","0","0.6470588235294118","0","0.575","0.85"
"1","0.2","0.2","0","84","19","21","0","13","5","1","14","7","0","0","0","0","0.6666666666666666","0.6842105263157895","0.675","0.525"
"13","0.4","0.4","0","5","17","22","1","13","3","1","14","7","1","1","0","0","0.6363636363636364","0.7647058823529411","0.7","0.55"
"14","0.4","0.4","1","3","17","22","1","13","3","1","14","7","1","1","0","0","0.6363636363636364","0.7647058823529411","0.7","0.55"
"11","0.4","0.2","0","47","40","0","0","24","13","3","0","0","0","0","0","0","0","0.6","0.6","0"
"12","0.4","0.2","1","14","20","19","1","14","5","1","12","6","1","1","0","0","0.631578947368421","0.7","0.675","0.475"
"9","0.2","1","0","65","17","21","2","14","2","1","16","4","1","2","0","0","0.7619047619047619","0.8235294117647058","0.8","0.525"
"13","0.4","0.4","0","6","17","22","1","13","3","1","14","7","1","1","0","0","0.6363636363636364","0.7647058823529411","0.7","0.55"
"14","0.4","0.4","1","4","17","22","1","13","3","1","14","7","1","1","0","0","0.6363636363636364","0.7647058823529411","0.7","0.55"
"12","0.4","0.2","1","15","20","19","1","14","5","1","12","6","1","1","0","0","0.631578947368421","0.7","0.675","0.475"
"11","0.4","0.2","0","48","40","0","0","24","13","3","0","0","0","0","0","0","0","0.6","0.6","0"
"1","0.2","0.2","0","85","19","21","0","13","5","1","14","7","0","0","0","0","0.6666666666666666","0.6842105263157895","0.675","0.525"
"9","0.2","1","0","66","17","21","2","14","2","1","16","4","1","2","0","0","0.7619047619047619","0.8235294117647058","0.8","0.525"
"14","0.4","0.4","1","5","17","22","1","13","3","1","14","7","1","1","0","0","0.6363636363636364","0.7647058823529411","0.7","0.55"
"12","0.4","0.2","1","16","20","19","1","14","5","1","12","6","1","1","0","0","0.631578947368421","0.7","0.675","0.475"
"13","0.4","0.4","0","7","17","22","1","13","3","1","14","7","1","1","0","0","0.6363636363636364","0.7647058823529411","0.7","0.55"
"9","0.2","1","0","67","17","21","2","14","2","1","16","4","1","2","0","0","0.7619047619047619","0.8235294117647058","0.8","0.525"
"11","0.4","0.2","0","49","40","0","0","24","13","3","0","0","0","0","0","0","0","0.6","0.6","0"
"14","0.4","0.4","1","6","17","22","1","13","3","1","14","7","1","1","0","0","0.6363636363636364","0.7647058823529411","0.7","0.55"
"12","0.4","0.2","1","17","20","19","1","14","5","1","12","6","1","1","0","0","0.631578947368421","0.7","0.675","0.475"
"13","0.4","0.4","0","8","17","22","1","13","3","1","14","7","1","1","0","0","0.6363636363636364","0.7647058823529411","0.7","0.55"
"1","0.2","0.2","0","86","19","21","0","13","5","1","14","7","0","0","0","0","0.6666666666666666","0.6842105263157895","0.675","0.525"
"15","0.4","0.6","0","0","0","0","0","0","0","0","0","0","0","0","0","0","0","0","0","0"
"9","0.2","1","0","68","17","21","2","14","2","1","16","4","1","2","0","0","0.7619047619047619","0.8235294117647058","0.8","0.525"
"12","0.4","0.2","1","18","20","19","1","14","5","1","12","6","1","1","0","0","0.631578947368421","0.7","0.675","0.475"
"14","0.4","0.4","1","7","17","22","1","13","3","1","14","7","1","1","0","0","0.6363636363636364","0.7647058823529411","0.7","0.55"
"13","0.4","0.4","0","9","17","22","1","13","3","1","14","7","1","1","0","0","0.6363636363636364","0.7647058823529411","0.7","0.55"
"11","0.4","0.2","0","50","40","0","0","24","13","3","0","0","0","0","0","0","0","0.6","0.6","0"
"1","0.2","0.2","0","87","19","21","0","13","5","1","14","7","0","0","0","0","0.6666666666666666","0.6842105263157895","0.675","0.525"
"15","0.4","0.6","0","1","16","20","4","11","5","0","15","4","1","4","0","0","0.75","0.6875","0.75","0.5"
"9","0.2","1","0","69","17","21","2","14","2","1","16","4","1","2","0","0","0.7619047619047619","0.8235294117647058","0.8","0.525"
"14","0.4","0.4","1","8","17","22","1","13","3","1","14","7","1","1","0","0","0.6363636363636364","0.7647058823529411","0.7","0.55"
"12","0.4","0.2","1","19","20","19","1","14","5","1","12","6","1","1","0","0","0.631578947368421","0.7","0.675","0.475"
"13","0.4","0.4","0","10","17","22","1","13","3","1","14","7","1","1","0","0","0.6363636363636364","0.7647058823529411","0.7","0.55"
"11","0.4","0.2","0","51","40","0","0","24","13","3","0","0","0","0","0","0","0","0.6","0.6","0"
"9","0.2","1","0","70","17","21","2","14","2","1","16","4","1","2","0","0","0.7619047619047619","0.8235294117647058","0.8","0.525"
"15","0.4","0.6","0","2","18","21","1","14","3","1","14","6","1","1","0","0","0.6666666666666666","0.7777777777777778","0.725","0.525"
"1","0.2","0.2","0","88","19","21","0","13","5","1","14","7","0","0","0","0","0.6666666666666666","0.6842105263157895","0.675","0.525"
"14","0.4","0.4","1","9","17","22","1","13","3","1","14","7","1","1","0","0","0.6363636363636364","0.7647058823529411","0.7","0.55"
"12","0.4","0.2","1","20","20","19","1","14","5","1","12","6","1","1","0","0","0.631578947368421","0.7","0.675","0.475"
"13","0.4","0.4","0","11","17","22","1","13","3","1","14","7","1","1","0","0","0.6363636363636364","0.7647058823529411","0.7","0.55"
"9","0.2","1","0","71","17","21","2","14","2","1","16","4","1","2","0","0","0.7619047619047619","0.8235294117647058","0.8","0.525"
"11","0.4","0.2","0","52","40","0","0","24","13","3","0","0","0","0","0","0","0","0.6","0.6","0"
"15","0.4","0.6","0","3","17","22","1","13","3","1","14","7","1","1","0","0","0.6363636363636364","0.7647058823529411","0.7","0.55"
"14","0.4","0.4","1","10","17","22","1","13","3","1","14","7","1","1","0","0","0.6363636363636364","0.7647058823529411","0.7","0.55"
"13","0.4","0.4","0","12","17","22","1","13","3","1","14","7","1","1","0","0","0.6363636363636364","0.7647058823529411","0.7","0.55"
"9","0.2","1","0","72","17","21","2","14","2","1","16","4","1","2","0","0","0.7619047619047619","0.8235294117647058","0.8","0.525"
"11","0.4","0.2","0","53","40","0","0","24","13","3","0","0","0","0","0","0","0","0.6","0.6","0"
"12","0.4","0.2","1","21","25","14","1","14","7","4","9","5","0","1","0","0","0.6428571428571429","0.56","0.6","0.35"
"1","0.2","0.2","0","89","19","21","0","13","5","1","14","7","0","0","0","0","0.6666666666666666","0.6842105263157895","0.675","0.525"
"15","0.4","0.6","0","4","17","22","1","13","3","1","14","7","1","1","0","0","0.6363636363636364","0.7647058823529411","0.7","0.55"
"14","0.4","0.4","1","11","17","22","1","13","3","1","14","7","1","1","0","0","0.6363636363636364","0.7647058823529411","0.7","0.55"
"9","0.2","1","0","73","17","21","2","14","2","1","16","4","1","2","0","0","0.7619047619047619","0.8235294117647058","0.8","0.525"
"13","0.4","0.4","0","13","17","22","1","13","3","1","14","7","1","1","0","0","0.6363636363636364","0.7647058823529411","0.7","0.55"
"11","0.4","0.2","0","54","40","0","0","24","13","3","0","0","0","0","0","0","0","0.6","0.6","0"
"14","0.4","0.4","1","12","17","22","1","13","3","1","14","7","1","1","0","0","0.6363636363636364","0.7647058823529411","0.7","0.55"
"15","0.4","0.6","0","5","17","22","1","13","3","1","14","7","1","1","0","0","0.6363636363636364","0.7647058823529411","0.7","0.55"
"12","0.4","0.2","1","22","29","11","0","17","10","2","7","4","0","0","0","0","0.6363636363636364","0.5862068965517241","0.6","0.275"
"9","0.2","1","0","74","17","21","2","14","2","1","16","4","1","2","0","0","0.7619047619047619","0.8235294117647058","0.8","0.525"
"13","0.4","0.4","0","14","17","22","1","13","3","1","14","7","1","1","0","0","0.6363636363636364","0.7647058823529411","0.7","0.55"
"1","0.2","0.2","0","90","19","21","0","13","5","1","14","7","0","0","0","0","0.6666666666666666","0.6842105263157895","0.675","0.525"
"15","0.4","0.6","0","6","17","22","1","13","3","1","14","7","1","1","0","0","0.6363636363636364","0.7647058823529411","0.7","0.55"
"14","0.4","0.4","1","13","17","22","1","13","3","1","14","7","1","1","0","0","0.6363636363636364","0.7647058823529411","0.7","0.55"
"12","0.4","0.2","1","23","30","10","0","18","10","2","6","4","0","0","0","0","0.6","0.6","0.6","0.25"
"13","0.4","0.4","0","15","17","22","1","13","3","1","14","7","1","1","0","0","0.6363636363636364","0.7647058823529411","0.7","0.55"
"9","0.2","1","0","75","17","21","2","14","2","1","16","4","1","2","0","0","0.7619047619047619","0.8235294117647058","0.8","0.525"
"14","0.4","0.4","1","14","17","22","1","13","3","1","14","7","1","1","0","0","0.6363636363636364","0.7647058823529411","0.7","0.55"
"1","0.2","0.2","0","91","19","21","0","13","5","1","14","7","0","0","0","0","0.6666666666666666","0.6842105263157895","0.675","0.525"
"11","0.4","0.2","0","55","40","0","0","24","13","3","0","0","0","0","0","0","0","0.6","0.6","0"
"13","0.4","0.4","0","16","17","22","1","13","3","1","14","7","1","1","0","0","0.6363636363636364","0.7647058823529411","0.7","0.55"
"15","0.4","0.6","0","7","17","22","1","13","3","1","14","7","1","1","0","0","0.6363636363636364","0.7647058823529411","0.7","0.55"
"9","0.2","1","0","76","17","21","2","14","2","1","16","4","1","2","0","0","0.7619047619047619","0.8235294117647058","0.8","0.525"
"14","0.4","0.4","1","15","17","22","1","13","3","1","14","7","1","1","0","0","0.6363636363636364","0.7647058823529411","0.7","0.55"
"12","0.4","0.2","1","24","30","10","0","18","10","2","5","5","0","0","0","0","0.5","0.6","0.575","0.25"
"13","0.4","0.4","0","17","17","22","1","13","3","1","14","7","1","1","0","0","0.6363636363636364","0.7647058823529411","0.7","0.55"
"15","0.4","0.6","0","8","17","22","1","13","3","1","14","7","1","1","0","0","0.6363636363636364","0.7647058823529411","0.7","0.55"
"1","0.2","0.2","0","92","19","21","0","13","5","1","14","7","0","0","0","0","0.6666666666666666","0.6842105263157895","0.675","0.525"
"11","0.4","0.2","0","56","40","0","0","24","13","3","0","0","0","0","0","0","0","0.6","0.6","0"
"9","0.2","1","0","77","17","21","2","14","2","1","16","4","1","2","0","0","0.7619047619047619","0.8235294117647058","0.8","0.525"
"14","0.4","0.4","1","16","17","22","1","13","3","1","14","7","1","1","0","0","0.6363636363636364","0.7647058823529411","0.7","0.55"
"13","0.4","0.4","0","18","17","22","1","13","3","1","14","7","1","1","0","0","0.6363636363636364","0.7647058823529411","0.7","0.55"
"12","0.4","0.2","1","25","31","9","0","19","10","2","5","4","0","0","0","0","0.5555555555555556","0.6129032258064516","0.6","0.225"
"15","0.4","0.6","0","9","17","22","1","13","3","1","14","7","1","1","0","0","0.6363636363636364","0.7647058823529411","0.7","0.55"
"9","0.2","1","0","78","17","21","2","14","2","1","16","4","1","2","0","0","0.7619047619047619","0.8235294117647058","0.8","0.525"
"14","0.4","0.4","1","17","17","22","1","13","3","1","14","7","1","1","0","0","0.6363636363636364","0.7647058823529411","0.7","0.55"
"11","0.4","0.2","0","57","40","0","0","24","13","3","0","0","0","0","0","0","0","0.6","0.6","0"
"1","0.2","0.2","0","93","19","21","0","13","5","1","14","7","0","0","0","0","0.6666666666666666","0.6842105263157895","0.675","0.525"
"13","0.4","0.4","0","19","17","22","1","13","3","1","14","7","1","1","0","0","0.6363636363636364","0.7647058823529411","0.7","0.55"
"15","0.4","0.6","0","10","17","22","1","13","3","1","14","7","1","1","0","0","0.6363636363636364","0.7647058823529411","0.7","0.55"
"12","0.4","0.2","1","26","32","8","0","19","10","3","5","3","0","0","0","0","0.625","0.59375","0.6","0.2"
"9","0.2","1","0","79","17","21","2","14","2","1","16","4","1","2","0","0","0.7619047619047619","0.8235294117647058","0.8","0.525"
"14","0.4","0.4","1","18","17","22","1","13","3","1","14","7","1","1","0","0","0.6363636363636364","0.7647058823529411","0.7","0.55"
"13","0.4","0.4","0","20","17","22","1","13","3","1","14","7","1","1","0","0","0.6363636363636364","0.7647058823529411","0.7","0.55"
"1","0.2","0.2","0","94","19","21","0","13","5","1","14","7","0","0","0","0","0.6666666666666666","0.6842105263157895","0.675","0.525"
"11","0.4","0.2","0","58","40","0","0","24","13","3","0","0","0","0","0","0","0","0.6","0.6","0"
"15","0.4","0.6","0","11","17","22","1","13","3","1","14","7","1","1","0","0","0.6363636363636364","0.7647058823529411","0.7","0.55"
"14","0.4","0.4","1","19","17","22","1","13","3","1","14","7","1","1","0","0","0.6363636363636364","0.7647058823529411","0.7","0.55"
"9","0.2","1","0","80","17","21","2","14","2","1","16","4","1","2","0","0","0.7619047619047619","0.8235294117647058","0.8","0.525"
"12","0.4","0.2","1","27","32","8","0","19","10","3","5","3","0","0","0","0","0.625","0.59375","0.6","0.2"
"13","0.4","0.4","0","21","19","20","1","14","4","1","13","6","1","1","0","0","0.65","0.7368421052631579","0.7","0.5"
"14","0.4","0.4","1","20","17","22","1","13","3","1","14","7","1","1","0","0","0.6363636363636364","0.7647058823529411","0.7","0.55"
"15","0.4","0.6","0","12","17","22","1","13","3","1","14","7","1","1","0","0","0.6363636363636364","0.7647058823529411","0.7","0.55"
"11","0.4","0.2","0","59","40","0","0","24","13","3","0","0","0","0","0","0","0","0.6","0.6","0"
"1","0.2","0.2","0","95","19","21","0","13","5","1","14","7","0","0","0","0","0.6666666666666666","0.6842105263157895","0.675","0.525"
"12","0.4","0.2","1","28","32","8","0","19","10","3","5","3","0","0","0","0","0.625","0.59375","0.6","0.2"
"13","0.4","0.4","0","22","19","20","1","14","4","1","13","6","1","1","0","0","0.65","0.7368421052631579","0.7","0.5"
"9","0.2","1","0","81","17","21","2","14","2","1","16","4","1","2","0","0","0.7619047619047619","0.8235294117647058","0.8","0.525"
"14","0.4","0.4","1","21","19","20","1","14","4","1","13","6","1","1","0","0","0.65","0.7368421052631579","0.7","0.5"
"15","0.4","0.6","0","13","17","22","1","13","3","1","14","7","1","1","0","0","0.6363636363636364","0.7647058823529411","0.7","0.55"
"11","0.4","0.2","0","60","40","0","0","24","13","3","0","0","0","0","0","0","0","0.6","0.6","0"
"9","0.2","1","0","82","17","21","2","14","2","1","16","4","1","2","0","0","0.7619047619047619","0.8235294117647058","0.8","0.525"
"13","0.4","0.4","0","23","19","20","1","14","4","1","13","6","1","1","0","0","0.65","0.7368421052631579","0.7","0.5"
"1","0.2","0.2","0","96","19","21","0","13","5","1","14","7","0","0","0","0","0.6666666666666666","0.6842105263157895","0.675","0.525"
"14","0.4","0.4","1","22","19","20","1","14","4","1","13","6","1","1","0","0","0.65","0.7368421052631579","0.7","0.5"
"12","0.4","0.2","1","29","32","8","0","19","10","3","5","3","0","0","0","0","0.625","0.59375","0.6","0.2"
"15","0.4","0.6","0","14","17","22","1","13","3","1","14","7","1","1","0","0","0.6363636363636364","0.7647058823529411","0.7","0.55"
"9","0.2","1","0","83","17","21","2","14","2","1","16","4","1","2","0","0","0.7619047619047619","0.8235294117647058","0.8","0.525"
"11","0.4","0.2","0","61","40","0","0","24","13","3","0","0","0","0","0","0","0","0.6","0.6","0"
"13","0.4","0.4","0","24","19","20","1","14","4","1","13","6","1","1","0","0","0.65","0.7368421052631579","0.7","0.5"
"14","0.4","0.4","1","23","19","20","1","14","4","1","13","6","1","1","0","0","0.65","0.7368421052631579","0.7","0.5"
"1","0.2","0.2","0","97","19","21","0","13","5","1","14","7","0","0","0","0","0.6666666666666666","0.6842105263157895","0.675","0.525"
"15","0.4","0.6","0","15","17","22","1","13","3","1","14","7","1","1","0","0","0.6363636363636364","0.7647058823529411","0.7","0.55"
"9","0.2","1","0","84","17","21","2","14","2","1","16","4","1","2","0","0","0.7619047619047619","0.8235294117647058","0.8","0.525"
"12","0.4","0.2","1","30","32","8","0","19","10","3","5","3","0","0","0","0","0.625","0.59375","0.6","0.2"
"13","0.4","0.4","0","25","19","20","1","14","4","1","13","6","1","1","0","0","0.65","0.7368421052631579","0.7","0.5"
"14","0.4","0.4","1","24","19","20","1","14","4","1","13","6","1","1","0","0","0.65","0.7368421052631579","0.7","0.5"
"9","0.2","1","0","85","17","21","2","14","2","1","16","4","1","2","0","0","0.7619047619047619","0.8235294117647058","0.8","0.525"
"15","0.4","0.6","0","16","17","22","1","13","3","1","14","7","1","1","0","0","0.6363636363636364","0.7647058823529411","0.7","0.55"
"12","0.4","0.2","1","31","37","3","0","22","12","3","0","3","0","0","0","0","0","0.5945945945945946","0.55","0.075"
"13","0.4","0.4","0","26","19","20","1","14","4","1","13","6","1","1","0","0","0.65","0.7368421052631579","0.7","0.5"
"14","0.4","0.4","1","25","19","20","1","14","4","1","13","6","1","1","0","0","0.65","0.7368421052631579","0.7","0.5"
"1","0.2","0.2","0","98","19","21","0","13","5","1","14","7","0","0","0","0","0.6666666666666666","0.6842105263157895","0.675","0.525"
"9","0.2","1","0","86","17","21","2","14","2","1","16","4","1","2","0","0","0.7619047619047619","0.8235294117647058","0.8","0.525"
"11","0.4","0.2","0","62","40","0","0","24","13","3","0","0","0","0","0","0","0","0.6","0.6","0"
"15","0.4","0.6","0","17","17","22","1","13","3","1","14","7","1","1","0","0","0.6363636363636364","0.7647058823529411","0.7","0.55"
"12","0.4","0.2","1","32","38","2","0","23","12","3","0","2","0","0","0","0","0","0.6052631578947368","0.575","0.05"
"14","0.4","0.4","1","26","19","20","1","14","4","1","13","6","1","1","0","0","0.65","0.7368421052631579","0.7","0.5"
"13","0.4","0.4","0","27","19","20","1","14","4","1","13","6","1","1","0","0","0.65","0.7368421052631579","0.7","0.5"
"15","0.4","0.6","0","18","17","22","1","13","3","1","14","7","1","1","0","0","0.6363636363636364","0.7647058823529411","0.7","0.55"
"1","0.2","0.2","0","99","19","21","0","13","5","1","14","7","0","0","0","0","0.6666666666666666","0.6842105263157895","0.675","0.525"
"13","0.4","0.4","0","28","19","20","1","14","4","1","13","6","1","1","0","0","0.65","0.7368421052631579","0.7","0.5"
"11","0.4","0.2","0","63","40","0","0","24","13","3","0","0","0","0","0","0","0","0.6","0.6","0"
"14","0.4","0.4","1","27","19","20","1","14","4","1","13","6","1","1","0","0","0.65","0.7368421052631579","0.7","0.5"
"12","0.4","0.2","1","33","38","2","0","23","12","3","0","2","0","0","0","0","0","0.6052631578947368","0.575","0.05"
"9","0.2","1","0","87","17","21","2","14","2","1","16","4","1","2","0","0","0.7619047619047619","0.8235294117647058","0.8","0.525"
"15","0.4","0.6","0","19","17","22","1","13","3","1","14","7","1","1","0","0","0.6363636363636364","0.7647058823529411","0.7","0.55"
"13","0.4","0.4","0","29","19","20","1","14","4","1","13","6","1","1","0","0","0.65","0.7368421052631579","0.7","0.5"
"9","0.2","1","0","88","17","21","2","14","2","1","16","4","1","2","0","0","0.7619047619047619","0.8235294117647058","0.8","0.525"
"14","0.4","0.4","1","28","19","20","1","14","4","1","13","6","1","1","0","0","0.65","0.7368421052631579","0.7","0.5"
"15","0.4","0.6","0","20","17","22","1","13","3","1","14","7","1","1","0","0","0.6363636363636364","0.7647058823529411","0.7","0.55"
"11","0.4","0.2","0","64","40","0","0","24","13","3","0","0","0","0","0","0","0","0.6","0.6","0"
"12","0.4","0.2","1","34","38","2","0","23","12","3","0","2","0","0","0","0","0","0.6052631578947368","0.575","0.05"
"1","0.2","0.2","0","100","19","21","0","13","5","1","14","7","0","0","0","0","0.6666666666666666","0.6842105263157895","0.675","0.525"
"15","0.4","0.6","0","21","17","22","1","13","3","1","14","7","1","1","0","0","0.6363636363636364","0.7647058823529411","0.7","0.55"
"9","0.2","1","0","89","17","21","2","14","2","1","16","4","1","2","0","0","0.7619047619047619","0.8235294117647058","0.8","0.525"
"13","0.4","0.4","0","30","19","20","1","14","4","1","13","6","1","1","0","0","0.65","0.7368421052631579","0.7","0.5"
"11","0.4","0.2","0","65","40","0","0","24","13","3","0","0","0","0","0","0","0","0.6","0.6","0"
"14","0.4","0.4","1","29","19","20","1","14","4","1","13","6","1","1","0","0","0.65","0.7368421052631579","0.7","0.5"
"12","0.4","0.2","1","35","38","2","0","23","12","3","0","2","0","0","0","0","0","0.6052631578947368","0.575","0.05"
"13","0.4","0.4","0","31","20","19","1","14","5","1","12","6","1","1","0","0","0.631578947368421","0.7","0.675","0.475"
"14","0.4","0.4","1","30","19","20","1","14","4","1","13","6","1","1","0","0","0.65","0.7368421052631579","0.7","0.5"
"13","0.4","0.4","0","32","20","19","1","14","5","1","12","6","1","1","0","0","0.631578947368421","0.7","0.675","0.475"
"15","0.4","0.6","0","22","17","22","1","13","3","1","14","7","1","1","0","0","0.6363636363636364","0.7647058823529411","0.7","0.55"
"12","0.4","0.2","1","36","38","2","0","23","12","3","0","2","0","0","0","0","0","0.6052631578947368","0.575","0.05"
"9","0.2","1","0","90","17","21","2","14","2","1","16","4","1","2","0","0","0.7619047619047619","0.8235294117647058","0.8","0.525"
"11","0.4","0.2","0","66","40","0","0","24","13","3","0","0","0","0","0","0","0","0.6","0.6","0"
"14","0.4","0.4","1","31","20","19","1","14","5","1","12","6","1","1","0","0","0.631578947368421","0.7","0.675","0.475"
"15","0.4","0.6","0","23","17","22","1","13","3","1","14","7","1","1","0","0","0.6363636363636364","0.7647058823529411","0.7","0.55"
"13","0.4","0.4","0","33","20","19","1","14","5","1","12","6","1","1","0","0","0.631578947368421","0.7","0.675","0.475"
"9","0.2","1","0","91","18","20","2","14","3","1","15","4","1","2","0","0","0.75","0.7777777777777778","0.775","0.5"
"12","0.4","0.2","1","37","38","2","0","23","12","3","0","2","0","0","0","0","0","0.6052631578947368","0.575","0.05"
"11","0.4","0.2","0","67","40","0","0","24","13","3","0","0","0","0","0","0","0","0.6","0.6","0"
"14","0.4","0.4","1","32","20","19","1","14","5","1","12","6","1","1","0","0","0.631578947368421","0.7","0.675","0.475"
"15","0.4","0.6","0","24","17","22","1","13","3","1","14","7","1","1","0","0","0.6363636363636364","0.7647058823529411","0.7","0.55"
"13","0.4","0.4","0","34","20","19","1","14","5","1","12","6","1","1","0","0","0.631578947368421","0.7","0.675","0.475"
"9","0.2","1","0","92","18","20","2","14","3","1","15","4","1","2","0","0","0.75","0.7777777777777778","0.775","0.5"
"12","0.4","0.2","1","38","38","2","0","23","12","3","0","2","0","0","0","0","0","0.6052631578947368","0.575","0.05"
"14","0.4","0.4","1","33","20","19","1","14","5","1","12","6","1","1","0","0","0.631578947368421","0.7","0.675","0.475"
"15","0.4","0.6","0","25","17","22","1","13","3","1","14","7","1","1","0","0","0.6363636363636364","0.7647058823529411","0.7","0.55"
"9","0.2","1","0","93","18","20","2","14","3","1","15","4","1","2","0","0","0.75","0.7777777777777778","0.775","0.5"
"13","0.4","0.4","0","35","20","19","1","14","5","1","12","6","1","1","0","0","0.631578947368421","0.7","0.675","0.475"
"11","0.4","0.2","0","68","40","0","0","24","13","3","0","0","0","0","0","0","0","0.6","0.6","0"
"14","0.4","0.4","1","34","20","19","1","14","5","1","12","6","1","1","0","0","0.631578947368421","0.7","0.675","0.475"
"12","0.4","0.2","1","39","38","2","0","23","12","3","0","2","0","0","0","0","0","0.6052631578947368","0.575","0.05"
"9","0.2","1","0","94","18","20","2","14","3","1","15","4","1","2","0","0","0.75","0.7777777777777778","0.775","0.5"
"15","0.4","0.6","0","26","17","22","1","13","3","1","14","7","1","1","0","0","0.6363636363636364","0.7647058823529411","0.7","0.55"
"13","0.4","0.4","0","36","20","19","1","14","5","1","12","6","1","1","0","0","0.631578947368421","0.7","0.675","0.475"
"11","0.4","0.2","0","69","40","0","0","24","13","3","0","0","0","0","0","0","0","0.6","0.6","0"
"9","0.2","1","0","95","18","20","2","14","3","1","15","4","1","2","0","0","0.75","0.7777777777777778","0.775","0.5"
"12","0.4","0.2","1","40","38","2","0","23","12","3","0","2","0","0","0","0","0","0.6052631578947368","0.575","0.05"
"14","0.4","0.4","1","35","20","19","1","14","5","1","12","6","1","1","0","0","0.631578947368421","0.7","0.675","0.475"
"15","0.4","0.6","0","27","17","22","1","13","3","1","14","7","1","1","0","0","0.6363636363636364","0.7647058823529411","0.7","0.55"
"13","0.4","0.4","0","37","20","19","1","14","5","1","12","6","1","1","0","0","0.631578947368421","0.7","0.675","0.475"
"11","0.4","0.2","0","70","40","0","0","24","13","3","0","0","0","0","0","0","0","0.6","0.6","0"
"9","0.2","1","0","96","18","20","2","14","3","1","15","4","1","2","0","0","0.75","0.7777777777777778","0.775","0.5"
"14","0.4","0.4","1","36","20","19","1","14","5","1","12","6","1","1","0","0","0.631578947368421","0.7","0.675","0.475"
"15","0.4","0.6","0","28","17","22","1","13","3","1","14","7","1","1","0","0","0.6363636363636364","0.7647058823529411","0.7","0.55"
"13","0.4","0.4","0","38","20","19","1","14","5","1","12","6","1","1","0","0","0.631578947368421","0.7","0.675","0.475"
"16","0.4","0.6","1","0","0","0","0","0","0","0","0","0","0","0","0","0","0","0","0","0"
"12","0.4","0.2","1","41","40","0","0","24","13","3","0","0","0","0","0","0","0","0.6","0.6","0"
"11","0.4","0.2","0","71","40","0","0","24","13","3","0","0","0","0","0","0","0","0.6","0.6","0"
"14","0.4","0.4","1","37","20","19","1","14","5","1","12","6","1","1","0","0","0.631578947368421","0.7","0.675","0.475"
"13","0.4","0.4","0","39","20","19","1","14","5","1","12","6","1","1","0","0","0.631578947368421","0.7","0.675","0.475"
"15","0.4","0.6","0","29","17","22","1","13","3","1","14","7","1","1","0","0","0.6363636363636364","0.7647058823529411","0.7","0.55"
"9","0.2","1","0","97","18","20","2","14","3","1","15","4","1","2","0","0","0.75","0.7777777777777778","0.775","0.5"
"14","0.4","0.4","1","38","20","19","1","14","5","1","12","6","1","1","0","0","0.631578947368421","0.7","0.675","0.475"
"12","0.4","0.2","1","42","40","0","0","24","13","3","0","0","0","0","0","0","0","0.6","0.6","0"
"11","0.4","0.2","0","72","40","0","0","24","13","3","0","0","0","0","0","0","0","0.6","0.6","0"
"9","0.2","1","0","98","18","20","2","14","3","1","15","4","1","2","0","0","0.75","0.7777777777777778","0.775","0.5"
"13","0.4","0.4","0","40","20","19","1","14","5","1","12","6","1","1","0","0","0.631578947368421","0.7","0.675","0.475"
"15","0.4","0.6","0","30","17","22","1","13","3","1","14","7","1","1","0","0","0.6363636363636364","0.7647058823529411","0.7","0.55"
"16","0.4","0.6","1","1","16","20","4","11","5","0","15","4","1","4","0","0","0.75","0.6875","0.75","0.5"
"12","0.4","0.2","1","43","40","0","0","24","13","3","0","0","0","0","0","0","0","0.6","0.6","0"
"14","0.4","0.4","1","39","20","19","1","14","5","1","12","6","1","1","0","0","0.631578947368421","0.7","0.675","0.475"
"9","0.2","1","0","99","18","20","2","14","3","1","15","4","1","2","0","0","0.75","0.7777777777777778","0.775","0.5"
"11","0.4","0.2","0","73","40","0","0","24","13","3","0","0","0","0","0","0","0","0.6","0.6","0"
"15","0.4","0.6","0","31","17","22","1","13","3","1","14","7","1","1","0","0","0.6363636363636364","0.7647058823529411","0.7","0.55"
"13","0.4","0.4","0","41","19","20","1","12","6","1","12","8","0","1","0","0","0.6","0.631578947368421","0.625","0.5"
"15","0.4","0.6","0","32","17","22","1","13","3","1","14","7","1","1","0","0","0.6363636363636364","0.7647058823529411","0.7","0.55"
"9","0.2","1","0","100","18","20","2","14","3","1","15","4","1","2","0","0","0.75","0.7777777777777778","0.775","0.5"
"14","0.4","0.4","1","40","20","19","1","14","5","1","12","6","1","1","0","0","0.631578947368421","0.7","0.675","0.475"
"11","0.4","0.2","0","74","40","0","0","24","13","3","0","0","0","0","0","0","0","0.6","0.6","0"
"12","0.4","0.2","1","44","40","0","0","24","13","3","0","0","0","0","0","0","0","0.6","0.6","0"
"13","0.4","0.4","0","42","17","22","1","12","4","1","15","7","0","1","0","0","0.6818181818181818","0.7058823529411765","0.7","0.55"
"15","0.4","0.6","0","33","17","22","1","13","3","1","14","7","1","1","0","0","0.6363636363636364","0.7647058823529411","0.7","0.55"
"11","0.4","0.2","0","75","40","0","0","24","13","3","0","0","0","0","0","0","0","0.6","0.6","0"
"16","0.4","0.6","1","2","18","21","1","14","3","1","14","6","1","1","0","0","0.6666666666666666","0.7777777777777778","0.725","0.525"
"12","0.4","0.2","1","45","40","0","0","24","13","3","0","0","0","0","0","0","0","0.6","0.6","0"
"14","0.4","0.4","1","41","19","20","1","12","6","1","12","8","0","1","0","0","0.6","0.631578947368421","0.625","0.5"
"13","0.4","0.4","0","43","16","23","1","11","5","0","15","8","0","1","0","0","0.6521739130434783","0.6875","0.675","0.575"
"15","0.4","0.6","0","34","17","22","1","13","3","1","14","7","1","1","0","0","0.6363636363636364","0.7647058823529411","0.7","0.55"
"14","0.4","0.4","1","42","17","22","1","12","4","1","15","7","0","1","0","0","0.6818181818181818","0.7058823529411765","0.7","0.55"
"15","0.4","0.6","0","35","17","22","1","13","3","1","14","7","1","1","0","0","0.6363636363636364","0.7647058823529411","0.7","0.55"
"12","0.4","0.2","1","46","40","0","0","24","13","3","0","0","0","0","0","0","0","0.6","0.6","0"
"13","0.4","0.4","0","44","14","25","1","9","5","0","17","8","0","1","0","0","0.68","0.6428571428571429","0.675","0.625"
"11","0.4","0.2","0","76","40","0","0","24","13","3","0","0","0","0","0","0","0","0.6","0.6","0"
"15","0.4","0.6","0","36","17","22","1","13","3","1","14","7","1","1","0","0","0.6363636363636364","0.7647058823529411","0.7","0.55"
"16","0.4","0.6","1","3","17","22","1","13","3","1","14","7","1","1","0","0","0.6363636363636364","0.7647058823529411","0.7","0.55"
"14","0.4","0.4","1","43","16","23","1","11","5","0","15","8","0","1","0","0","0.6521739130434783","0.6875","0.675","0.575"
"12","0.4","0.2","1","47","40","0","0","24","13","3","0","0","0","0","0","0","0","0.6","0.6","0"
"11","0.4","0.2","0","77","40","0","0","24","13","3","0","0","0","0","0","0","0","0.6","0.6","0"
"13","0.4","0.4","0","45","11","28","1","9","2","0","19","9","0","1","0","0","0.6785714285714286","0.8181818181818182","0.725","0.7"
"15","0.4","0.6","0","37","17","22","1","13","3","1","14","7","1","1","0","0","0.6363636363636364","0.7647058823529411","0.7","0.55"
"12","0.4","0.2","1","48","40","0","0","24","13","3","0","0","0","0","0","0","0","0.6","0.6","0"
"14","0.4","0.4","1","44","14","25","1","9","5","0","17","8","0","1","0","0","0.68","0.6428571428571429","0.675","0.625"
"10","0.2","1","1","51","13","25","2","2","10","1","20","4","1","2","0","0","0.8","0.15384615384615385","0.6","0.625"
"11","0.4","0.2","0","78","40","0","0","24","13","3","0","0","0","0","0","0","0","0.6","0.6","0"
"16","0.4","0.6","1","4","17","22","1","13","3","1","14","7","1","1","0","0","0.6363636363636364","0.7647058823529411","0.7","0.55"
"17","0.4","0.8","0","0","0","0","0","0","0","0","0","0","0","0","0","0","0","0","0","0"
"14","0.4","0.4","1","45","11","28","1","9","2","0","19","9","0","1","0","0","0.6785714285714286","0.8181818181818182","0.725","0.7"
"12","0.4","0.2","1","49","40","0","0","24","13","3","0","0","0","0","0","0","0","0.6","0.6","0"
"13","0.4","0.4","0","46","11","28","1","9","2","0","19","9","0","1","0","0","0.6785714285714286","0.8181818181818182","0.725","0.7"
"10","0.2","1","1","52","13","25","2","2","11","0","20","4","1","2","0","0","0.8","0.15384615384615385","0.6","0.625"
"11","0.4","0.2","0","79","40","0","0","24","13","3","0","0","0","0","0","0","0","0.6","0.6","0"
"13","0.4","0.4","0","47","12","27","1","9","3","0","18","9","0","1","0","0","0.6666666666666666","0.75","0.7","0.675"
"15","0.4","0.6","0","38","17","22","1","13","3","1","14","7","1","1","0","0","0.6363636363636364","0.7647058823529411","0.7","0.55"
"14","0.4","0.4","1","46","11","28","1","9","2","0","19","9","0","1","0","0","0.6785714285714286","0.8181818181818182","0.725","0.7"
"10","0.2","1","1","53","13","25","2","2","11","0","20","4","1","2","0","0","0.8","0.15384615384615385","0.6","0.625"
"12","0.4","0.2","1","50","40","0","0","24","13","3","0","0","0","0","0","0","0","0.6","0.6","0"
"11","0.4","0.2","0","80","40","0","0","24","13","3","0","0","0","0","0","0","0","0.6","0.6","0"
"17","0.4","0.8","0","1","16","20","4","11","5","0","15","4","1","4","0","0","0.75","0.6875","0.75","0.5"
"16","0.4","0.6","1","5","17","22","1","13","3","1","14","7","1","1","0","0","0.6363636363636364","0.7647058823529411","0.7","0.55"
"15","0.4","0.6","0","39","17","22","1","13","3","1","14","7","1","1","0","0","0.6363636363636364","0.7647058823529411","0.7","0.55"
"14","0.4","0.4","1","47","12","27","1","9","3","0","18","9","0","1","0","0","0.6666666666666666","0.75","0.7","0.675"
"13","0.4","0.4","0","48","11","28","1","9","2","0","19","9","0","1","0","0","0.6785714285714286","0.8181818181818182","0.725","0.7"
"10","0.2","1","1","54","13","25","2","2","11","0","20","4","1","2","0","0","0.8","0.15384615384615385","0.6","0.625"
"17","0.4","0.8","0","2","18","21","1","14","3","1","14","6","1","1","0","0","0.6666666666666666","0.7777777777777778","0.725","0.525"
"11","0.4","0.2","0","81","40","0","0","24","13","3","0","0","0","0","0","0","0","0.6","0.6","0"
"15","0.4","0.6","0","40","17","22","1","13","3","1","14","7","1","1","0","0","0.6363636363636364","0.7647058823529411","0.7","0.55"
"14","0.4","0.4","1","48","11","28","1","9","2","0","19","9","0","1","0","0","0.6785714285714286","0.8181818181818182","0.725","0.7"
"13","0.4","0.4","0","49","11","28","1","9","2","0","19","9","0","1","0","0","0.6785714285714286","0.8181818181818182","0.725","0.7"
"17","0.4","0.8","0","3","17","22","1","13","3","1","14","7","1","1","0","0","0.6363636363636364","0.7647058823529411","0.7","0.55"
"16","0.4","0.6","1","6","17","22","1","13","3","1","14","7","1","1","0","0","0.6363636363636364","0.7647058823529411","0.7","0.55"
"15","0.4","0.6","0","41","19","20","1","14","4","1","13","6","1","1","0","0","0.65","0.7368421052631579","0.7","0.5"
"10","0.2","1","1","55","13","25","2","2","11","0","20","4","1","2","0","0","0.8","0.15384615384615385","0.6","0.625"
"14","0.4","0.4","1","49","11","28","1","9","2","0","19","9","0","1","0","0","0.6785714285714286","0.8181818181818182","0.725","0.7"
"13","0.4","0.4","0","50","11","28","1","9","2","0","19","9","0","1","0","0","0.6785714285714286","0.8181818181818182","0.725","0.7"
"17","0.4","0.8","0","4","17","22","1","13","3","1","14","7","1","1","0","0","0.6363636363636364","0.7647058823529411","0.7","0.55"
"15","0.4","0.6","0","42","19","20","1","14","4","1","13","6","1","1","0","0","0.65","0.7368421052631579","0.7","0.5"
"11","0.4","0.2","0","82","40","0","0","24","13","3","0","0","0","0","0","0","0","0.6","0.6","0"
"10","0.2","1","1","56","13","25","2","2","11","0","20","4","1","2","0","0","0.8","0.15384615384615385","0.6","0.625"
"14","0.4","0.4","1","50","11","28","1","9","2","0","19","9","0","1","0","0","0.6785714285714286","0.8181818181818182","0.725","0.7"
"13","0.4","0.4","0","51","5","34","1","4","1","0","24","10","0","1","0","0","0.7058823529411765","0.8","0.725","0.85"
"16","0.4","0.6","1","7","17","22","1","13","3","1","14","7","1","1","0","0","0.6363636363636364","0.7647058823529411","0.7","0.55"
"17","0.4","0.8","0","5","17","22","1","13","3","1","14","7","1","1","0","0","0.6363636363636364","0.7647058823529411","0.7","0.55"
"15","0.4","0.6","0","43","19","20","1","14","4","1","13","6","1","1","0","0","0.65","0.7368421052631579","0.7","0.5"
"11","0.4","0.2","0","83","40","0","0","24","13","3","0","0","0","0","0","0","0","0.6","0.6","0"
"10","0.2","1","1","57","13","25","2","2","11","0","20","4","1","2","0","0","0.8","0.15384615384615385","0.6","0.625"
"13","0.4","0.4","0","52","5","35","0","3","2","0","24","11","0","0","0","0","0.6857142857142857","0.6","0.675","0.875"
"17","0.4","0.8","0","6","17","22","1","13","3","1","14","7","1","1","0","0","0.6363636363636364","0.7647058823529411","0.7","0.55"
"15","0.4","0.6","0","44","19","20","1","14","4","1","13","6","1","1","0","0","0.65","0.7368421052631579","0.7","0.5"
"11","0.4","0.2","0","84","40","0","0","24","13","3","0","0","0","0","0","0","0","0.6","0.6","0"
"16","0.4","0.6","1","8","17","22","1","13","3","1","14","7","1","1","0","0","0.6363636363636364","0.7647058823529411","0.7","0.55"
"10","0.2","1","1","58","13","25","2","2","11","0","20","4","1","2","0","0","0.8","0.15384615384615385","0.6","0.625"
"17","0.4","0.8","0","7","17","22","1","13","3","1","14","7","1","1","0","0","0.6363636363636364","0.7647058823529411","0.7","0.55"
"15","0.4","0.6","0","45","19","20","1","14","4","1","13","6","1","1","0","0","0.65","0.7368421052631579","0.7","0.5"
"13","0.4","0.4","0","53","4","36","0","3","1","0","26","10","0","0","0","0","0.7222222222222222","0.75","0.725","0.9"
"11","0.4","0.2","0","85","40","0","0","24","13","3","0","0","0","0","0","0","0","0.6","0.6","0"
"17","0.4","0.8","0","8","17","22","1","13","3","1","14","7","1","1","0","0","0.6363636363636364","0.7647058823529411","0.7","0.55"
"15","0.4","0.6","0","46","19","20","1","14","4","1","13","6","1","1","0","0","0.65","0.7368421052631579","0.7","0.5"
"10","0.2","1","1","59","13","25","2","2","11","0","20","4","1","2","0","0","0.8","0.15384615384615385","0.6","0.625"
"13","0.4","0.4","0","54","4","36","0","3","1","0","26","10","0","0","0","0","0.7222222222222222","0.75","0.725","0.9"
"16","0.4","0.6","1","9","17","22","1","13","3","1","14","7","1","1","0","0","0.6363636363636364","0.7647058823529411","0.7","0.55"
"17","0.4","0.8","0","9","17","22","1","13","3","1","14","7","1","1","0","0","0.6363636363636364","0.7647058823529411","0.7","0.55"
"11","0.4","0.2","0","86","40","0","0","24","13","3","0","0","0","0","0","0","0","0.6","0.6","0"
"15","0.4","0.6","0","47","19","20","1","14","4","1","13","6","1","1","0","0","0.65","0.7368421052631579","0.7","0.5"
"17","0.4","0.8","0","10","17","22","1","13","3","1","14","7","1","1","0","0","0.6363636363636364","0.7647058823529411","0.7","0.55"
"13","0.4","0.4","0","55","4","36","0","3","1","0","26","10","0","0","0","0","0.7222222222222222","0.75","0.725","0.9"
"10","0.2","1","1","60","13","25","2","2","11","0","20","4","1","2","0","0","0.8","0.15384615384615385","0.6","0.625"
"11","0.4","0.2","0","87","40","0","0","24","13","3","0","0","0","0","0","0","0","0.6","0.6","0"
"15","0.4","0.6","0","48","19","20","1","14","4","1","13","6","1","1","0","0","0.65","0.7368421052631579","0.7","0.5"
"17","0.4","0.8","0","11","17","22","1","13","3","1","14","7","1","1","0","0","0.6363636363636364","0.7647058823529411","0.7","0.55"
"16","0.4","0.6","1","10","17","22","1","13","3","1","14","7","1","1","0","0","0.6363636363636364","0.7647058823529411","0.7","0.55"
"15","0.4","0.6","0","49","19","20","1","14","4","1","13","6","1","1","0","0","0.65","0.7368421052631579","0.7","0.5"
"13","0.4","0.4","0","56","4","36","0","3","1","0","26","10","0","0","0","0","0.7222222222222222","0.75","0.725","0.9"
"11","0.4","0.2","0","88","40","0","0","24","13","3","0","0","0","0","0","0","0","0.6","0.6","0"
"10","0.2","1","1","61","13","25","2","2","11","0","20","4","1","2","0","0","0.8","0.15384615384615385","0.6","0.625"
"17","0.4","0.8","0","12","17","22","1","13","3","1","14","7","1","1","0","0","0.6363636363636364","0.7647058823529411","0.7","0.55"
"15","0.4","0.6","0","50","19","20","1","14","4","1","13","6","1","1","0","0","0.65","0.7368421052631579","0.7","0.5"
"13","0.4","0.4","0","57","4","36","0","3","1","0","26","10","0","0","0","0","0.7222222222222222","0.75","0.725","0.9"
"16","0.4","0.6","1","11","17","22","1","13","3","1","14","7","1","1","0","0","0.6363636363636364","0.7647058823529411","0.7","0.55"
"11","0.4","0.2","0","89","40","0","0","24","13","3","0","0","0","0","0","0","0","0.6","0.6","0"
"10","0.2","1","1","62","13","25","2","2","11","0","20","4","1","2","0","0","0.8","0.15384615384615385","0.6","0.625"
"17","0.4","0.8","0","13","17","22","1","13","3","1","14","7","1","1","0","0","0.6363636363636364","0.7647058823529411","0.7","0.55"
"15","0.4","0.6","0","51","20","19","1","14","5","1","12","6","1","1","0","0","0.631578947368421","0.7","0.675","0.475"
"13","0.4","0.4","0","58","4","36","0","3","1","0","26","10","0","0","0","0","0.7222222222222222","0.75","0.725","0.9"
"10","0.2","1","1","63","13","25","2","2","11","0","20","4","1","2","0","0","0.8","0.15384615384615385","0.6","0.625"
"15","0.4","0.6","0","52","20","19","1","14","5","1","12","6","1","1","0","0","0.631578947368421","0.7","0.675","0.475"
"17","0.4","0.8","0","14","17","22","1","13","3","1","14","7","1","1","0","0","0.6363636363636364","0.7647058823529411","0.7","0.55"
"11","0.4","0.2","0","90","40","0","0","24","13","3","0","0","0","0","0","0","0","0.6","0.6","0"
"16","0.4","0.6","1","12","17","22","1","13","3","1","14","7","1","1","0","0","0.6363636363636364","0.7647058823529411","0.7","0.55"
"13","0.4","0.4","0","59","4","36","0","3","1","0","26","10","0","0","0","0","0.7222222222222222","0.75","0.725","0.9"
"17","0.4","0.8","0","15","17","22","1","13","3","1","14","7","1","1","0","0","0.6363636363636364","0.7647058823529411","0.7","0.55"
"15","0.4","0.6","0","53","20","19","1","14","5","1","12","6","1","1","0","0","0.631578947368421","0.7","0.675","0.475"
"10","0.2","1","1","64","13","25","2","2","11","0","20","4","1","2","0","0","0.8","0.15384615384615385","0.6","0.625"
"11","0.4","0.2","0","91","40","0","0","24","13","3","0","0","0","0","0","0","0","0.6","0.6","0"
"17","0.4","0.8","0","16","17","22","1","13","3","1","14","7","1","1","0","0","0.6363636363636364","0.7647058823529411","0.7","0.55"
"13","0.4","0.4","0","60","4","36","0","3","1","0","26","10","0","0","0","0","0.7222222222222222","0.75","0.725","0.9"
"15","0.4","0.6","0","54","20","19","1","14","5","1","12","6","1","1","0","0","0.631578947368421","0.7","0.675","0.475"
"16","0.4","0.6","1","13","17","22","1","13","3","1","14","7","1","1","0","0","0.6363636363636364","0.7647058823529411","0.7","0.55"
"11","0.4","0.2","0","92","40","0","0","24","13","3","0","0","0","0","0","0","0","0.6","0.6","0"
"17","0.4","0.8","0","17","17","22","1","13","3","1","14","7","1","1","0","0","0.6363636363636364","0.7647058823529411","0.7","0.55"
"13","0.4","0.4","0","61","1","39","0","1","0","0","28","11","0","0","0","0","0.717948717948718","1","0.725","0.975"
"17","0.4","0.8","0","18","17","22","1","13","3","1","14","7","1","1","0","0","0.6363636363636364","0.7647058823529411","0.7","0.55"
"15","0.4","0.6","0","55","20","19","1","14","5","1","12","6","1","1","0","0","0.631578947368421","0.7","0.675","0.475"
"16","0.4","0.6","1","14","17","22","1","13","3","1","14","7","1","1","0","0","0.6363636363636364","0.7647058823529411","0.7","0.55"
"11","0.4","0.2","0","93","40","0","0","24","13","3","0","0","0","0","0","0","0","0.6","0.6","0"
"17","0.4","0.8","0","19","17","22","1","13","3","1","14","7","1","1","0","0","0.6363636363636364","0.7647058823529411","0.7","0.55"
"10","0.2","1","1","65","13","25","2","2","11","0","20","4","1","2","0","0","0.8","0.15384615384615385","0.6","0.625"
"13","0.4","0.4","0","62","1","39","0","1","0","0","28","11","0","0","0","0","0.717948717948718","1","0.725","0.975"
"15","0.4","0.6","0","56","20","19","1","14","5","1","12","6","1","1","0","0","0.631578947368421","0.7","0.675","0.475"
"17","0.4","0.8","0","20","17","22","1","13","3","1","14","7","1","1","0","0","0.6363636363636364","0.7647058823529411","0.7","0.55"
"11","0.4","0.2","0","94","40","0","0","24","13","3","0","0","0","0","0","0","0","0.6","0.6","0"
"15","0.4","0.6","0","57","20","19","1","14","5","1","12","6","1","1","0","0","0.631578947368421","0.7","0.675","0.475"
"10","0.2","1","1","66","13","25","2","2","11","0","20","4","1","2","0","0","0.8","0.15384615384615385","0.6","0.625"
"13","0.4","0.4","0","63","1","39","0","1","0","0","28","11","0","0","0","0","0.717948717948718","1","0.725","0.975"
"17","0.4","0.8","0","21","17","22","1","13","3","1","14","7","1","1","0","0","0.6363636363636364","0.7647058823529411","0.7","0.55"
"16","0.4","0.6","1","15","17","22","1","13","3","1","14","7","1","1","0","0","0.6363636363636364","0.7647058823529411","0.7","0.55"
"11","0.4","0.2","0","95","40","0","0","24","13","3","0","0","0","0","0","0","0","0.6","0.6","0"
"15","0.4","0.6","0","58","20","19","1","14","5","1","12","6","1","1","0","0","0.631578947368421","0.7","0.675","0.475"
"10","0.2","1","1","67","13","25","2","2","11","0","20","4","1","2","0","0","0.8","0.15384615384615385","0.6","0.625"
"17","0.4","0.8","0","22","17","22","1","13","3","1","14","7","1","1","0","0","0.6363636363636364","0.7647058823529411","0.7","0.55"
"13","0.4","0.4","0","64","1","39","0","1","0","0","28","11","0","0","0","0","0.717948717948718","1","0.725","0.975"
"15","0.4","0.6","0","59","20","19","1","14","5","1","12","6","1","1","0","0","0.631578947368421","0.7","0.675","0.475"
"11","0.4","0.2","0","96","40","0","0","24","13","3","0","0","0","0","0","0","0","0.6","0.6","0"
"16","0.4","0.6","1","16","17","22","1","13","3","1","14","7","1","1","0","0","0.6363636363636364","0.7647058823529411","0.7","0.55"
"17","0.4","0.8","0","23","17","22","1","13","3","1","14","7","1","1","0","0","0.6363636363636364","0.7647058823529411","0.7","0.55"
"15","0.4","0.6","0","60","20","19","1","14","5","1","12","6","1","1","0","0","0.631578947368421","0.7","0.675","0.475"
"10","0.2","1","1","68","13","25","2","2","11","0","20","4","1","2","0","0","0.8","0.15384615384615385","0.6","0.625"
"11","0.4","0.2","0","97","40","0","0","24","13","3","0","0","0","0","0","0","0","0.6","0.6","0"
"17","0.4","0.8","0","24","17","22","1","13","3","1","14","7","1","1","0","0","0.6363636363636364","0.7647058823529411","0.7","0.55"
"13","0.4","0.4","0","65","1","39","0","1","0","0","28","11","0","0","0","0","0.717948717948718","1","0.725","0.975"
"16","0.4","0.6","1","17","17","22","1","13","3","1","14","7","1","1","0","0","0.6363636363636364","0.7647058823529411","0.7","0.55"
"17","0.4","0.8","0","25","17","22","1","13","3","1","14","7","1","1","0","0","0.6363636363636364","0.7647058823529411","0.7","0.55"
"10","0.2","1","1","69","13","25","2","2","11","0","20","4","1","2","0","0","0.8","0.15384615384615385","0.6","0.625"
"11","0.4","0.2","0","98","40","0","0","24","13","3","0","0","0","0","0","0","0","0.6","0.6","0"
"13","0.4","0.4","0","66","1","39","0","1","0","0","28","11","0","0","0","0","0.717948717948718","1","0.725","0.975"
"15","0.4","0.6","0","61","19","20","1","12","6","1","12","8","0","1","0","0","0.6","0.631578947368421","0.625","0.5"
"17","0.4","0.8","0","26","17","22","1","13","3","1","14","7","1","1","0","0","0.6363636363636364","0.7647058823529411","0.7","0.55"
"10","0.2","1","1","70","13","25","2","2","11","0","20","4","1","2","0","0","0.8","0.15384615384615385","0.6","0.625"
"13","0.4","0.4","0","67","1","39","0","1","0","0","28","11","0","0","0","0","0.717948717948718","1","0.725","0.975"
"11","0.4","0.2","0","99","40","0","0","24","13","3","0","0","0","0","0","0","0","0.6","0.6","0"
"16","0.4","0.6","1","18","17","22","1","13","3","1","14","7","1","1","0","0","0.6363636363636364","0.7647058823529411","0.7","0.55"
"17","0.4","0.8","0","27","17","22","1","13","3","1","14","7","1","1","0","0","0.6363636363636364","0.7647058823529411","0.7","0.55"
"11","0.4","0.2","0","100","40","0","0","24","13","3","0","0","0","0","0","0","0","0.6","0.6","0"
"15","0.4","0.6","0","62","17","22","1","12","4","1","15","7","0","1","0","0","0.6818181818181818","0.7058823529411765","0.7","0.55"
"10","0.2","1","1","71","13","25","2","2","11","0","20","4","1","2","0","0","0.8","0.15384615384615385","0.6","0.625"
"13","0.4","0.4","0","68","1","39","0","1","0","0","28","11","0","0","0","0","0.717948717948718","1","0.725","0.975"
"17","0.4","0.8","0","28","17","22","1","13","3","1","14","7","1","1","0","0","0.6363636363636364","0.7647058823529411","0.7","0.55"
"16","0.4","0.6","1","19","17","22","1","13","3","1","14","7","1","1","0","0","0.6363636363636364","0.7647058823529411","0.7","0.55"
"10","0.2","1","1","72","13","25","2","2","11","0","20","4","1","2","0","0","0.8","0.15384615384615385","0.6","0.625"
"15","0.4","0.6","0","63","16","23","1","11","5","0","15","8","0","1","0","0","0.6521739130434783","0.6875","0.675","0.575"
"17","0.4","0.8","0","29","17","22","1","13","3","1","14","7","1","1","0","0","0.6363636363636364","0.7647058823529411","0.7","0.55"
"13","0.4","0.4","0","69","1","39","0","1","0","0","28","11","0","0","0","0","0.717948717948718","1","0.725","0.975"
"10","0.2","1","1","73","13","25","2","2","11","0","20","4","1","2","0","0","0.8","0.15384615384615385","0.6","0.625"
"17","0.4","0.8","0","30","17","22","1","13","3","1","14","7","1","1","0","0","0.6363636363636364","0.7647058823529411","0.7","0.55"
"16","0.4","0.6","1","20","17","22","1","13","3","1","14","7","1","1","0","0","0.6363636363636364","0.7647058823529411","0.7","0.55"
"13","0.4","0.4","0","70","1","39","0","1","0","0","28","11","0","0","0","0","0.717948717948718","1","0.725","0.975"
"15","0.4","0.6","0","64","13","26","1","9","4","0","18","8","0","1","0","0","0.6923076923076923","0.6923076923076923","0.7","0.65"
"10","0.2","1","1","74","13","25","2","2","11","0","20","4","1","2","0","0","0.8","0.15384615384615385","0.6","0.625"
"17","0.4","0.8","0","31","17","22","1","13","3","1","14","7","1","1","0","0","0.6363636363636364","0.7647058823529411","0.7","0.55"
"13","0.4","0.4","0","71","0","40","0","0","0","0","29","11","0","0","0","0","0.725","0","0.725","1"
"17","0.4","0.8","0","32","17","22","1","13","3","1","14","7","1","1","0","0","0.6363636363636364","0.7647058823529411","0.7","0.55"
"16","0.4","0.6","1","21","17","22","1","13","3","1","14","7","1","1","0","0","0.6363636363636364","0.7647058823529411","0.7","0.55"
"10","0.2","1","1","75","13","25","2","2","11","0","20","4","1","2","0","0","0.8","0.15384615384615385","0.6","0.625"
"17","0.4","0.8","0","33","17","22","1","13","3","1","14","7","1","1","0","0","0.6363636363636364","0.7647058823529411","0.7","0.55"
"13","0.4","0.4","0","72","0","40","0","0","0","0","29","11","0","0","0","0","0.725","0","0.725","1"
"15","0.4","0.6","0","65","12","27","1","9","3","0","18","9","0","1","0","0","0.6666666666666666","0.75","0.7","0.675"
"17","0.4","0.8","0","34","17","22","1","13","3","1","14","7","1","1","0","0","0.6363636363636364","0.7647058823529411","0.7","0.55"
"10","0.2","1","1","76","13","25","2","2","11","0","20","4","1","2","0","0","0.8","0.15384615384615385","0.6","0.625"
"16","0.4","0.6","1","22","17","22","1","13","3","1","14","7","1","1","0","0","0.6363636363636364","0.7647058823529411","0.7","0.55"
"13","0.4","0.4","0","73","0","40","0","0","0","0","29","11","0","0","0","0","0.725","0","0.725","1"
"17","0.4","0.8","0","35","17","22","1","13","3","1","14","7","1","1","0","0","0.6363636363636364","0.7647058823529411","0.7","0.55"
"10","0.2","1","1","77","13","25","2","2","11","0","20","4","1","2","0","0","0.8","0.15384615384615385","0.6","0.625"
"15","0.4","0.6","0","66","11","28","1","9","2","0","19","9","0","1","0","0","0.6785714285714286","0.8181818181818182","0.725","0.7"
"18","0.4","0.8","1","0","0","0","0","0","0","0","0","0","0","0","0","0","0","0","0","0"
"13","0.4","0.4","0","74","0","40","0","0","0","0","29","11","0","0","0","0","0.725","0","0.725","1"
"17","0.4","0.8","0","36","17","22","1","13","3","1","14","7","1","1","0","0","0.6363636363636364","0.7647058823529411","0.7","0.55"
"16","0.4","0.6","1","23","17","22","1","13","3","1","14","7","1","1","0","0","0.6363636363636364","0.7647058823529411","0.7","0.55"
"10","0.2","1","1","78","13","25","2","2","11","0","20","4","1","2","0","0","0.8","0.15384615384615385","0.6","0.625"
"15","0.4","0.6","0","67","11","28","1","9","2","0","19","9","0","1","0","0","0.6785714285714286","0.8181818181818182","0.725","0.7"
"18","0.4","0.8","1","1","16","20","4","11","5","0","15","4","1","4","0","0","0.75","0.6875","0.75","0.5"
"13","0.4","0.4","0","75","0","40","0","0","0","0","29","11","0","0","0","0","0.725","0","0.725","1"
"17","0.4","0.8","0","37","17","22","1","13","3","1","14","7","1","1","0","0","0.6363636363636364","0.7647058823529411","0.7","0.55"
"18","0.4","0.8","1","2","18","21","1","14","3","1","14","6","1","1","0","0","0.6666666666666666","0.7777777777777778","0.725","0.525"
"15","0.4","0.6","0","68","11","28","1","9","2","0","19","9","0","1","0","0","0.6785714285714286","0.8181818181818182","0.725","0.7"
"10","0.2","1","1","79","13","25","2","2","11","0","20","4","1","2","0","0","0.8","0.15384615384615385","0.6","0.625"
"16","0.4","0.6","1","24","17","22","1","13","3","1","14","7","1","1","0","0","0.6363636363636364","0.7647058823529411","0.7","0.55"
"18","0.4","0.8","1","3","17","22","1","13","3","1","14","7","1","1","0","0","0.6363636363636364","0.7647058823529411","0.7","0.55"
"17","0.4","0.8","0","38","17","22","1","13","3","1","14","7","1","1","0","0","0.6363636363636364","0.7647058823529411","0.7","0.55"
"13","0.4","0.4","0","76","0","40","0","0","0","0","29","11","0","0","0","0","0.725","0","0.725","1"
"15","0.4","0.6","0","69","11","28","1","9","2","0","19","9","0","1","0","0","0.6785714285714286","0.8181818181818182","0.725","0.7"
"10","0.2","1","1","80","13","25","2","2","11","0","20","4","1","2","0","0","0.8","0.15384615384615385","0.6","0.625"
"18","0.4","0.8","1","4","17","22","1","13","3","1","14","7","1","1","0","0","0.6363636363636364","0.7647058823529411","0.7","0.55"
"17","0.4","0.8","0","39","17","22","1","13","3","1","14","7","1","1","0","0","0.6363636363636364","0.7647058823529411","0.7","0.55"
"16","0.4","0.6","1","25","17","22","1","13","3","1","14","7","1","1","0","0","0.6363636363636364","0.7647058823529411","0.7","0.55"
"13","0.4","0.4","0","77","0","40","0","0","0","0","29","11","0","0","0","0","0.725","0","0.725","1"
"15","0.4","0.6","0","70","11","28","1","9","2","0","19","9","0","1","0","0","0.6785714285714286","0.8181818181818182","0.725","0.7"
"18","0.4","0.8","1","5","17","22","1","13","3","1","14","7","1","1","0","0","0.6363636363636364","0.7647058823529411","0.7","0.55"
"17","0.4","0.8","0","40","17","22","1","13","3","1","14","7","1","1","0","0","0.6363636363636364","0.7647058823529411","0.7","0.55"
"10","0.2","1","1","81","13","25","2","2","11","0","20","4","1","2","0","0","0.8","0.15384615384615385","0.6","0.625"
"13","0.4","0.4","0","78","0","40","0","0","0","0","29","11","0","0","0","0","0.725","0","0.725","1"
"18","0.4","0.8","1","6","17","22","1","13","3","1","14","7","1","1","0","0","0.6363636363636364","0.7647058823529411","0.7","0.55"
"17","0.4","0.8","0","41","17","22","1","13","3","1","14","7","1","1","0","0","0.6363636363636364","0.7647058823529411","0.7","0.55"
"15","0.4","0.6","0","71","6","33","1","5","1","0","23","10","0","1","0","0","0.696969696969697","0.8333333333333334","0.725","0.825"
"16","0.4","0.6","1","26","17","22","1","13","3","1","14","7","1","1","0","0","0.6363636363636364","0.7647058823529411","0.7","0.55"
"10","0.2","1","1","82","13","25","2","2","11","0","20","4","1","2","0","0","0.8","0.15384615384615385","0.6","0.625"
"13","0.4","0.4","0","79","0","40","0","0","0","0","29","11","0","0","0","0","0.725","0","0.725","1"
"18","0.4","0.8","1","7","17","22","1","13","3","1","14","7","1","1","0","0","0.6363636363636364","0.7647058823529411","0.7","0.55"
"17","0.4","0.8","0","42","17","22","1","13","3","1","14","7","1","1","0","0","0.6363636363636364","0.7647058823529411","0.7","0.55"
"15","0.4","0.6","0","72","5","34","1","4","1","0","24","10","0","1","0","0","0.7058823529411765","0.8","0.725","0.85"
"10","0.2","1","1","83","13","25","2","2","11","0","20","4","1","2","0","0","0.8","0.15384615384615385","0.6","0.625"
"13","0.4","0.4","0","80","0","40","0","0","0","0","29","11","0","0","0","0","0.725","0","0.725","1"
"17","0.4","0.8","0","43","17","22","1","13","3","1","14","7","1","1","0","0","0.6363636363636364","0.7647058823529411","0.7","0.55"
"16","0.4","0.6","1","27","17","22","1","13","3","1","14","7","1","1","0","0","0.6363636363636364","0.7647058823529411","0.7","0.55"
"18","0.4","0.8","1","8","17","22","1","13","3","1","14","7","1","1","0","0","0.6363636363636364","0.7647058823529411","0.7","0.55"
"15","0.4","0.6","0","73","6","34","0","4","2","0","24","10","0","0","0","0","0.7058823529411765","0.6666666666666666","0.7","0.85"
"17","0.4","0.8","0","44","17","22","1","13","3","1","14","7","1","1","0","0","0.6363636363636364","0.7647058823529411","0.7","0.55"
"18","0.4","0.8","1","9","17","22","1","13","3","1","14","7","1","1","0","0","0.6363636363636364","0.7647058823529411","0.7","0.55"
"10","0.2","1","1","84","13","25","2","2","11","0","20","4","1","2","0","0","0.8","0.15384615384615385","0.6","0.625"
"13","0.4","0.4","0","81","0","40","0","0","0","0","29","11","0","0","0","0","0.725","0","0.725","1"
"12","0.4","0.2","1","51","21","19","0","14","7","0","6","12","1","0","0","0","0.3157894736842105","0.6666666666666666","0.5","0.475"
"16","0.4","0.6","1","28","17","22","1","13","3","1","14","7","1","1","0","0","0.6363636363636364","0.7647058823529411","0.7","0.55"
"15","0.4","0.6","0","74","5","35","0","4","1","0","26","9","0","0","0","0","0.7428571428571429","0.8","0.75","0.875"
"17","0.4","0.8","0","45","17","22","1","13","3","1","14","7","1","1","0","0","0.6363636363636364","0.7647058823529411","0.7","0.55"
"18","0.4","0.8","1","10","17","22","1","13","3","1","14","7","1","1","0","0","0.6363636363636364","0.7647058823529411","0.7","0.55"
"10","0.2","1","1","85","13","25","2","2","11","0","20","4","1","2","0","0","0.8","0.15384615384615385","0.6","0.625"
"14","0.4","0.4","1","51","8","32","0","1","6","1","30","2","0","0","0","0","0.9375","0.125","0.775","0.8"
"18","0.4","0.8","1","11","17","22","1","13","3","1","14","7","1","1","0","0","0.6363636363636364","0.7647058823529411","0.7","0.55"
"12","0.4","0.2","1","52","18","22","0","14","4","0","9","12","1","0","0","0","0.4090909090909091","0.7777777777777778","0.575","0.55"
"17","0.4","0.8","0","46","17","22","1","13","3","1","14","7","1","1","0","0","0.6363636363636364","0.7647058823529411","0.7","0.55"
"15","0.4","0.6","0","75","5","35","0","4","1","0","26","9","0","0","0","0","0.7428571428571429","0.8","0.75","0.875"
"13","0.4","0.4","0","82","0","40","0","0","0","0","29","11","0","0","0","0","0.725","0","0.725","1"
"10","0.2","1","1","86","13","25","2","2","11","0","20","4","1","2","0","0","0.8","0.15384615384615385","0.6","0.625"
"18","0.4","0.8","1","12","17","22","1","13","3","1","14","7","1","1","0","0","0.6363636363636364","0.7647058823529411","0.7","0.55"
"15","0.4","0.6","0","76","5","35","0","4","1","0","26","9","0","0","0","0","0.7428571428571429","0.8","0.75","0.875"
"17","0.4","0.8","0","47","17","22","1","13","3","1","14","7","1","1","0","0","0.6363636363636364","0.7647058823529411","0.7","0.55"
"16","0.4","0.6","1","29","17","22","1","13","3","1","14","7","1","1","0","0","0.6363636363636364","0.7647058823529411","0.7","0.55"
"12","0.4","0.2","1","53","14","26","0","10","4","0","11","13","2","0","0","0","0.4230769230769231","0.7142857142857143","0.525","0.65"
"14","0.4","0.4","1","52","8","32","0","1","7","0","31","1","0","0","0","0","0.96875","0.125","0.8","0.8"
"13","0.4","0.4","0","83","0","40","0","0","0","0","29","11","0","0","0","0","0.725","0","0.725","1"
"10","0.2","1","1","87","13","25","2","2","11","0","20","4","1","2","0","0","0.8","0.15384615384615385","0.6","0.625"
"18","0.4","0.8","1","13","17","22","1","13","3","1","14","7","1","1","0","0","0.6363636363636364","0.7647058823529411","0.7","0.55"
"17","0.4","0.8","0","48","17","22","1","13","3","1","14","7","1","1","0","0","0.6363636363636364","0.7647058823529411","0.7","0.55"
"15","0.4","0.6","0","77","5","35","0","4","1","0","26","9","0","0","0","0","0.7428571428571429","0.8","0.75","0.875"
"14","0.4","0.4","1","53","8","32","0","1","7","0","31","1","0","0","0","0","0.96875","0.125","0.8","0.8"
"13","0.4","0.4","0","84","0","40","0","0","0","0","29","11","0","0","0","0","0.725","0","0.725","1"
"12","0.4","0.2","1","54","10","30","0","7","3","0","14","14","2","0","0","0","0.4666666666666667","0.7","0.525","0.75"
"17","0.4","0.8","0","49","17","22","1","13","3","1","14","7","1","1","0","0","0.6363636363636364","0.7647058823529411","0.7","0.55"
"18","0.4","0.8","1","14","17","22","1","13","3","1","14","7","1","1","0","0","0.6363636363636364","0.7647058823529411","0.7","0.55"
"16","0.4","0.6","1","30","17","22","1","13","3","1","14","7","1","1","0","0","0.6363636363636364","0.7647058823529411","0.7","0.55"
"10","0.2","1","1","88","13","25","2","2","11","0","20","4","1","2","0","0","0.8","0.15384615384615385","0.6","0.625"
"15","0.4","0.6","0","78","5","35","0","4","1","0","26","9","0","0","0","0","0.7428571428571429","0.8","0.75","0.875"
"13","0.4","0.4","0","85","0","40","0","0","0","0","29","11","0","0","0","0","0.725","0","0.725","1"
"18","0.4","0.8","1","15","17","22","1","13","3","1","14","7","1","1","0","0","0.6363636363636364","0.7647058823529411","0.7","0.55"
"17","0.4","0.8","0","50","17","22","1","13","3","1","14","7","1","1","0","0","0.6363636363636364","0.7647058823529411","0.7","0.55"
"14","0.4","0.4","1","54","8","32","0","0","8","0","31","1","0","0","0","0","0.96875","0","0.775","0.8"
"10","0.2","1","1","89","13","25","2","2","11","0","20","4","1","2","0","0","0.8","0.15384615384615385","0.6","0.625"
"16","0.4","0.6","1","31","17","22","1","13","3","1","14","7","1","1","0","0","0.6363636363636364","0.7647058823529411","0.7","0.55"
"15","0.4","0.6","0","79","5","35","0","4","1","0","26","9","0","0","0","0","0.7428571428571429","0.8","0.75","0.875"
"13","0.4","0.4","0","86","0","40","0","0","0","0","29","11","0","0","0","0","0.725","0","0.725","1"
"17","0.4","0.8","0","51","19","20","1","14","4","1","13","6","1","1","0","0","0.65","0.7368421052631579","0.7","0.5"
"12","0.4","0.2","1","55","8","32","0","5","3","0","16","14","2","0","0","0","0.5","0.625","0.525","0.8"
"18","0.4","0.8","1","16","17","22","1","13","3","1","14","7","1","1","0","0","0.6363636363636364","0.7647058823529411","0.7","0.55"
"10","0.2","1","1","90","13","25","2","2","11","0","20","4","1","2","0","0","0.8","0.15384615384615385","0.6","0.625"
"17","0.4","0.8","0","52","19","20","1","14","4","1","13","6","1","1","0","0","0.65","0.7368421052631579","0.7","0.5"
"13","0.4","0.4","0","87","0","40","0","0","0","0","29","11","0","0","0","0","0.725","0","0.725","1"
"14","0.4","0.4","1","55","7","32","1","0","7","0","31","1","0","1","0","0","0.96875","0","0.8","0.8"
"15","0.4","0.6","0","80","5","35","0","4","1","0","26","9","0","0","0","0","0.7428571428571429","0.8","0.75","0.875"
"18","0.4","0.8","1","17","17","22","1","13","3","1","14","7","1","1","0","0","0.6363636363636364","0.7647058823529411","0.7","0.55"
"17","0.4","0.8","0","53","19","20","1","14","4","1","13","6","1","1","0","0","0.65","0.7368421052631579","0.7","0.5"
"16","0.4","0.6","1","32","17","22","1","13","3","1","14","7","1","1","0","0","0.6363636363636364","0.7647058823529411","0.7","0.55"
"13","0.4","0.4","0","88","0","40","0","0","0","0","29","11","0","0","0","0","0.725","0","0.725","1"
"18","0.4","0.8","1","18","17","22","1","13","3","1","14","7","1","1","0","0","0.6363636363636364","0.7647058823529411","0.7","0.55"
"14","0.4","0.4","1","56","8","32","0","0","8","0","31","1","0","0","0","0","0.96875","0","0.775","0.8"
"12","0.4","0.2","1","56","8","32","0","5","3","0","16","14","2","0","0","0","0.5","0.625","0.525","0.8"
"17","0.4","0.8","0","54","19","20","1","14","4","1","13","6","1","1","0","0","0.65","0.7368421052631579","0.7","0.5"
"15","0.4","0.6","0","81","4","36","0","3","1","0","26","10","0","0","0","0","0.7222222222222222","0.75","0.725","0.9"
"10","0.2","1","1","91","13","25","2","2","11","0","20","4","1","2","0","0","0.8","0.15384615384615385","0.6","0.625"
"18","0.4","0.8","1","19","17","22","1","13","3","1","14","7","1","1","0","0","0.6363636363636364","0.7647058823529411","0.7","0.55"
"17","0.4","0.8","0","55","19","20","1","14","4","1","13","6","1","1","0","0","0.65","0.7368421052631579","0.7","0.5"
"16","0.4","0.6","1","33","17","22","1","13","3","1","14","7","1","1","0","0","0.6363636363636364","0.7647058823529411","0.7","0.55"
"13","0.4","0.4","0","89","0","40","0","0","0","0","29","11","0","0","0","0","0.725","0","0.725","1"
"14","0.4","0.4","1","57","8","32","0","0","8","0","31","1","0","0","0","0","0.96875","0","0.775","0.8"
"15","0.4","0.6","0","82","4","36","0","3","1","0","26","10","0","0","0","0","0.7222222222222222","0.75","0.725","0.9"
"12","0.4","0.2","1","57","8","32","0","5","3","0","16","15","1","0","0","0","0.5","0.625","0.525","0.8"
"10","0.2","1","1","92","13","25","2","2","11","0","20","4","1","2","0","0","0.8","0.15384615384615385","0.6","0.625"
"18","0.4","0.8","1","20","17","22","1","13","3","1","14","7","1","1","0","0","0.6363636363636364","0.7647058823529411","0.7","0.55"
"17","0.4","0.8","0","56","19","20","1","14","4","1","13","6","1","1","0","0","0.65","0.7368421052631579","0.7","0.5"
"14","0.4","0.4","1","58","8","32","0","0","8","0","31","1","0","0","0","0","0.96875","0","0.775","0.8"
"13","0.4","0.4","0","90","0","40","0","0","0","0","29","11","0","0","0","0","0.725","0","0.725","1"
"15","0.4","0.6","0","83","4","36","0","3","1","0","26","10","0","0","0","0","0.7222222222222222","0.75","0.725","0.9"
"16","0.4","0.6","1","34","17","22","1","13","3","1","14","7","1","1","0","0","0.6363636363636364","0.7647058823529411","0.7","0.55"
"17","0.4","0.8","0","57","19","20","1","14","4","1","13","6","1","1","0","0","0.65","0.7368421052631579","0.7","0.5"
"18","0.4","0.8","1","21","17","22","1","13","3","1","14","7","1","1","0","0","0.6363636363636364","0.7647058823529411","0.7","0.55"
"12","0.4","0.2","1","58","8","32","0","5","3","0","16","15","1","0","0","0","0.5","0.625","0.525","0.8"
"14","0.4","0.4","1","59","8","32","0","0","8","0","31","1","0","0","0","0","0.96875","0","0.775","0.8"
"15","0.4","0.6","0","84","4","36","0","3","1","0","26","10","0","0","0","0","0.7222222222222222","0.75","0.725","0.9"
"13","0.4","0.4","0","91","0","40","0","0","0","0","29","11","0","0","0","0","0.725","0","0.725","1"
"17","0.4","0.8","0","58","19","20","1","14","4","1","13","6","1","1","0","0","0.65","0.7368421052631579","0.7","0.5"
"18","0.4","0.8","1","22","17","22","1","13","3","1","14","7","1","1","0","0","0.6363636363636364","0.7647058823529411","0.7","0.55"
"14","0.4","0.4","1","60","8","32","0","0","8","0","31","1","0","0","0","0","0.96875","0","0.775","0.8"
"10","0.2","1","1","93","13","25","2","2","11","0","20","4","1","2","0","0","0.8","0.15384615384615385","0.6","0.625"
"16","0.4","0.6","1","35","17","22","1","13","3","1","14","7","1","1","0","0","0.6363636363636364","0.7647058823529411","0.7","0.55"
"12","0.4","0.2","1","59","8","32","0","5","3","0","16","15","1","0","0","0","0.5","0.625","0.525","0.8"
"13","0.4","0.4","0","92","0","40","0","0","0","0","29","11","0","0","0","0","0.725","0","0.725","1"
"17","0.4","0.8","0","59","19","20","1","14","4","1","13","6","1","1","0","0","0.65","0.7368421052631579","0.7","0.5"
"15","0.4","0.6","0","85","4","36","0","3","1","0","26","10","0","0","0","0","0.7222222222222222","0.75","0.725","0.9"
"18","0.4","0.8","1","23","17","22","1","13","3","1","14","7","1","1","0","0","0.6363636363636364","0.7647058823529411","0.7","0.55"
"10","0.2","1","1","94","13","25","2","2","11","0","20","4","1","2","0","0","0.8","0.15384615384615385","0.6","0.625"
"12","0.4","0.2","1","60","8","32","0","5","3","0","16","15","1","0","0","0","0.5","0.625","0.525","0.8"
"17","0.4","0.8","0","60","19","20","1","14","4","1","13","6","1","1","0","0","0.65","0.7368421052631579","0.7","0.5"
"15","0.4","0.6","0","86","4","36","0","3","1","0","26","10","0","0","0","0","0.7222222222222222","0.75","0.725","0.9"
"18","0.4","0.8","1","24","17","22","1","13","3","1","14","7","1","1","0","0","0.6363636363636364","0.7647058823529411","0.7","0.55"
"13","0.4","0.4","0","93","0","40","0","0","0","0","29","11","0","0","0","0","0.725","0","0.725","1"
"14","0.4","0.4","1","61","8","32","0","0","8","0","31","1","0","0","0","0","0.96875","0","0.775","0.8"
"10","0.2","1","1","95","13","25","2","2","11","0","20","4","1","2","0","0","0.8","0.15384615384615385","0.6","0.625"
"16","0.4","0.6","1","36","17","22","1","13","3","1","14","7","1","1","0","0","0.6363636363636364","0.7647058823529411","0.7","0.55"
"17","0.4","0.8","0","61","19","20","1","14","4","1","13","6","1","1","0","0","0.65","0.7368421052631579","0.7","0.5"
"18","0.4","0.8","1","25","17","22","1","13","3","1","14","7","1","1","0","0","0.6363636363636364","0.7647058823529411","0.7","0.55"
"15","0.4","0.6","0","87","4","36","0","3","1","0","26","10","0","0","0","0","0.7222222222222222","0.75","0.725","0.9"
"13","0.4","0.4","0","94","0","40","0","0","0","0","29","11","0","0","0","0","0.725","0","0.725","1"
"14","0.4","0.4","1","62","8","32","0","0","8","0","31","1","0","0","0","0","0.96875","0","0.775","0.8"
"17","0.4","0.8","0","62","19","20","1","14","4","1","13","6","1","1","0","0","0.65","0.7368421052631579","0.7","0.5"
"18","0.4","0.8","1","26","17","22","1","13","3","1","14","7","1","1","0","0","0.6363636363636364","0.7647058823529411","0.7","0.55"
"10","0.2","1","1","96","13","25","2","2","11","0","20","4","1","2","0","0","0.8","0.15384615384615385","0.6","0.625"
"16","0.4","0.6","1","37","17","22","1","13","3","1","14","7","1","1","0","0","0.6363636363636364","0.7647058823529411","0.7","0.55"
"13","0.4","0.4","0","95","0","40","0","0","0","0","29","11","0","0","0","0","0.725","0","0.725","1"
"12","0.4","0.2","1","61","2","38","0","0","2","0","21","16","1","0","0","0","0.5526315789473685","0","0.525","0.95"
"17","0.4","0.8","0","63","19","20","1","14","4","1","13","6","1","1","0","0","0.65","0.7368421052631579","0.7","0.5"
"15","0.4","0.6","0","88","4","36","0","3","1","0","26","10","0","0","0","0","0.7222222222222222","0.75","0.725","0.9"
"18","0.4","0.8","1","27","17","22","1","13","3","1","14","7","1","1","0","0","0.6363636363636364","0.7647058823529411","0.7","0.55"
"14","0.4","0.4","1","63","8","32","0","0","8","0","31","1","0","0","0","0","0.96875","0","0.775","0.8"
"13","0.4","0.4","0","96","0","40","0","0","0","0","29","11","0","0","0","0","0.725","0","0.725","1"
"17","0.4","0.8","0","64","19","20","1","14","4","1","13","6","1","1","0","0","0.65","0.7368421052631579","0.7","0.5"
"15","0.4","0.6","0","89","4","36","0","3","1","0","26","10","0","0","0","0","0.7222222222222222","0.75","0.725","0.9"
"18","0.4","0.8","1","28","17","22","1","13","3","1","14","7","1","1","0","0","0.6363636363636364","0.7647058823529411","0.7","0.55"
"16","0.4","0.6","1","38","17","22","1","13","3","1","14","7","1","1","0","0","0.6363636363636364","0.7647058823529411","0.7","0.55"
"14","0.4","0.4","1","64","8","32","0","0","8","0","31","1","0","0","0","0","0.96875","0","0.775","0.8"
"10","0.2","1","1","97","13","25","2","2","11","0","20","4","1","2","0","0","0.8","0.15384615384615385","0.6","0.625"
"13","0.4","0.4","0","97","0","40","0","0","0","0","29","11","0","0","0","0","0.725","0","0.725","1"
"17","0.4","0.8","0","65","19","20","1","14","4","1","13","6","1","1","0","0","0.65","0.7368421052631579","0.7","0.5"
"12","0.4","0.2","1","62","1","39","0","0","1","0","25","13","1","0","0","0","0.6410256410256411","0","0.625","0.975"
"18","0.4","0.8","1","29","17","22","1","13","3","1","14","7","1","1","0","0","0.6363636363636364","0.7647058823529411","0.7","0.55"
"15","0.4","0.6","0","90","4","36","0","3","1","0","26","10","0","0","0","0","0.7222222222222222","0.75","0.725","0.9"
"10","0.2","1","1","98","13","25","2","2","11","0","20","4","1","2","0","0","0.8","0.15384615384615385","0.6","0.625"
"13","0.4","0.4","0","98","0","40","0","0","0","0","29","11","0","0","0","0","0.725","0","0.725","1"
"17","0.4","0.8","0","66","19","20","1","14","4","1","13","6","1","1","0","0","0.65","0.7368421052631579","0.7","0.5"
"14","0.4","0.4","1","65","8","32","0","0","8","0","31","1","0","0","0","0","0.96875","0","0.775","0.8"
"16","0.4","0.6","1","39","17","22","1","13","3","1","14","7","1","1","0","0","0.6363636363636364","0.7647058823529411","0.7","0.55"
"18","0.4","0.8","1","30","17","22","1","13","3","1","14","7","1","1","0","0","0.6363636363636364","0.7647058823529411","0.7","0.55"
"17","0.4","0.8","0","67","19","20","1","14","4","1","13","6","1","1","0","0","0.65","0.7368421052631579","0.7","0.5"
"15","0.4","0.6","0","91","1","39","0","1","0","0","28","11","0","0","0","0","0.717948717948718","1","0.725","0.975"
"10","0.2","1","1","99","13","25","2","2","11","0","20","4","1","2","0","0","0.8","0.15384615384615385","0.6","0.625"
"13","0.4","0.4","0","99","0","40","0","0","0","0","29","11","0","0","0","0","0.725","0","0.725","1"
"18","0.4","0.8","1","31","17","22","1","13","3","1","14","7","1","1","0","0","0.6363636363636364","0.7647058823529411","0.7","0.55"
"14","0.4","0.4","1","66","8","32","0","0","8","0","31","1","0","0","0","0","0.96875","0","0.775","0.8"
"12","0.4","0.2","1","63","1","39","0","0","1","0","25","13","1","0","0","0","0.6410256410256411","0","0.625","0.975"
"17","0.4","0.8","0","68","19","20","1","14","4","1","13","6","1","1","0","0","0.65","0.7368421052631579","0.7","0.5"
"16","0.4","0.6","1","40","17","22","1","13","3","1","14","7","1","1","0","0","0.6363636363636364","0.7647058823529411","0.7","0.55"
"13","0.4","0.4","0","100","0","40","0","0","0","0","29","11","0","0","0","0","0.725","0","0.725","1"
"10","0.2","1","1","100","13","25","2","2","11","0","20","4","1","2","0","0","0.8","0.15384615384615385","0.6","0.625"
"15","0.4","0.6","0","92","1","39","0","1","0","0","28","11","0","0","0","0","0.717948717948718","1","0.725","0.975"
"18","0.4","0.8","1","32","17","22","1","13","3","1","14","7","1","1","0","0","0.6363636363636364","0.7647058823529411","0.7","0.55"
"14","0.4","0.4","1","67","8","32","0","0","8","0","31","1","0","0","0","0","0.96875","0","0.775","0.8"
"17","0.4","0.8","0","69","19","20","1","14","4","1","13","6","1","1","0","0","0.65","0.7368421052631579","0.7","0.5"
"18","0.4","0.8","1","33","17","22","1","13","3","1","14","7","1","1","0","0","0.6363636363636364","0.7647058823529411","0.7","0.55"
"17","0.4","0.8","0","70","19","20","1","14","4","1","13","6","1","1","0","0","0.65","0.7368421052631579","0.7","0.5"
"14","0.4","0.4","1","68","8","32","0","0","8","0","31","1","0","0","0","0","0.96875","0","0.775","0.8"
"16","0.4","0.6","1","41","19","20","1","14","4","1","13","6","1","1","0","0","0.65","0.7368421052631579","0.7","0.5"
"17","0.4","0.8","0","71","20","19","1","14","5","1","12","6","1","1","0","0","0.631578947368421","0.7","0.675","0.475"
"12","0.4","0.2","1","64","1","39","0","0","1","0","25","13","1","0","0","0","0.6410256410256411","0","0.625","0.975"
"18","0.4","0.8","1","34","17","22","1","13","3","1","14","7","1","1","0","0","0.6363636363636364","0.7647058823529411","0.7","0.55"
"15","0.4","0.6","0","93","1","39","0","1","0","0","28","11","0","0","0","0","0.717948717948718","1","0.725","0.975"
"14","0.4","0.4","1","69","8","32","0","0","8","0","31","1","0","0","0","0","0.96875","0","0.775","0.8"
"17","0.4","0.8","0","72","20","19","1","14","5","1","12","6","1","1","0","0","0.631578947368421","0.7","0.675","0.475"
"18","0.4","0.8","1","35","17","22","1","13","3","1","14","7","1","1","0","0","0.6363636363636364","0.7647058823529411","0.7","0.55"
"16","0.4","0.6","1","42","19","20","1","14","4","1","13","6","1","1","0","0","0.65","0.7368421052631579","0.7","0.5"
"14","0.4","0.4","1","70","8","32","0","0","8","0","31","1","0","0","0","0","0.96875","0","0.775","0.8"
"18","0.4","0.8","1","36","17","22","1","13","3","1","14","7","1","1","0","0","0.6363636363636364","0.7647058823529411","0.7","0.55"
"15","0.4","0.6","0","94","1","39","0","1","0","0","28","11","0","0","0","0","0.717948717948718","1","0.725","0.975"
"17","0.4","0.8","0","73","20","19","1","14","5","1","12","6","1","1","0","0","0.631578947368421","0.7","0.675","0.475"
"20","0.4","1","1","0","0","0","0","0","0","0","0","0","0","0","0","0","0","0","0","0"
"19","0.4","1","0","0","0","0","0","0","0","0","0","0","0","0","0","0","0","0","0","0"
"12","0.4","0.2","1","65","1","39","0","0","1","0","25","13","1","0","0","0","0.6410256410256411","0","0.625","0.975"
"18","0.4","0.8","1","37","17","22","1","13","3","1","14","7","1","1","0","0","0.6363636363636364","0.7647058823529411","0.7","0.55"
"17","0.4","0.8","0","74","20","19","1","14","5","1","12","6","1","1","0","0","0.631578947368421","0.7","0.675","0.475"
"15","0.4","0.6","0","95","1","39","0","1","0","0","28","11","0","0","0","0","0.717948717948718","1","0.725","0.975"
"14","0.4","0.4","1","71","7","33","0","0","7","0","31","2","0","0","0","0","0.9393939393939394","0","0.775","0.825"
"19","0.4","1","0","1","16","20","4","11","5","0","15","4","1","4","0","0","0.75","0.6875","0.75","0.5"
"17","0.4","0.8","0","75","20","19","1","14","5","1","12","6","1","1","0","0","0.631578947368421","0.7","0.675","0.475"
"18","0.4","0.8","1","38","17","22","1","13","3","1","14","7","1","1","0","0","0.6363636363636364","0.7647058823529411","0.7","0.55"
"20","0.4","1","1","1","16","20","4","11","5","0","15","4","1","4","0","0","0.75","0.6875","0.75","0.5"
"17","0.4","0.8","0","76","20","19","1","14","5","1","12","6","1","1","0","0","0.631578947368421","0.7","0.675","0.475"
"19","0.4","1","0","2","18","21","1","14","3","1","14","6","1","1","0","0","0.6666666666666666","0.7777777777777778","0.725","0.525"
"18","0.4","0.8","1","39","17","22","1","13","3","1","14","7","1","1","0","0","0.6363636363636364","0.7647058823529411","0.7","0.55"
"14","0.4","0.4","1","72","7","33","0","0","7","0","31","2","0","0","0","0","0.9393939393939394","0","0.775","0.825"
"15","0.4","0.6","0","96","1","39","0","1","0","0","28","11","0","0","0","0","0.717948717948718","1","0.725","0.975"
"16","0.4","0.6","1","43","19","20","1","14","4","1","13","6","1","1","0","0","0.65","0.7368421052631579","0.7","0.5"
"20","0.4","1","1","2","18","21","1","14","3","1","14","6","1","1","0","0","0.6666666666666666","0.7777777777777778","0.725","0.525"
"12","0.4","0.2","1","66","1","39","0","0","1","0","25","13","1","0","0","0","0.6410256410256411","0","0.625","0.975"
"18","0.4","0.8","1","40","17","22","1","13","3","1","14","7","1","1","0","0","0.6363636363636364","0.7647058823529411","0.7","0.55"
"17","0.4","0.8","0","77","20","19","1","14","5","1","12","6","1","1","0","0","0.631578947368421","0.7","0.675","0.475"
"19","0.4","1","0","3","17","22","1","13","3","1","14","7","1","1","0","0","0.6363636363636364","0.7647058823529411","0.7","0.55"
"15","0.4","0.6","0","97","1","39","0","1","0","0","28","11","0","0","0","0","0.717948717948718","1","0.725","0.975"
"14","0.4","0.4","1","73","7","33","0","0","7","0","31","2","0","0","0","0","0.9393939393939394","0","0.775","0.825"
"20","0.4","1","1","3","17","22","1","13","3","1","14","7","1","1","0","0","0.6363636363636364","0.7647058823529411","0.7","0.55"
"18","0.4","0.8","1","41","17","22","1","13","3","1","14","7","1","1","0","0","0.6363636363636364","0.7647058823529411","0.7","0.55"
"19","0.4","1","0","4","17","22","1","13","3","1","14","7","1","1","0","0","0.6363636363636364","0.7647058823529411","0.7","0.55"
"16","0.4","0.6","1","44","19","20","1","14","4","1","13","6","1","1","0","0","0.65","0.7368421052631579","0.7","0.5"
"17","0.4","0.8","0","78","20","19","1","14","5","1","12","6","1","1","0","0","0.631578947368421","0.7","0.675","0.475"
"15","0.4","0.6","0","98","1","39","0","1","0","0","28","11","0","0","0","0","0.717948717948718","1","0.725","0.975"
"14","0.4","0.4","1","74","7","33","0","0","7","0","31","2","0","0","0","0","0.9393939393939394","0","0.775","0.825"
"20","0.4","1","1","4","17","22","1","13","3","1","14","7","1","1","0","0","0.6363636363636364","0.7647058823529411","0.7","0.55"
"12","0.4","0.2","1","67","1","39","0","0","1","0","25","13","1","0","0","0","0.6410256410256411","0","0.625","0.975"
"18","0.4","0.8","1","42","17","22","1","13","3","1","14","7","1","1","0","0","0.6363636363636364","0.7647058823529411","0.7","0.55"
"19","0.4","1","0","5","17","22","1","13","3","1","14","7","1","1","0","0","0.6363636363636364","0.7647058823529411","0.7","0.55"
"17","0.4","0.8","0","79","20","19","1","14","5","1","12","6","1","1","0","0","0.631578947368421","0.7","0.675","0.475"
"20","0.4","1","1","5","17","22","1","13","3","1","14","7","1","1","0","0","0.6363636363636364","0.7647058823529411","0.7","0.55"
"14","0.4","0.4","1","75","7","33","0","0","7","0","31","2","0","0","0","0","0.9393939393939394","0","0.775","0.825"
"18","0.4","0.8","1","43","17","22","1","13","3","1","14","7","1","1","0","0","0.6363636363636364","0.7647058823529411","0.7","0.55"
"15","0.4","0.6","0","99","1","39","0","1","0","0","28","11","0","0","0","0","0.717948717948718","1","0.725","0.975"
"16","0.4","0.6","1","45","19","20","1","14","4","1","13","6","1","1","0","0","0.65","0.7368421052631579","0.7","0.5"
"17","0.4","0.8","0","80","20","19","1","14","5","1","12","6","1","1","0","0","0.631578947368421","0.7","0.675","0.475"
"20","0.4","1","1","6","17","22","1","13","3","1","14","7","1","1","0","0","0.6363636363636364","0.7647058823529411","0.7","0.55"
"18","0.4","0.8","1","44","17","22","1","13","3","1","14","7","1","1","0","0","0.6363636363636364","0.7647058823529411","0.7","0.55"
"19","0.4","1","0","6","17","22","1","13","3","1","14","7","1","1","0","0","0.6363636363636364","0.7647058823529411","0.7","0.55"
"14","0.4","0.4","1","76","7","33","0","0","7","0","31","2","0","0","0","0","0.9393939393939394","0","0.775","0.825"
"15","0.4","0.6","0","100","1","39","0","1","0","0","28","11","0","0","0","0","0.717948717948718","1","0.725","0.975"
"12","0.4","0.2","1","68","1","39","0","0","1","0","25","13","1","0","0","0","0.6410256410256411","0","0.625","0.975"
"18","0.4","0.8","1","45","17","22","1","13","3","1","14","7","1","1","0","0","0.6363636363636364","0.7647058823529411","0.7","0.55"
"20","0.4","1","1","7","17","22","1","13","3","1","14","7","1","1","0","0","0.6363636363636364","0.7647058823529411","0.7","0.55"
"19","0.4","1","0","7","17","22","1","13","3","1","14","7","1","1","0","0","0.6363636363636364","0.7647058823529411","0.7","0.55"
"14","0.4","0.4","1","77","7","33","0","0","7","0","31","2","0","0","0","0","0.9393939393939394","0","0.775","0.825"
"17","0.4","0.8","0","81","19","20","1","12","6","1","12","8","0","1","0","0","0.6","0.631578947368421","0.625","0.5"
"16","0.4","0.6","1","46","19","20","1","14","4","1","13","6","1","1","0","0","0.65","0.7368421052631579","0.7","0.5"
"18","0.4","0.8","1","46","17","22","1","13","3","1","14","7","1","1","0","0","0.6363636363636364","0.7647058823529411","0.7","0.55"
"19","0.4","1","0","8","17","22","1","13","3","1","14","7","1","1","0","0","0.6363636363636364","0.7647058823529411","0.7","0.55"
"20","0.4","1","1","8","17","22","1","13","3","1","14","7","1","1","0","0","0.6363636363636364","0.7647058823529411","0.7","0.55"
"14","0.4","0.4","1","78","7","33","0","0","7","0","31","2","0","0","0","0","0.9393939393939394","0","0.775","0.825"
"12","0.4","0.2","1","69","1","39","0","0","1","0","25","13","1","0","0","0","0.6410256410256411","0","0.625","0.975"
"16","0.4","0.6","1","47","19","20","1","14","4","1","13","6","1","1","0","0","0.65","0.7368421052631579","0.7","0.5"
"17","0.4","0.8","0","82","17","22","1","12","4","1","15","7","0","1","0","0","0.6818181818181818","0.7058823529411765","0.7","0.55"
"20","0.4","1","1","9","17","22","1","13","3","1","14","7","1","1","0","0","0.6363636363636364","0.7647058823529411","0.7","0.55"
"19","0.4","1","0","9","17","22","1","13","3","1","14","7","1","1","0","0","0.6363636363636364","0.7647058823529411","0.7","0.55"
"14","0.4","0.4","1","79","7","33","0","0","7","0","31","2","0","0","0","0","0.9393939393939394","0","0.775","0.825"
"20","0.4","1","1","10","17","22","1","13","3","1","14","7","1","1","0","0","0.6363636363636364","0.7647058823529411","0.7","0.55"
"18","0.4","0.8","1","47","17","22","1","13","3","1","14","7","1","1","0","0","0.6363636363636364","0.7647058823529411","0.7","0.55"
"17","0.4","0.8","0","83","16","23","1","11","5","0","15","8","0","1","0","0","0.6521739130434783","0.6875","0.675","0.575"
"12","0.4","0.2","1","70","1","39","0","0","1","0","25","13","1","0","0","0","0.6410256410256411","0","0.625","0.975"
"19","0.4","1","0","10","17","22","1","13","3","1","14","7","1","1","0","0","0.6363636363636364","0.7647058823529411","0.7","0.55"
"16","0.4","0.6","1","48","19","20","1","14","4","1","13","6","1","1","0","0","0.65","0.7368421052631579","0.7","0.5"
"14","0.4","0.4","1","80","7","33","0","0","7","0","31","2","0","0","0","0","0.9393939393939394","0","0.775","0.825"
"18","0.4","0.8","1","48","17","22","1","13","3","1","14","7","1","1","0","0","0.6363636363636364","0.7647058823529411","0.7","0.55"
"19","0.4","1","0","11","17","22","1","13","3","1","14","7","1","1","0","0","0.6363636363636364","0.7647058823529411","0.7","0.55"
"21","0.6","0.2","0","0","0","0","0","0","0","0","0","0","0","0","0","0","0","0","0","0"
"17","0.4","0.8","0","84","13","26","1","9","4","0","18","8","0","1","0","0","0.6923076923076923","0.6923076923076923","0.7","0.65"
"19","0.4","1","0","12","17","22","1","13","3","1","14","7","1","1","0","0","0.6363636363636364","0.7647058823529411","0.7","0.55"
"12","0.4","0.2","1","71","0","40","0","0","0","0","26","13","1","0","0","0","0.65","0","0.65","1"
"18","0.4","0.8","1","49","17","22","1","13","3","1","14","7","1","1","0","0","0.6363636363636364","0.7647058823529411","0.7","0.55"
"20","0.4","1","1","11","17","22","1","13","3","1","14","7","1","1","0","0","0.6363636363636364","0.7647058823529411","0.7","0.55"
"14","0.4","0.4","1","81","5","35","0","0","5","0","33","2","0","0","0","0","0.9428571428571428","0","0.825","0.875"
"16","0.4","0.6","1","49","19","20","1","14","4","1","13","6","1","1","0","0","0.65","0.7368421052631579","0.7","0.5"
"17","0.4","0.8","0","85","11","28","1","9","2","0","19","9","0","1","0","0","0.6785714285714286","0.8181818181818182","0.725","0.7"
"21","0.6","0.2","0","1","16","20","4","11","5","0","15","4","1","4","0","0","0.75","0.6875","0.75","0.5"
"19","0.4","1","0","13","17","22","1","13","3","1","14","7","1","1","0","0","0.6363636363636364","0.7647058823529411","0.7","0.55"
"18","0.4","0.8","1","50","17","22","1","13","3","1","14","7","1","1","0","0","0.6363636363636364","0.7647058823529411","0.7","0.55"
"20","0.4","1","1","12","17","22","1","13","3","1","14","7","1","1","0","0","0.6363636363636364","0.7647058823529411","0.7","0.55"
"14","0.4","0.4","1","82","4","36","0","0","4","0","34","2","0","0","0","0","0.9444444444444444","0","0.85","0.9"
"17","0.4","0.8","0","86","11","28","1","9","2","0","19","9","0","1","0","0","0.6785714285714286","0.8181818181818182","0.725","0.7"
"21","0.6","0.2","0","2","18","21","1","14","3","1","14","6","1","1","0","0","0.6666666666666666","0.7777777777777778","0.725","0.525"
"19","0.4","1","0","14","17","22","1","13","3","1","14","7","1","1","0","0","0.6363636363636364","0.7647058823529411","0.7","0.55"
"20","0.4","1","1","13","17","22","1","13","3","1","14","7","1","1","0","0","0.6363636363636364","0.7647058823529411","0.7","0.55"
"12","0.4","0.2","1","72","0","40","0","0","0","0","26","13","1","0","0","0","0.65","0","0.65","1"
"17","0.4","0.8","0","87","11","28","1","9","2","0","19","9","0","1","0","0","0.6785714285714286","0.8181818181818182","0.725","0.7"
"16","0.4","0.6","1","50","19","20","1","14","4","1","13","6","1","1","0","0","0.65","0.7368421052631579","0.7","0.5"
"19","0.4","1","0","15","17","22","1","13","3","1","14","7","1","1","0","0","0.6363636363636364","0.7647058823529411","0.7","0.55"
"20","0.4","1","1","14","17","22","1","13","3","1","14","7","1","1","0","0","0.6363636363636364","0.7647058823529411","0.7","0.55"
"21","0.6","0.2","0","3","17","22","1","13","3","1","14","7","1","1","0","0","0.6363636363636364","0.7647058823529411","0.7","0.55"
"14","0.4","0.4","1","83","3","37","0","0","3","0","35","2","0","0","0","0","0.9459459459459459","0","0.875","0.925"
"19","0.4","1","0","16","17","22","1","13","3","1","14","7","1","1","0","0","0.6363636363636364","0.7647058823529411","0.7","0.55"
"17","0.4","0.8","0","88","11","28","1","9","2","0","19","9","0","1","0","0","0.6785714285714286","0.8181818181818182","0.725","0.7"
"20","0.4","1","1","15","17","22","1","13","3","1","14","7","1","1","0","0","0.6363636363636364","0.7647058823529411","0.7","0.55"
"12","0.4","0.2","1","73","0","40","0","0","0","0","26","13","1","0","0","0","0.65","0","0.65","1"
"21","0.6","0.2","0","4","17","22","1","13","3","1","14","7","1","1","0","0","0.6363636363636364","0.7647058823529411","0.7","0.55"
"14","0.4","0.4","1","84","2","38","0","0","2","0","36","2","0","0","0","0","0.9473684210526315","0","0.9","0.95"
"19","0.4","1","0","17","17","22","1","13","3","1","14","7","1","1","0","0","0.6363636363636364","0.7647058823529411","0.7","0.55"
"20","0.4","1","1","16","17","22","1","13","3","1","14","7","1","1","0","0","0.6363636363636364","0.7647058823529411","0.7","0.55"
"21","0.6","0.2","0","5","17","22","1","13","3","1","14","7","1","1","0","0","0.6363636363636364","0.7647058823529411","0.7","0.55"
"17","0.4","0.8","0","89","11","28","1","9","2","0","19","9","0","1","0","0","0.6785714285714286","0.8181818181818182","0.725","0.7"
"12","0.4","0.2","1","74","0","40","0","0","0","0","26","13","1","0","0","0","0.65","0","0.65","1"
"19","0.4","1","0","18","17","22","1","13","3","1","14","7","1","1","0","0","0.6363636363636364","0.7647058823529411","0.7","0.55"
"20","0.4","1","1","17","17","22","1","13","3","1","14","7","1","1","0","0","0.6363636363636364","0.7647058823529411","0.7","0.55"
"21","0.6","0.2","0","6","17","22","1","13","3","1","14","7","1","1","0","0","0.6363636363636364","0.7647058823529411","0.7","0.55"
"14","0.4","0.4","1","85","2","38","0","0","2","0","36","2","0","0","0","0","0.9473684210526315","0","0.9","0.95"
"17","0.4","0.8","0","90","11","28","1","9","2","0","19","9","0","1","0","0","0.6785714285714286","0.8181818181818182","0.725","0.7"
"19","0.4","1","0","19","17","22","1","13","3","1","14","7","1","1","0","0","0.6363636363636364","0.7647058823529411","0.7","0.55"
"20","0.4","1","1","18","17","22","1","13","3","1","14","7","1","1","0","0","0.6363636363636364","0.7647058823529411","0.7","0.55"
"21","0.6","0.2","0","7","17","22","1","13","3","1","14","7","1","1","0","0","0.6363636363636364","0.7647058823529411","0.7","0.55"
"19","0.4","1","0","20","17","22","1","13","3","1","14","7","1","1","0","0","0.6363636363636364","0.7647058823529411","0.7","0.55"
"12","0.4","0.2","1","75","0","40","0","0","0","0","26","13","1","0","0","0","0.65","0","0.65","1"
"14","0.4","0.4","1","86","2","38","0","0","2","0","36","2","0","0","0","0","0.9473684210526315","0","0.9","0.95"
"20","0.4","1","1","19","17","22","1","13","3","1","14","7","1","1","0","0","0.6363636363636364","0.7647058823529411","0.7","0.55"
"17","0.4","0.8","0","91","11","28","1","9","2","0","19","9","0","1","0","0","0.6785714285714286","0.8181818181818182","0.725","0.7"
"21","0.6","0.2","0","8","17","22","1","13","3","1","14","7","1","1","0","0","0.6363636363636364","0.7647058823529411","0.7","0.55"
"19","0.4","1","0","21","17","22","1","13","3","1","14","7","1","1","0","0","0.6363636363636364","0.7647058823529411","0.7","0.55"
"20","0.4","1","1","20","17","22","1","13","3","1","14","7","1","1","0","0","0.6363636363636364","0.7647058823529411","0.7","0.55"
"21","0.6","0.2","0","9","17","22","1","13","3","1","14","7","1","1","0","0","0.6363636363636364","0.7647058823529411","0.7","0.55"
"14","0.4","0.4","1","87","2","38","0","0","2","0","36","2","0","0","0","0","0.9473684210526315","0","0.9","0.95"
"17","0.4","0.8","0","92","11","28","1","9","2","0","19","9","0","1","0","0","0.6785714285714286","0.8181818181818182","0.725","0.7"
"19","0.4","1","0","22","17","22","1","13","3","1","14","7","1","1","0","0","0.6363636363636364","0.7647058823529411","0.7","0.55"
"12","0.4","0.2","1","76","0","40","0","0","0","0","26","13","1","0","0","0","0.65","0","0.65","1"
"20","0.4","1","1","21","17","22","1","13","3","1","14","7","1","1","0","0","0.6363636363636364","0.7647058823529411","0.7","0.55"
"21","0.6","0.2","0","10","17","22","1","13","3","1","14","7","1","1","0","0","0.6363636363636364","0.7647058823529411","0.7","0.55"
"19","0.4","1","0","23","17","22","1","13","3","1","14","7","1","1","0","0","0.6363636363636364","0.7647058823529411","0.7","0.55"
"17","0.4","0.8","0","93","11","28","1","9","2","0","19","9","0","1","0","0","0.6785714285714286","0.8181818181818182","0.725","0.7"
"14","0.4","0.4","1","88","2","38","0","0","2","0","36","2","0","0","0","0","0.9473684210526315","0","0.9","0.95"
"20","0.4","1","1","22","17","22","1","13","3","1","14","7","1","1","0","0","0.6363636363636364","0.7647058823529411","0.7","0.55"
"21","0.6","0.2","0","11","20","19","1","14","5","1","12","6","1","1","0","0","0.631578947368421","0.7","0.675","0.475"
"19","0.4","1","0","24","17","22","1","13","3","1","14","7","1","1","0","0","0.6363636363636364","0.7647058823529411","0.7","0.55"
"12","0.4","0.2","1","77","0","40","0","0","0","0","26","13","1","0","0","0","0.65","0","0.65","1"
"17","0.4","0.8","0","94","11","28","1","9","2","0","19","9","0","1","0","0","0.6785714285714286","0.8181818181818182","0.725","0.7"
"20","0.4","1","1","23","17","22","1","13","3","1","14","7","1","1","0","0","0.6363636363636364","0.7647058823529411","0.7","0.55"
"21","0.6","0.2","0","12","20","19","1","14","5","1","12","6","1","1","0","0","0.631578947368421","0.7","0.675","0.475"
"14","0.4","0.4","1","89","2","38","0","0","2","0","36","2","0","0","0","0","0.9473684210526315","0","0.9","0.95"
"19","0.4","1","0","25","17","22","1","13","3","1","14","7","1","1","0","0","0.6363636363636364","0.7647058823529411","0.7","0.55"
"20","0.4","1","1","24","17","22","1","13","3","1","14","7","1","1","0","0","0.6363636363636364","0.7647058823529411","0.7","0.55"
"17","0.4","0.8","0","95","11","28","1","9","2","0","19","9","0","1","0","0","0.6785714285714286","0.8181818181818182","0.725","0.7"
"12","0.4","0.2","1","78","0","40","0","0","0","0","26","13","1","0","0","0","0.65","0","0.65","1"
"21","0.6","0.2","0","13","20","19","1","14","5","1","12","6","1","1","0","0","0.631578947368421","0.7","0.675","0.475"
"19","0.4","1","0","26","17","22","1","13","3","1","14","7","1","1","0","0","0.6363636363636364","0.7647058823529411","0.7","0.55"
"20","0.4","1","1","25","17","22","1","13","3","1","14","7","1","1","0","0","0.6363636363636364","0.7647058823529411","0.7","0.55"
"14","0.4","0.4","1","90","2","38","0","0","2","0","36","2","0","0","0","0","0.9473684210526315","0","0.9","0.95"
"17","0.4","0.8","0","96","11","28","1","9","2","0","19","9","0","1","0","0","0.6785714285714286","0.8181818181818182","0.725","0.7"
"21","0.6","0.2","0","14","20","19","1","14","5","1","12","6","1","1","0","0","0.631578947368421","0.7","0.675","0.475"
"20","0.4","1","1","26","17","22","1","13","3","1","14","7","1","1","0","0","0.6363636363636364","0.7647058823529411","0.7","0.55"
"19","0.4","1","0","27","17","22","1","13","3","1","14","7","1","1","0","0","0.6363636363636364","0.7647058823529411","0.7","0.55"
"12","0.4","0.2","1","79","0","40","0","0","0","0","26","13","1","0","0","0","0.65","0","0.65","1"
"20","0.4","1","1","27","17","22","1","13","3","1","14","7","1","1","0","0","0.6363636363636364","0.7647058823529411","0.7","0.55"
"21","0.6","0.2","0","15","20","19","1","14","5","1","12","6","1","1","0","0","0.631578947368421","0.7","0.675","0.475"
"14","0.4","0.4","1","91","1","39","0","0","1","0","37","2","0","0","0","0","0.9487179487179487","0","0.925","0.975"
"17","0.4","0.8","0","97","11","28","1","9","2","0","19","9","0","1","0","0","0.6785714285714286","0.8181818181818182","0.725","0.7"
"20","0.4","1","1","28","17","22","1","13","3","1","14","7","1","1","0","0","0.6363636363636364","0.7647058823529411","0.7","0.55"
"19","0.4","1","0","28","17","22","1","13","3","1","14","7","1","1","0","0","0.6363636363636364","0.7647058823529411","0.7","0.55"
"12","0.4","0.2","1","80","0","40","0","0","0","0","26","13","1","0","0","0","0.65","0","0.65","1"
"14","0.4","0.4","1","92","1","39","0","0","1","0","37","2","0","0","0","0","0.9487179487179487","0","0.925","0.975"
"17","0.4","0.8","0","98","11","28","1","9","2","0","19","9","0","1","0","0","0.6785714285714286","0.8181818181818182","0.725","0.7"
"21","0.6","0.2","0","16","20","19","1","14","5","1","12","6","1","1","0","0","0.631578947368421","0.7","0.675","0.475"
"19","0.4","1","0","29","17","22","1","13","3","1","14","7","1","1","0","0","0.6363636363636364","0.7647058823529411","0.7","0.55"
"20","0.4","1","1","29","17","22","1","13","3","1","14","7","1","1","0","0","0.6363636363636364","0.7647058823529411","0.7","0.55"
"19","0.4","1","0","30","17","22","1","13","3","1","14","7","1","1","0","0","0.6363636363636364","0.7647058823529411","0.7","0.55"
"21","0.6","0.2","0","17","20","19","1","14","5","1","12","6","1","1","0","0","0.631578947368421","0.7","0.675","0.475"
"20","0.4","1","1","30","17","22","1","13","3","1","14","7","1","1","0","0","0.6363636363636364","0.7647058823529411","0.7","0.55"
"14","0.4","0.4","1","93","1","39","0","0","1","0","37","2","0","0","0","0","0.9487179487179487","0","0.925","0.975"
"19","0.4","1","0","31","17","22","1","13","3","1","14","7","1","1","0","0","0.6363636363636364","0.7647058823529411","0.7","0.55"
"21","0.6","0.2","0","18","20","19","1","14","5","1","12","6","1","1","0","0","0.631578947368421","0.7","0.675","0.475"
"20","0.4","1","1","31","17","22","1","13","3","1","14","7","1","1","0","0","0.6363636363636364","0.7647058823529411","0.7","0.55"
"12","0.4","0.2","1","81","0","40","0","0","0","0","26","13","1","0","0","0","0.65","0","0.65","1"
"17","0.4","0.8","0","99","11","28","1","9","2","0","19","9","0","1","0","0","0.6785714285714286","0.8181818181818182","0.725","0.7"
"19","0.4","1","0","32","17","22","1","13","3","1","14","7","1","1","0","0","0.6363636363636364","0.7647058823529411","0.7","0.55"
"21","0.6","0.2","0","19","20","19","1","14","5","1","12","6","1","1","0","0","0.631578947368421","0.7","0.675","0.475"
"20","0.4","1","1","32","17","22","1","13","3","1","14","7","1","1","0","0","0.6363636363636364","0.7647058823529411","0.7","0.55"
"14","0.4","0.4","1","94","1","39","0","0","1","0","37","2","0","0","0","0","0.9487179487179487","0","0.925","0.975"
"19","0.4","1","0","33","17","22","1","13","3","1","14","7","1","1","0","0","0.6363636363636364","0.7647058823529411","0.7","0.55"
"21","0.6","0.2","0","20","20","19","1","14","5","1","12","6","1","1","0","0","0.631578947368421","0.7","0.675","0.475"
"20","0.4","1","1","33","17","22","1","13","3","1","14","7","1","1","0","0","0.6363636363636364","0.7647058823529411","0.7","0.55"
"12","0.4","0.2","1","82","0","40","0","0","0","0","26","13","1","0","0","0","0.65","0","0.65","1"
"17","0.4","0.8","0","100","11","28","1","9","2","0","19","9","0","1","0","0","0.6785714285714286","0.8181818181818182","0.725","0.7"
"19","0.4","1","0","34","17","22","1","13","3","1","14","7","1","1","0","0","0.6363636363636364","0.7647058823529411","0.7","0.55"
"14","0.4","0.4","1","95","1","39","0","0","1","0","37","2","0","0","0","0","0.9487179487179487","0","0.925","0.975"
"20","0.4","1","1","34","17","22","1","13","3","1","14","7","1","1","0","0","0.6363636363636364","0.7647058823529411","0.7","0.55"
"19","0.4","1","0","35","17","22","1","13","3","1","14","7","1","1","0","0","0.6363636363636364","0.7647058823529411","0.7","0.55"
"20","0.4","1","1","35","17","22","1","13","3","1","14","7","1","1","0","0","0.6363636363636364","0.7647058823529411","0.7","0.55"
"21","0.6","0.2","0","21","25","14","1","14","7","4","9","5","0","1","0","0","0.6428571428571429","0.56","0.6","0.35"
"14","0.4","0.4","1","96","1","39","0","0","1","0","37","2","0","0","0","0","0.9487179487179487","0","0.925","0.975"
"12","0.4","0.2","1","83","0","40","0","0","0","0","26","13","1","0","0","0","0.65","0","0.65","1"
"19","0.4","1","0","36","17","22","1","13","3","1","14","7","1","1","0","0","0.6363636363636364","0.7647058823529411","0.7","0.55"
"20","0.4","1","1","36","17","22","1","13","3","1","14","7","1","1","0","0","0.6363636363636364","0.7647058823529411","0.7","0.55"
"21","0.6","0.2","0","22","29","11","0","17","10","2","7","4","0","0","0","0","0.6363636363636364","0.5862068965517241","0.6","0.275"
"19","0.4","1","0","37","17","22","1","13","3","1","14","7","1","1","0","0","0.6363636363636364","0.7647058823529411","0.7","0.55"
"14","0.4","0.4","1","97","1","39","0","0","1","0","37","2","0","0","0","0","0.9487179487179487","0","0.925","0.975"
"20","0.4","1","1","37","17","22","1","13","3","1","14","7","1","1","0","0","0.6363636363636364","0.7647058823529411","0.7","0.55"
"19","0.4","1","0","38","17","22","1","13","3","1","14","7","1","1","0","0","0.6363636363636364","0.7647058823529411","0.7","0.55"
"12","0.4","0.2","1","84","0","40","0","0","0","0","26","13","1","0","0","0","0.65","0","0.65","1"
"20","0.4","1","1","38","17","22","1","13","3","1","14","7","1","1","0","0","0.6363636363636364","0.7647058823529411","0.7","0.55"
"21","0.6","0.2","0","23","30","10","0","18","10","2","6","4","0","0","0","0","0.6","0.6","0.6","0.25"
"19","0.4","1","0","39","17","22","1","13","3","1","14","7","1","1","0","0","0.6363636363636364","0.7647058823529411","0.7","0.55"
"14","0.4","0.4","1","98","1","39","0","0","1","0","37","2","0","0","0","0","0.9487179487179487","0","0.925","0.975"
"20","0.4","1","1","39","17","22","1","13","3","1","14","7","1","1","0","0","0.6363636363636364","0.7647058823529411","0.7","0.55"
"19","0.4","1","0","40","17","22","1","13","3","1","14","7","1","1","0","0","0.6363636363636364","0.7647058823529411","0.7","0.55"
"12","0.4","0.2","1","85","0","40","0","0","0","0","26","13","1","0","0","0","0.65","0","0.65","1"
"14","0.4","0.4","1","99","1","39","0","0","1","0","37","2","0","0","0","0","0.9487179487179487","0","0.925","0.975"
"21","0.6","0.2","0","24","30","10","0","18","10","2","5","5","0","0","0","0","0.5","0.6","0.575","0.25"
"20","0.4","1","1","40","17","22","1","13","3","1","14","7","1","1","0","0","0.6363636363636364","0.7647058823529411","0.7","0.55"
"19","0.4","1","0","41","17","22","1","13","3","1","14","7","1","1","0","0","0.6363636363636364","0.7647058823529411","0.7","0.55"
"14","0.4","0.4","1","100","1","39","0","0","1","0","37","2","0","0","0","0","0.9487179487179487","0","0.925","0.975"
"21","0.6","0.2","0","25","31","9","0","19","10","2","5","4","0","0","0","0","0.5555555555555556","0.6129032258064516","0.6","0.225"
"20","0.4","1","1","41","17","22","1","13","3","1","14","7","1","1","0","0","0.6363636363636364","0.7647058823529411","0.7","0.55"
"19","0.4","1","0","42","17","22","1","13","3","1","14","7","1","1","0","0","0.6363636363636364","0.7647058823529411","0.7","0.55"
"12","0.4","0.2","1","86","0","40","0","0","0","0","26","13","1","0","0","0","0.65","0","0.65","1"
"19","0.4","1","0","43","17","22","1","13","3","1","14","7","1","1","0","0","0.6363636363636364","0.7647058823529411","0.7","0.55"
"20","0.4","1","1","42","17","22","1","13","3","1","14","7","1","1","0","0","0.6363636363636364","0.7647058823529411","0.7","0.55"
"22","0.6","0.2","1","0","0","0","0","0","0","0","0","0","0","0","0","0","0","0","0","0"
"21","0.6","0.2","0","26","32","8","0","19","10","3","5","3","0","0","0","0","0.625","0.59375","0.6","0.2"
"19","0.4","1","0","44","17","22","1","13","3","1","14","7","1","1","0","0","0.6363636363636364","0.7647058823529411","0.7","0.55"
"20","0.4","1","1","43","17","22","1","13","3","1","14","7","1","1","0","0","0.6363636363636364","0.7647058823529411","0.7","0.55"
"12","0.4","0.2","1","87","0","40","0","0","0","0","26","13","1","0","0","0","0.65","0","0.65","1"
"22","0.6","0.2","1","1","16","20","4","11","5","0","15","4","1","4","0","0","0.75","0.6875","0.75","0.5"
"21","0.6","0.2","0","27","32","8","0","19","10","3","5","3","0","0","0","0","0.625","0.59375","0.6","0.2"
"19","0.4","1","0","45","17","22","1","13","3","1","14","7","1","1","0","0","0.6363636363636364","0.7647058823529411","0.7","0.55"
"20","0.4","1","1","44","17","22","1","13","3","1","14","7","1","1","0","0","0.6363636363636364","0.7647058823529411","0.7","0.55"
"22","0.6","0.2","1","2","18","21","1","14","3","1","14","6","1","1","0","0","0.6666666666666666","0.7777777777777778","0.725","0.525"
"19","0.4","1","0","46","17","22","1","13","3","1","14","7","1","1","0","0","0.6363636363636364","0.7647058823529411","0.7","0.55"
"23","0.6","0.4","0","0","0","0","0","0","0","0","0","0","0","0","0","0","0","0","0","0"
"21","0.6","0.2","0","28","32","8","0","19","10","3","5","3","0","0","0","0","0.625","0.59375","0.6","0.2"
"12","0.4","0.2","1","88","0","40","0","0","0","0","26","13","1","0","0","0","0.65","0","0.65","1"
"20","0.4","1","1","45","17","22","1","13","3","1","14","7","1","1","0","0","0.6363636363636364","0.7647058823529411","0.7","0.55"
"22","0.6","0.2","1","3","17","22","1","13","3","1","14","7","1","1","0","0","0.6363636363636364","0.7647058823529411","0.7","0.55"
"19","0.4","1","0","47","17","22","1","13","3","1","14","7","1","1","0","0","0.6363636363636364","0.7647058823529411","0.7","0.55"
"21","0.6","0.2","0","29","32","8","0","19","10","3","5","3","0","0","0","0","0.625","0.59375","0.6","0.2"
"20","0.4","1","1","46","17","22","1","13","3","1","14","7","1","1","0","0","0.6363636363636364","0.7647058823529411","0.7","0.55"
"23","0.6","0.4","0","1","16","20","4","11","5","0","15","4","1","4","0","0","0.75","0.6875","0.75","0.5"
"22","0.6","0.2","1","4","17","22","1","13","3","1","14","7","1","1","0","0","0.6363636363636364","0.7647058823529411","0.7","0.55"
"12","0.4","0.2","1","89","0","40","0","0","0","0","26","13","1","0","0","0","0.65","0","0.65","1"
"19","0.4","1","0","48","17","22","1","13","3","1","14","7","1","1","0","0","0.6363636363636364","0.7647058823529411","0.7","0.55"
"20","0.4","1","1","47","17","22","1","13","3","1","14","7","1","1","0","0","0.6363636363636364","0.7647058823529411","0.7","0.55"
"21","0.6","0.2","0","30","32","8","0","19","10","3","5","3","0","0","0","0","0.625","0.59375","0.6","0.2"
"22","0.6","0.2","1","5","17","22","1","13","3","1","14","7","1","1","0","0","0.6363636363636364","0.7647058823529411","0.7","0.55"
"23","0.6","0.4","0","2","18","21","1","14","3","1","14","6","1","1","0","0","0.6666666666666666","0.7777777777777778","0.725","0.525"
"19","0.4","1","0","49","17","22","1","13","3","1","14","7","1","1","0","0","0.6363636363636364","0.7647058823529411","0.7","0.55"
"20","0.4","1","1","48","17","22","1","13","3","1","14","7","1","1","0","0","0.6363636363636364","0.7647058823529411","0.7","0.55"
"22","0.6","0.2","1","6","17","22","1","13","3","1","14","7","1","1","0","0","0.6363636363636364","0.7647058823529411","0.7","0.55"
"21","0.6","0.2","0","31","37","3","0","22","12","3","0","3","0","0","0","0","0","0.5945945945945946","0.55","0.075"
"12","0.4","0.2","1","90","0","40","0","0","0","0","26","13","1","0","0","0","0.65","0","0.65","1"
"23","0.6","0.4","0","3","17","22","1","13","3","1","14","7","1","1","0","0","0.6363636363636364","0.7647058823529411","0.7","0.55"
"19","0.4","1","0","50","17","22","1","13","3","1","14","7","1","1","0","0","0.6363636363636364","0.7647058823529411","0.7","0.55"
"20","0.4","1","1","49","17","22","1","13","3","1","14","7","1","1","0","0","0.6363636363636364","0.7647058823529411","0.7","0.55"
"22","0.6","0.2","1","7","17","22","1","13","3","1","14","7","1","1","0","0","0.6363636363636364","0.7647058823529411","0.7","0.55"
"23","0.6","0.4","0","4","17","22","1","13","3","1","14","7","1","1","0","0","0.6363636363636364","0.7647058823529411","0.7","0.55"
"19","0.4","1","0","51","17","22","1","13","3","1","14","7","1","1","0","0","0.6363636363636364","0.7647058823529411","0.7","0.55"
"21","0.6","0.2","0","32","38","2","0","23","12","3","0","2","0","0","0","0","0","0.6052631578947368","0.575","0.05"
"20","0.4","1","1","50","17","22","1","13","3","1","14","7","1","1","0","0","0.6363636363636364","0.7647058823529411","0.7","0.55"
"22","0.6","0.2","1","8","17","22","1","13","3","1","14","7","1","1","0","0","0.6363636363636364","0.7647058823529411","0.7","0.55"
"19","0.4","1","0","52","17","22","1","13","3","1","14","7","1","1","0","0","0.6363636363636364","0.7647058823529411","0.7","0.55"
"23","0.6","0.4","0","5","17","22","1","13","3","1","14","7","1","1","0","0","0.6363636363636364","0.7647058823529411","0.7","0.55"
"12","0.4","0.2","1","91","0","40","0","0","0","0","26","13","1","0","0","0","0.65","0","0.65","1"
"21","0.6","0.2","0","33","38","2","0","23","12","3","0","2","0","0","0","0","0","0.6052631578947368","0.575","0.05"
"23","0.6","0.4","0","6","17","22","1","13","3","1","14","7","1","1","0","0","0.6363636363636364","0.7647058823529411","0.7","0.55"
"22","0.6","0.2","1","9","17","22","1","13","3","1","14","7","1","1","0","0","0.6363636363636364","0.7647058823529411","0.7","0.55"
"19","0.4","1","0","53","17","22","1","13","3","1","14","7","1","1","0","0","0.6363636363636364","0.7647058823529411","0.7","0.55"
"21","0.6","0.2","0","34","38","2","0","23","12","3","0","2","0","0","0","0","0","0.6052631578947368","0.575","0.05"
"23","0.6","0.4","0","7","17","22","1","13","3","1","14","7","1","1","0","0","0.6363636363636364","0.7647058823529411","0.7","0.55"
"12","0.4","0.2","1","92","0","40","0","0","0","0","26","13","1","0","0","0","0.65","0","0.65","1"
"18","0.4","0.8","1","51","12","28","0","3","8","1","22","6","0","0","0","0","0.7857142857142857","0.25","0.625","0.7"
"22","0.6","0.2","1","10","17","22","1","13","3","1","14","7","1","1","0","0","0.6363636363636364","0.7647058823529411","0.7","0.55"
"19","0.4","1","0","54","17","22","1","13","3","1","14","7","1","1","0","0","0.6363636363636364","0.7647058823529411","0.7","0.55"
"23","0.6","0.4","0","8","17","22","1","13","3","1","14","7","1","1","0","0","0.6363636363636364","0.7647058823529411","0.7","0.55"
"21","0.6","0.2","0","35","38","2","0","23","12","3","0","2","0","0","0","0","0","0.6052631578947368","0.575","0.05"
"19","0.4","1","0","55","17","22","1","13","3","1","14","7","1","1","0","0","0.6363636363636364","0.7647058823529411","0.7","0.55"
"22","0.6","0.2","1","11","20","19","1","14","5","1","12","6","1","1","0","0","0.631578947368421","0.7","0.675","0.475"
"18","0.4","0.8","1","52","10","30","0","3","6","1","23","7","0","0","0","0","0.7666666666666667","0.3","0.65","0.75"
"12","0.4","0.2","1","93","0","40","0","0","0","0","26","13","1","0","0","0","0.65","0","0.65","1"
"23","0.6","0.4","0","9","17","22","1","13","3","1","14","7","1","1","0","0","0.6363636363636364","0.7647058823529411","0.7","0.55"
"21","0.6","0.2","0","36","38","2","0","23","12","3","0","2","0","0","0","0","0","0.6052631578947368","0.575","0.05"
"19","0.4","1","0","56","17","22","1","13","3","1","14","7","1","1","0","0","0.6363636363636364","0.7647058823529411","0.7","0.55"
"22","0.6","0.2","1","12","20","19","1","14","5","1","12","6","1","1","0","0","0.631578947368421","0.7","0.675","0.475"
"23","0.6","0.4","0","10","17","22","1","13","3","1","14","7","1","1","0","0","0.6363636363636364","0.7647058823529411","0.7","0.55"
"18","0.4","0.8","1","53","10","30","0","3","6","1","23","6","1","0","0","0","0.7666666666666667","0.3","0.65","0.75"
"19","0.4","1","0","57","17","22","1","13","3","1","14","7","1","1","0","0","0.6363636363636364","0.7647058823529411","0.7","0.55"
"22","0.6","0.2","1","13","20","19","1","14","5","1","12","6","1","1","0","0","0.631578947368421","0.7","0.675","0.475"
"21","0.6","0.2","0","37","38","2","0","23","12","3","0","2","0","0","0","0","0","0.6052631578947368","0.575","0.05"
"23","0.6","0.4","0","11","17","22","1","13","3","1","14","7","1","1","0","0","0.6363636363636364","0.7647058823529411","0.7","0.55"
"12","0.4","0.2","1","94","0","40","0","0","0","0","26","13","1","0","0","0","0.65","0","0.65","1"
"22","0.6","0.2","1","14","20","19","1","14","5","1","12","6","1","1","0","0","0.631578947368421","0.7","0.675","0.475"
"19","0.4","1","0","58","17","22","1","13","3","1","14","7","1","1","0","0","0.6363636363636364","0.7647058823529411","0.7","0.55"
"21","0.6","0.2","0","38","38","2","0","23","12","3","0","2","0","0","0","0","0","0.6052631578947368","0.575","0.05"
"23","0.6","0.4","0","12","17","22","1","13","3","1","14","7","1","1","0","0","0.6363636363636364","0.7647058823529411","0.7","0.55"
"18","0.4","0.8","1","54","10","30","0","3","6","1","24","6","0","0","0","0","0.8","0.3","0.675","0.75"
"22","0.6","0.2","1","15","20","19","1","14","5","1","12","6","1","1","0","0","0.631578947368421","0.7","0.675","0.475"
"19","0.4","1","0","59","17","22","1","13","3","1","14","7","1","1","0","0","0.6363636363636364","0.7647058823529411","0.7","0.55"
"12","0.4","0.2","1","95","0","40","0","0","0","0","26","13","1","0","0","0","0.65","0","0.65","1"
"21","0.6","0.2","0","39","38","2","0","23","12","3","0","2","0","0","0","0","0","0.6052631578947368","0.575","0.05"
"23","0.6","0.4","0","13","17","22","1","13","3","1","14","7","1","1","0","0","0.6363636363636364","0.7647058823529411","0.7","0.55"
"22","0.6","0.2","1","16","20","19","1","14","5","1","12","6","1","1","0","0","0.631578947368421","0.7","0.675","0.475"
"19","0.4","1","0","60","17","22","1","13","3","1","14","7","1","1","0","0","0.6363636363636364","0.7647058823529411","0.7","0.55"
"23","0.6","0.4","0","14","17","22","1","13","3","1","14","7","1","1","0","0","0.6363636363636364","0.7647058823529411","0.7","0.55"
"18","0.4","0.8","1","55","10","30","0","3","6","1","24","6","0","0","0","0","0.8","0.3","0.675","0.75"
"23","0.6","0.4","0","15","17","22","1","13","3","1","14","7","1","1","0","0","0.6363636363636364","0.7647058823529411","0.7","0.55"
"21","0.6","0.2","0","40","38","2","0","23","12","3","0","2","0","0","0","0","0","0.6052631578947368","0.575","0.05"
"12","0.4","0.2","1","96","0","40","0","0","0","0","26","13","1","0","0","0","0.65","0","0.65","1"
"22","0.6","0.2","1","17","20","19","1","14","5","1","12","6","1","1","0","0","0.631578947368421","0.7","0.675","0.475"
"19","0.4","1","0","61","19","20","1","14","4","1","13","6","1","1","0","0","0.65","0.7368421052631579","0.7","0.5"
"18","0.4","0.8","1","56","10","30","0","3","6","1","24","6","0","0","0","0","0.8","0.3","0.675","0.75"
"23","0.6","0.4","0","16","17","22","1","13","3","1","14","7","1","1","0","0","0.6363636363636364","0.7647058823529411","0.7","0.55"
"21","0.6","0.2","0","41","40","0","0","24","13","3","0","0","0","0","0","0","0","0.6","0.6","0"
"22","0.6","0.2","1","18","20","19","1","14","5","1","12","6","1","1","0","0","0.631578947368421","0.7","0.675","0.475"
"19","0.4","1","0","62","19","20","1","14","4","1","13","6","1","1","0","0","0.65","0.7368421052631579","0.7","0.5"
"12","0.4","0.2","1","97","0","40","0","0","0","0","26","13","1","0","0","0","0.65","0","0.65","1"
"16","0.4","0.6","1","51","11","29","0","4","7","0","20","9","0","0","0","0","0.6896551724137931","0.36363636363636365","0.6","0.725"
"23","0.6","0.4","0","17","17","22","1","13","3","1","14","7","1","1","0","0","0.6363636363636364","0.7647058823529411","0.7","0.55"
"22","0.6","0.2","1","19","20","19","1","14","5","1","12","6","1","1","0","0","0.631578947368421","0.7","0.675","0.475"
"19","0.4","1","0","63","19","20","1","14","4","1","13","6","1","1","0","0","0.65","0.7368421052631579","0.7","0.5"
"21","0.6","0.2","0","42","40","0","0","24","13","3","0","0","0","0","0","0","0","0.6","0.6","0"
"18","0.4","0.8","1","57","10","30","0","3","6","1","24","6","0","0","0","0","0.8","0.3","0.675","0.75"
"23","0.6","0.4","0","18","17","22","1","13","3","1","14","7","1","1","0","0","0.6363636363636364","0.7647058823529411","0.7","0.55"
"22","0.6","0.2","1","20","20","19","1","14","5","1","12","6","1","1","0","0","0.631578947368421","0.7","0.675","0.475"
"19","0.4","1","0","64","19","20","1","14","4","1","13","6","1","1","0","0","0.65","0.7368421052631579","0.7","0.5"
"12","0.4","0.2","1","98","0","40","0","0","0","0","26","13","1","0","0","0","0.65","0","0.65","1"
"21","0.6","0.2","0","43","40","0","0","24","13","3","0","0","0","0","0","0","0","0.6","0.6","0"
"23","0.6","0.4","0","19","17","22","1","13","3","1","14","7","1","1","0","0","0.6363636363636364","0.7647058823529411","0.7","0.55"
"19","0.4","1","0","65","19","20","1","14","4","1","13","6","1","1","0","0","0.65","0.7368421052631579","0.7","0.5"
"18","0.4","0.8","1","58","10","30","0","3","6","1","24","6","0","0","0","0","0.8","0.3","0.675","0.75"
"22","0.6","0.2","1","21","25","14","1","14","7","4","9","5","0","1","0","0","0.6428571428571429","0.56","0.6","0.35"
"23","0.6","0.4","0","20","17","22","1","13","3","1","14","7","1","1","0","0","0.6363636363636364","0.7647058823529411","0.7","0.55"
"16","0.4","0.6","1","52","8","32","0","3","5","0","22","10","0","0","0","0","0.6875","0.375","0.625","0.8"
"22","0.6","0.2","1","22","29","11","0","17","10","2","7","4","0","0","0","0","0.6363636363636364","0.5862068965517241","0.6","0.275"
"21","0.6","0.2","0","44","40","0","0","24","13","3","0","0","0","0","0","0","0","0.6","0.6","0"
"19","0.4","1","0","66","19","20","1","14","4","1","13","6","1","1","0","0","0.65","0.7368421052631579","0.7","0.5"
"18","0.4","0.8","1","59","10","30","0","3","6","1","24","6","0","0","0","0","0.8","0.3","0.675","0.75"
"23","0.6","0.4","0","21","19","20","1","14","4","1","13","6","1","1","0","0","0.65","0.7368421052631579","0.7","0.5"
"12","0.4","0.2","1","99","0","40","0","0","0","0","26","13","1","0","0","0","0.65","0","0.65","1"
"23","0.6","0.4","0","22","19","20","1","14","4","1","13","6","1","1","0","0","0.65","0.7368421052631579","0.7","0.5"
"19","0.4","1","0","67","19","20","1","14","4","1","13","6","1","1","0","0","0.65","0.7368421052631579","0.7","0.5"
"21","0.6","0.2","0","45","40","0","0","24","13","3","0","0","0","0","0","0","0","0.6","0.6","0"
"22","0.6","0.2","1","23","30","10","0","18","10","2","6","4","0","0","0","0","0.6","0.6","0.6","0.25"
"18","0.4","0.8","1","60","10","30","0","3","6","1","24","6","0","0","0","0","0.8","0.3","0.675","0.75"
"23","0.6","0.4","0","23","19","20","1","14","4","1","13","6","1","1","0","0","0.65","0.7368421052631579","0.7","0.5"
"12","0.4","0.2","1","100","0","40","0","0","0","0","26","13","1","0","0","0","0.65","0","0.65","1"
"19","0.4","1","0","68","19","20","1","14","4","1","13","6","1","1","0","0","0.65","0.7368421052631579","0.7","0.5"
"16","0.4","0.6","1","53","7","33","0","3","4","0","23","10","0","0","0","0","0.696969696969697","0.42857142857142855","0.65","0.825"
"21","0.6","0.2","0","46","40","0","0","24","13","3","0","0","0","0","0","0","0","0.6","0.6","0"
"23","0.6","0.4","0","24","19","20","1","14","4","1","13","6","1","1","0","0","0.65","0.7368421052631579","0.7","0.5"
"18","0.4","0.8","1","61","10","30","0","3","6","1","24","6","0","0","0","0","0.8","0.3","0.675","0.75"
"19","0.4","1","0","69","19","20","1","14","4","1","13","6","1","1","0","0","0.65","0.7368421052631579","0.7","0.5"
"22","0.6","0.2","1","24","30","10","0","18","10","2","5","5","0","0","0","0","0.5","0.6","0.575","0.25"
"21","0.6","0.2","0","47","40","0","0","24","13","3","0","0","0","0","0","0","0","0.6","0.6","0"
"23","0.6","0.4","0","25","19","20","1","14","4","1","13","6","1","1","0","0","0.65","0.7368421052631579","0.7","0.5"
"18","0.4","0.8","1","62","9","31","0","3","6","0","25","6","0","0","0","0","0.8064516129032258","0.3333333333333333","0.7","0.775"
"19","0.4","1","0","70","19","20","1","14","4","1","13","6","1","1","0","0","0.65","0.7368421052631579","0.7","0.5"
"22","0.6","0.2","1","25","31","9","0","19","10","2","5","4","0","0","0","0","0.5555555555555556","0.6129032258064516","0.6","0.225"
"16","0.4","0.6","1","54","7","33","0","3","4","0","23","10","0","0","0","0","0.696969696969697","0.42857142857142855","0.65","0.825"
"23","0.6","0.4","0","26","19","20","1","14","4","1","13","6","1","1","0","0","0.65","0.7368421052631579","0.7","0.5"
"21","0.6","0.2","0","48","40","0","0","24","13","3","0","0","0","0","0","0","0","0.6","0.6","0"
"19","0.4","1","0","71","19","20","1","14","4","1","13","6","1","1","0","0","0.65","0.7368421052631579","0.7","0.5"
"22","0.6","0.2","1","26","32","8","0","19","10","3","5","3","0","0","0","0","0.625","0.59375","0.6","0.2"
"18","0.4","0.8","1","63","8","32","0","2","6","0","26","6","0","0","0","0","0.8125","0.25","0.7","0.8"
"23","0.6","0.4","0","27","19","20","1","14","4","1","13","6","1","1","0","0","0.65","0.7368421052631579","0.7","0.5"
"21","0.6","0.2","0","49","40","0","0","24","13","3","0","0","0","0","0","0","0","0.6","0.6","0"
"19","0.4","1","0","72","19","20","1","14","4","1","13","6","1","1","0","0","0.65","0.7368421052631579","0.7","0.5"
"24","0.6","0.4","1","0","0","0","0","0","0","0","0","0","0","0","0","0","0","0","0","0"
"22","0.6","0.2","1","27","32","8","0","19","10","3","5","3","0","0","0","0","0.625","0.59375","0.6","0.2"
"23","0.6","0.4","0","28","19","20","1","14","4","1","13","6","1","1","0","0","0.65","0.7368421052631579","0.7","0.5"
"16","0.4","0.6","1","55","7","33","0","3","4","0","23","10","0","0","0","0","0.696969696969697","0.42857142857142855","0.65","0.825"
"19","0.4","1","0","73","19","20","1","14","4","1","13","6","1","1","0","0","0.65","0.7368421052631579","0.7","0.5"
"18","0.4","0.8","1","64","7","33","0","2","5","0","27","6","0","0","0","0","0.8181818181818182","0.2857142857142857","0.725","0.825"
"21","0.6","0.2","0","50","40","0","0","24","13","3","0","0","0","0","0","0","0","0.6","0.6","0"
"23","0.6","0.4","0","29","19","20","1","14","4","1","13","6","1","1","0","0","0.65","0.7368421052631579","0.7","0.5"
"22","0.6","0.2","1","28","32","8","0","19","10","3","5","3","0","0","0","0","0.625","0.59375","0.6","0.2"
"19","0.4","1","0","74","19","20","1","14","4","1","13","6","1","1","0","0","0.65","0.7368421052631579","0.7","0.5"
"24","0.6","0.4","1","1","16","20","4","11","5","0","15","4","1","4","0","0","0.75","0.6875","0.75","0.5"
"18","0.4","0.8","1","65","7","33","0","2","5","0","27","6","0","0","0","0","0.8181818181818182","0.2857142857142857","0.725","0.825"
"23","0.6","0.4","0","30","19","20","1","14","4","1","13","6","1","1","0","0","0.65","0.7368421052631579","0.7","0.5"
"21","0.6","0.2","0","51","40","0","0","24","13","3","0","0","0","0","0","0","0","0.6","0.6","0"
"16","0.4","0.6","1","56","7","33","0","3","4","0","23","10","0","0","0","0","0.696969696969697","0.42857142857142855","0.65","0.825"
"24","0.6","0.4","1","2","18","21","1","14","3","1","14","6","1","1","0","0","0.6666666666666666","0.7777777777777778","0.725","0.525"
"19","0.4","1","0","75","19","20","1","14","4","1","13","6","1","1","0","0","0.65","0.7368421052631579","0.7","0.5"
"23","0.6","0.4","0","31","20","19","1","14","5","1","12","6","1","1","0","0","0.631578947368421","0.7","0.675","0.475"
"18","0.4","0.8","1","66","7","33","0","2","5","0","27","6","0","0","0","0","0.8181818181818182","0.2857142857142857","0.725","0.825"
"24","0.6","0.4","1","3","17","22","1","13","3","1","14","7","1","1","0","0","0.6363636363636364","0.7647058823529411","0.7","0.55"
"19","0.4","1","0","76","19","20","1","14","4","1","13","6","1","1","0","0","0.65","0.7368421052631579","0.7","0.5"
"21","0.6","0.2","0","52","40","0","0","24","13","3","0","0","0","0","0","0","0","0.6","0.6","0"
"22","0.6","0.2","1","29","32","8","0","19","10","3","5","3","0","0","0","0","0.625","0.59375","0.6","0.2"
"23","0.6","0.4","0","32","20","19","1","14","5","1","12","6","1","1","0","0","0.631578947368421","0.7","0.675","0.475"
"18","0.4","0.8","1","67","7","33","0","2","5","0","27","6","0","0","0","0","0.8181818181818182","0.2857142857142857","0.725","0.825"
"16","0.4","0.6","1","57","7","33","0","3","4","0","23","10","0","0","0","0","0.696969696969697","0.42857142857142855","0.65","0.825"
"19","0.4","1","0","77","19","20","1","14","4","1","13","6","1","1","0","0","0.65","0.7368421052631579","0.7","0.5"
"24","0.6","0.4","1","4","17","22","1","13","3","1","14","7","1","1","0","0","0.6363636363636364","0.7647058823529411","0.7","0.55"
"23","0.6","0.4","0","33","20","19","1","14","5","1","12","6","1","1","0","0","0.631578947368421","0.7","0.675","0.475"
"22","0.6","0.2","1","30","32","8","0","19","10","3","5","3","0","0","0","0","0.625","0.59375","0.6","0.2"
"21","0.6","0.2","0","53","40","0","0","24","13","3","0","0","0","0","0","0","0","0.6","0.6","0"
"19","0.4","1","0","78","19","20","1","14","4","1","13","6","1","1","0","0","0.65","0.7368421052631579","0.7","0.5"
"18","0.4","0.8","1","68","7","33","0","2","5","0","27","6","0","0","0","0","0.8181818181818182","0.2857142857142857","0.725","0.825"
"24","0.6","0.4","1","5","17","22","1","13","3","1","14","7","1","1","0","0","0.6363636363636364","0.7647058823529411","0.7","0.55"
"23","0.6","0.4","0","34","20","19","1","14","5","1","12","6","1","1","0","0","0.631578947368421","0.7","0.675","0.475"
"21","0.6","0.2","0","54","40","0","0","24","13","3","0","0","0","0","0","0","0","0.6","0.6","0"
"16","0.4","0.6","1","58","7","33","0","3","4","0","23","10","0","0","0","0","0.696969696969697","0.42857142857142855","0.65","0.825"
"22","0.6","0.2","1","31","37","3","0","22","12","3","0","3","0","0","0","0","0","0.5945945945945946","0.55","0.075"
"19","0.4","1","0","79","19","20","1","14","4","1","13","6","1","1","0","0","0.65","0.7368421052631579","0.7","0.5"
"24","0.6","0.4","1","6","17","22","1","13","3","1","14","7","1","1","0","0","0.6363636363636364","0.7647058823529411","0.7","0.55"
"23","0.6","0.4","0","35","20","19","1","14","5","1","12","6","1","1","0","0","0.631578947368421","0.7","0.675","0.475"
"18","0.4","0.8","1","69","7","33","0","2","5","0","27","6","0","0","0","0","0.8181818181818182","0.2857142857142857","0.725","0.825"
"19","0.4","1","0","80","19","20","1","14","4","1","13","6","1","1","0","0","0.65","0.7368421052631579","0.7","0.5"
"21","0.6","0.2","0","55","40","0","0","24","13","3","0","0","0","0","0","0","0","0.6","0.6","0"
"22","0.6","0.2","1","32","38","2","0","23","12","3","0","2","0","0","0","0","0","0.6052631578947368","0.575","0.05"
"24","0.6","0.4","1","7","17","22","1","13","3","1","14","7","1","1","0","0","0.6363636363636364","0.7647058823529411","0.7","0.55"
"23","0.6","0.4","0","36","20","19","1","14","5","1","12","6","1","1","0","0","0.631578947368421","0.7","0.675","0.475"
"18","0.4","0.8","1","70","7","33","0","2","5","0","27","6","0","0","0","0","0.8181818181818182","0.2857142857142857","0.725","0.825"
"16","0.4","0.6","1","59","7","33","0","3","4","0","23","10","0","0","0","0","0.696969696969697","0.42857142857142855","0.65","0.825"
"19","0.4","1","0","81","19","20","1","14","4","1","13","6","1","1","0","0","0.65","0.7368421052631579","0.7","0.5"
"24","0.6","0.4","1","8","17","22","1","13","3","1","14","7","1","1","0","0","0.6363636363636364","0.7647058823529411","0.7","0.55"
"21","0.6","0.2","0","56","40","0","0","24","13","3","0","0","0","0","0","0","0","0.6","0.6","0"
"22","0.6","0.2","1","33","38","2","0","23","12","3","0","2","0","0","0","0","0","0.6052631578947368","0.575","0.05"
"23","0.6","0.4","0","37","20","19","1","14","5","1","12","6","1","1","0","0","0.631578947368421","0.7","0.675","0.475"
"18","0.4","0.8","1","71","7","33","0","2","5","0","27","6","0","0","0","0","0.8181818181818182","0.2857142857142857","0.725","0.825"
"19","0.4","1","0","82","19","20","1","14","4","1","13","6","1","1","0","0","0.65","0.7368421052631579","0.7","0.5"
"24","0.6","0.4","1","9","17","22","1","13","3","1","14","7","1","1","0","0","0.6363636363636364","0.7647058823529411","0.7","0.55"
"23","0.6","0.4","0","38","20","19","1","14","5","1","12","6","1","1","0","0","0.631578947368421","0.7","0.675","0.475"
"22","0.6","0.2","1","34","38","2","0","23","12","3","0","2","0","0","0","0","0","0.6052631578947368","0.575","0.05"
"21","0.6","0.2","0","57","40","0","0","24","13","3","0","0","0","0","0","0","0","0.6","0.6","0"
"19","0.4","1","0","83","19","20","1","14","4","1","13","6","1","1","0","0","0.65","0.7368421052631579","0.7","0.5"
"24","0.6","0.4","1","10","17","22","1","13","3","1","14","7","1","1","0","0","0.6363636363636364","0.7647058823529411","0.7","0.55"
"18","0.4","0.8","1","72","7","33","0","2","5","0","27","6","0","0","0","0","0.8181818181818182","0.2857142857142857","0.725","0.825"
"23","0.6","0.4","0","39","20","19","1","14","5","1","12","6","1","1","0","0","0.631578947368421","0.7","0.675","0.475"
"16","0.4","0.6","1","60","7","33","0","3","4","0","23","10","0","0","0","0","0.696969696969697","0.42857142857142855","0.65","0.825"
"22","0.6","0.2","1","35","38","2","0","23","12","3","0","2","0","0","0","0","0","0.6052631578947368","0.575","0.05"
"19","0.4","1","0","84","19","20","1","14","4","1","13","6","1","1","0","0","0.65","0.7368421052631579","0.7","0.5"
"24","0.6","0.4","1","11","17","22","1","13","3","1","14","7","1","1","0","0","0.6363636363636364","0.7647058823529411","0.7","0.55"
"21","0.6","0.2","0","58","40","0","0","24","13","3","0","0","0","0","0","0","0","0.6","0.6","0"
"23","0.6","0.4","0","40","20","19","1","14","5","1","12","6","1","1","0","0","0.631578947368421","0.7","0.675","0.475"
"18","0.4","0.8","1","73","7","33","0","2","5","0","27","6","0","0","0","0","0.8181818181818182","0.2857142857142857","0.725","0.825"
"24","0.6","0.4","1","12","17","22","1","13","3","1","14","7","1","1","0","0","0.6363636363636364","0.7647058823529411","0.7","0.55"
"19","0.4","1","0","85","19","20","1","14","4","1","13","6","1","1","0","0","0.65","0.7368421052631579","0.7","0.5"
"22","0.6","0.2","1","36","38","2","0","23","12","3","0","2","0","0","0","0","0","0.6052631578947368","0.575","0.05"
"21","0.6","0.2","0","59","40","0","0","24","13","3","0","0","0","0","0","0","0","0.6","0.6","0"
"19","0.4","1","0","86","19","20","1","14","4","1","13","6","1","1","0","0","0.65","0.7368421052631579","0.7","0.5"
"16","0.4","0.6","1","61","7","33","0","3","4","0","23","10","0","0","0","0","0.696969696969697","0.42857142857142855","0.65","0.825"
"18","0.4","0.8","1","74","7","33","0","2","5","0","27","6","0","0","0","0","0.8181818181818182","0.2857142857142857","0.725","0.825"
"24","0.6","0.4","1","13","17","22","1","13","3","1","14","7","1","1","0","0","0.6363636363636364","0.7647058823529411","0.7","0.55"
"23","0.6","0.4","0","41","19","20","1","12","6","1","12","8","0","1","0","0","0.6","0.631578947368421","0.625","0.5"
"22","0.6","0.2","1","37","38","2","0","23","12","3","0","2","0","0","0","0","0","0.6052631578947368","0.575","0.05"
"21","0.6","0.2","0","60","40","0","0","24","13","3","0","0","0","0","0","0","0","0.6","0.6","0"
"19","0.4","1","0","87","19","20","1","14","4","1","13","6","1","1","0","0","0.65","0.7368421052631579","0.7","0.5"
"23","0.6","0.4","0","42","17","22","1","12","4","1","15","7","0","1","0","0","0.6818181818181818","0.7058823529411765","0.7","0.55"
"24","0.6","0.4","1","14","17","22","1","13","3","1","14","7","1","1","0","0","0.6363636363636364","0.7647058823529411","0.7","0.55"
"18","0.4","0.8","1","75","7","33","0","2","5","0","27","6","0","0","0","0","0.8181818181818182","0.2857142857142857","0.725","0.825"
"22","0.6","0.2","1","38","38","2","0","23","12","3","0","2","0","0","0","0","0","0.6052631578947368","0.575","0.05"
"16","0.4","0.6","1","62","7","33","0","3","4","0","23","9","1","0","0","0","0.696969696969697","0.42857142857142855","0.65","0.825"
"24","0.6","0.4","1","15","17","22","1","13","3","1","14","7","1","1","0","0","0.6363636363636364","0.7647058823529411","0.7","0.55"
"19","0.4","1","0","88","19","20","1","14","4","1","13","6","1","1","0","0","0.65","0.7368421052631579","0.7","0.5"
"21","0.6","0.2","0","61","40","0","0","24","13","3","0","0","0","0","0","0","0","0.6","0.6","0"
"18","0.4","0.8","1","76","7","33","0","2","5","0","27","6","0","0","0","0","0.8181818181818182","0.2857142857142857","0.725","0.825"
"23","0.6","0.4","0","43","16","23","1","11","5","0","15","8","0","1","0","0","0.6521739130434783","0.6875","0.675","0.575"
"20","0.4","1","1","51","12","28","0","3","8","1","22","6","0","0","0","0","0.7857142857142857","0.25","0.625","0.7"
"22","0.6","0.2","1","39","38","2","0","23","12","3","0","2","0","0","0","0","0","0.6052631578947368","0.575","0.05"
"19","0.4","1","0","89","19","20","1","14","4","1","13","6","1","1","0","0","0.65","0.7368421052631579","0.7","0.5"
"24","0.6","0.4","1","16","17","22","1","13","3","1","14","7","1","1","0","0","0.6363636363636364","0.7647058823529411","0.7","0.55"
"21","0.6","0.2","0","62","40","0","0","24","13","3","0","0","0","0","0","0","0","0.6","0.6","0"
"23","0.6","0.4","0","44","14","25","1","9","5","0","17","8","0","1","0","0","0.68","0.6428571428571429","0.675","0.625"
"19","0.4","1","0","90","19","20","1","14","4","1","13","6","1","1","0","0","0.65","0.7368421052631579","0.7","0.5"
"22","0.6","0.2","1","40","38","2","0","23","12","3","0","2","0","0","0","0","0","0.6052631578947368","0.575","0.05"
"20","0.4","1","1","52","10","30","0","3","6","1","23","7","0","0","0","0","0.7666666666666667","0.3","0.65","0.75"
"16","0.4","0.6","1","63","7","33","0","3","4","0","24","9","0","0","0","0","0.7272727272727273","0.42857142857142855","0.675","0.825"
"21","0.6","0.2","0","63","40","0","0","24","13","3","0","0","0","0","0","0","0","0.6","0.6","0"
"18","0.4","0.8","1","77","7","33","0","2","5","0","27","6","0","0","0","0","0.8181818181818182","0.2857142857142857","0.725","0.825"
"19","0.4","1","0","91","20","19","1","14","5","1","12","6","1","1","0","0","0.631578947368421","0.7","0.675","0.475"
"23","0.6","0.4","0","45","11","28","1","9","2","0","19","9","0","1","0","0","0.6785714285714286","0.8181818181818182","0.725","0.7"
"22","0.6","0.2","1","41","40","0","0","24","13","3","0","0","0","0","0","0","0","0.6","0.6","0"
"24","0.6","0.4","1","17","17","22","1","13","3","1","14","7","1","1","0","0","0.6363636363636364","0.7647058823529411","0.7","0.55"
"21","0.6","0.2","0","64","40","0","0","24","13","3","0","0","0","0","0","0","0","0.6","0.6","0"
"20","0.4","1","1","53","10","30","0","3","6","1","23","6","1","0","0","0","0.7666666666666667","0.3","0.65","0.75"
"19","0.4","1","0","92","20","19","1","14","5","1","12","6","1","1","0","0","0.631578947368421","0.7","0.675","0.475"
"23","0.6","0.4","0","46","11","28","1","9","2","0","19","9","0","1","0","0","0.6785714285714286","0.8181818181818182","0.725","0.7"
"22","0.6","0.2","1","42","40","0","0","24","13","3","0","0","0","0","0","0","0","0.6","0.6","0"
"18","0.4","0.8","1","78","7","33","0","2","5","0","27","6","0","0","0","0","0.8181818181818182","0.2857142857142857","0.725","0.825"
"16","0.4","0.6","1","64","7","33","0","3","4","0","24","9","0","0","0","0","0.7272727272727273","0.42857142857142855","0.675","0.825"
"24","0.6","0.4","1","18","17","22","1","13","3","1","14","7","1","1","0","0","0.6363636363636364","0.7647058823529411","0.7","0.55"
"19","0.4","1","0","93","20","19","1","14","5","1","12","6","1","1","0","0","0.631578947368421","0.7","0.675","0.475"
"20","0.4","1","1","54","10","30","0","3","6","1","24","6","0","0","0","0","0.8","0.3","0.675","0.75"
"21","0.6","0.2","0","65","40","0","0","24","13","3","0","0","0","0","0","0","0","0.6","0.6","0"
"22","0.6","0.2","1","43","40","0","0","24","13","3","0","0","0","0","0","0","0","0.6","0.6","0"
"24","0.6","0.4","1","19","17","22","1","13","3","1","14","7","1","1","0","0","0.6363636363636364","0.7647058823529411","0.7","0.55"
"23","0.6","0.4","0","47","12","27","1","9","3","0","18","9","0","1","0","0","0.6666666666666666","0.75","0.7","0.675"
"19","0.4","1","0","94","20","19","1","14","5","1","12","6","1","1","0","0","0.631578947368421","0.7","0.675","0.475"
"18","0.4","0.8","1","79","7","33","0","2","5","0","27","6","0","0","0","0","0.8181818181818182","0.2857142857142857","0.725","0.825"
"24","0.6","0.4","1","20","17","22","1","13","3","1","14","7","1","1","0","0","0.6363636363636364","0.7647058823529411","0.7","0.55"
"21","0.6","0.2","0","66","40","0","0","24","13","3","0","0","0","0","0","0","0","0.6","0.6","0"
"22","0.6","0.2","1","44","40","0","0","24","13","3","0","0","0","0","0","0","0","0.6","0.6","0"
"19","0.4","1","0","95","20","19","1","14","5","1","12","6","1","1","0","0","0.631578947368421","0.7","0.675","0.475"
"20","0.4","1","1","55","10","30","0","3","6","1","24","6","0","0","0","0","0.8","0.3","0.675","0.75"
"23","0.6","0.4","0","48","11","28","1","9","2","0","19","9","0","1","0","0","0.6785714285714286","0.8181818181818182","0.725","0.7"
"16","0.4","0.6","1","65","7","33","0","3","4","0","24","9","0","0","0","0","0.7272727272727273","0.42857142857142855","0.675","0.825"
"18","0.4","0.8","1","80","7","33","0","2","5","0","27","6","0","0","0","0","0.8181818181818182","0.2857142857142857","0.725","0.825"
"24","0.6","0.4","1","21","19","20","1","14","4","1","13","6","1","1","0","0","0.65","0.7368421052631579","0.7","0.5"
"21","0.6","0.2","0","67","40","0","0","24","13","3","0","0","0","0","0","0","0","0.6","0.6","0"
"22","0.6","0.2","1","45","40","0","0","24","13","3","0","0","0","0","0","0","0","0.6","0.6","0"
"23","0.6","0.4","0","49","11","28","1","9","2","0","19","9","0","1","0","0","0.6785714285714286","0.8181818181818182","0.725","0.7"
"19","0.4","1","0","96","20","19","1","14","5","1","12","6","1","1","0","0","0.631578947368421","0.7","0.675","0.475"
"24","0.6","0.4","1","22","19","20","1","14","4","1","13","6","1","1","0","0","0.65","0.7368421052631579","0.7","0.5"
"20","0.4","1","1","56","10","30","0","3","6","1","24","6","0","0","0","0","0.8","0.3","0.675","0.75"
"24","0.6","0.4","1","23","19","20","1","14","4","1","13","6","1","1","0","0","0.65","0.7368421052631579","0.7","0.5"
"19","0.4","1","0","97","20","19","1","14","5","1","12","6","1","1","0","0","0.631578947368421","0.7","0.675","0.475"
"24","0.6","0.4","1","24","19","20","1","14","4","1","13","6","1","1","0","0","0.65","0.7368421052631579","0.7","0.5"
"22","0.6","0.2","1","46","40","0","0","24","13","3","0","0","0","0","0","0","0","0.6","0.6","0"
"23","0.6","0.4","0","50","11","28","1","9","2","0","19","9","0","1","0","0","0.6785714285714286","0.8181818181818182","0.725","0.7"
"18","0.4","0.8","1","81","7","33","0","2","5","0","27","6","0","0","0","0","0.8181818181818182","0.2857142857142857","0.725","0.825"
"19","0.4","1","0","98","20","19","1","14","5","1","12","6","1","1","0","0","0.631578947368421","0.7","0.675","0.475"
"24","0.6","0.4","1","25","19","20","1","14","4","1","13","6","1","1","0","0","0.65","0.7368421052631579","0.7","0.5"
"19","0.4","1","0","99","20","19","1","14","5","1","12","6","1","1","0","0","0.631578947368421","0.7","0.675","0.475"
"21","0.6","0.2","0","68","40","0","0","24","13","3","0","0","0","0","0","0","0","0.6","0.6","0"
"24","0.6","0.4","1","26","19","20","1","14","4","1","13","6","1","1","0","0","0.65","0.7368421052631579","0.7","0.5"
"22","0.6","0.2","1","47","40","0","0","24","13","3","0","0","0","0","0","0","0","0.6","0.6","0"
"19","0.4","1","0","100","20","19","1","14","5","1","12","6","1","1","0","0","0.631578947368421","0.7","0.675","0.475"
"24","0.6","0.4","1","27","19","20","1","14","4","1","13","6","1","1","0","0","0.65","0.7368421052631579","0.7","0.5"
"21","0.6","0.2","0","69","40","0","0","24","13","3","0","0","0","0","0","0","0","0.6","0.6","0"
"18","0.4","0.8","1","82","7","33","0","2","5","0","27","6","0","0","0","0","0.8181818181818182","0.2857142857142857","0.725","0.825"
"23","0.6","0.4","0","51","5","34","1","4","1","0","24","10","0","1","0","0","0.7058823529411765","0.8","0.725","0.85"
"16","0.4","0.6","1","66","7","33","0","3","4","0","24","9","0","0","0","0","0.7272727272727273","0.42857142857142855","0.675","0.825"
"20","0.4","1","1","57","10","30","0","3","6","1","24","6","0","0","0","0","0.8","0.3","0.675","0.75"
"22","0.6","0.2","1","48","40","0","0","24","13","3","0","0","0","0","0","0","0","0.6","0.6","0"
"21","0.6","0.2","0","70","40","0","0","24","13","3","0","0","0","0","0","0","0","0.6","0.6","0"
"24","0.6","0.4","1","28","19","20","1","14","4","1","13","6","1","1","0","0","0.65","0.7368421052631579","0.7","0.5"
"18","0.4","0.8","1","83","7","33","0","2","5","0","27","6","0","0","0","0","0.8181818181818182","0.2857142857142857","0.725","0.825"
"23","0.6","0.4","0","52","5","35","0","3","2","0","24","11","0","0","0","0","0.6857142857142857","0.6","0.675","0.875"
"22","0.6","0.2","1","49","40","0","0","24","13","3","0","0","0","0","0","0","0","0.6","0.6","0"
"21","0.6","0.2","0","71","40","0","0","24","13","3","0","0","0","0","0","0","0","0.6","0.6","0"
"24","0.6","0.4","1","29","19","20","1","14","4","1","13","6","1","1","0","0","0.65","0.7368421052631579","0.7","0.5"
"20","0.4","1","1","58","10","30","0","3","6","1","24","6","0","0","0","0","0.8","0.3","0.675","0.75"
"23","0.6","0.4","0","53","4","36","0","3","1","0","26","10","0","0","0","0","0.7222222222222222","0.75","0.725","0.9"
"18","0.4","0.8","1","84","7","33","0","2","5","0","27","6","0","0","0","0","0.8181818181818182","0.2857142857142857","0.725","0.825"
"16","0.4","0.6","1","67","7","33","0","3","4","0","24","9","0","0","0","0","0.7272727272727273","0.42857142857142855","0.675","0.825"
"22","0.6","0.2","1","50","40","0","0","24","13","3","0","0","0","0","0","0","0","0.6","0.6","0"
"24","0.6","0.4","1","30","19","20","1","14","4","1","13","6","1","1","0","0","0.65","0.7368421052631579","0.7","0.5"
"23","0.6","0.4","0","54","4","36","0","3","1","0","26","10","0","0","0","0","0.7222222222222222","0.75","0.725","0.9"
"20","0.4","1","1","59","10","30","0","3","6","1","24","6","0","0","0","0","0.8","0.3","0.675","0.75"
"21","0.6","0.2","0","72","40","0","0","24","13","3","0","0","0","0","0","0","0","0.6","0.6","0"
"24","0.6","0.4","1","31","20","19","1","14","5","1","12","6","1","1","0","0","0.631578947368421","0.7","0.675","0.475"
"18","0.4","0.8","1","85","7","33","0","2","5","0","27","6","0","0","0","0","0.8181818181818182","0.2857142857142857","0.725","0.825"
"16","0.4","0.6","1","68","7","33","0","3","4","0","24","9","0","0","0","0","0.7272727272727273","0.42857142857142855","0.675","0.825"
"23","0.6","0.4","0","55","4","36","0","3","1","0","26","10","0","0","0","0","0.7222222222222222","0.75","0.725","0.9"
"24","0.6","0.4","1","32","20","19","1","14","5","1","12","6","1","1","0","0","0.631578947368421","0.7","0.675","0.475"
"20","0.4","1","1","60","10","30","0","3","6","1","24","6","0","0","0","0","0.8","0.3","0.675","0.75"
"21","0.6","0.2","0","73","40","0","0","24","13","3","0","0","0","0","0","0","0","0.6","0.6","0"
"18","0.4","0.8","1","86","7","33","0","2","5","0","27","6","0","0","0","0","0.8181818181818182","0.2857142857142857","0.725","0.825"
"25","0.6","0.6","0","0","0","0","0","0","0","0","0","0","0","0","0","0","0","0","0","0"
"23","0.6","0.4","0","56","4","36","0","3","1","0","26","10","0","0","0","0","0.7222222222222222","0.75","0.725","0.9"
"24","0.6","0.4","1","33","20","19","1","14","5","1","12","6","1","1","0","0","0.631578947368421","0.7","0.675","0.475"
"21","0.6","0.2","0","74","40","0","0","24","13","3","0","0","0","0","0","0","0","0.6","0.6","0"
"20","0.4","1","1","61","10","30","0","3","6","1","24","6","0","0","0","0","0.8","0.3","0.675","0.75"
"18","0.4","0.8","1","87","7","33","0","2","5","0","27","6","0","0","0","0","0.8181818181818182","0.2857142857142857","0.725","0.825"
"16","0.4","0.6","1","69","7","33","0","3","4","0","24","9","0","0","0","0","0.7272727272727273","0.42857142857142855","0.675","0.825"
"25","0.6","0.6","0","1","16","20","4","11","5","0","15","4","1","4","0","0","0.75","0.6875","0.75","0.5"
"23","0.6","0.4","0","57","4","36","0","3","1","0","26","10","0","0","0","0","0.7222222222222222","0.75","0.725","0.9"
"24","0.6","0.4","1","34","20","19","1","14","5","1","12","6","1","1","0","0","0.631578947368421","0.7","0.675","0.475"
"21","0.6","0.2","0","75","40","0","0","24","13","3","0","0","0","0","0","0","0","0.6","0.6","0"
"20","0.4","1","1","62","9","31","0","3","6","0","25","6","0","0","0","0","0.8064516129032258","0.3333333333333333","0.7","0.775"
"18","0.4","0.8","1","88","7","33","0","2","5","0","27","6","0","0","0","0","0.8181818181818182","0.2857142857142857","0.725","0.825"
"23","0.6","0.4","0","58","4","36","0","3","1","0","26","10","0","0","0","0","0.7222222222222222","0.75","0.725","0.9"
"25","0.6","0.6","0","2","18","21","1","14","3","1","14","6","1","1","0","0","0.6666666666666666","0.7777777777777778","0.725","0.525"
"16","0.4","0.6","1","70","7","33","0","3","4","0","24","9","0","0","0","0","0.7272727272727273","0.42857142857142855","0.675","0.825"
"24","0.6","0.4","1","35","20","19","1","14","5","1","12","6","1","1","0","0","0.631578947368421","0.7","0.675","0.475"
"21","0.6","0.2","0","76","40","0","0","24","13","3","0","0","0","0","0","0","0","0.6","0.6","0"
"18","0.4","0.8","1","89","7","33","0","2","5","0","27","6","0","0","0","0","0.8181818181818182","0.2857142857142857","0.725","0.825"
"20","0.4","1","1","63","8","32","0","2","6","0","26","6","0","0","0","0","0.8125","0.25","0.7","0.8"
"25","0.6","0.6","0","3","17","22","1","13","3","1","14","7","1","1","0","0","0.6363636363636364","0.7647058823529411","0.7","0.55"
"23","0.6","0.4","0","59","4","36","0","3","1","0","26","10","0","0","0","0","0.7222222222222222","0.75","0.725","0.9"
"24","0.6","0.4","1","36","20","19","1","14","5","1","12","6","1","1","0","0","0.631578947368421","0.7","0.675","0.475"
"25","0.6","0.6","0","4","17","22","1","13","3","1","14","7","1","1","0","0","0.6363636363636364","0.7647058823529411","0.7","0.55"
"21","0.6","0.2","0","77","40","0","0","24","13","3","0","0","0","0","0","0","0","0.6","0.6","0"
"20","0.4","1","1","64","7","33","0","2","5","0","27","6","0","0","0","0","0.8181818181818182","0.2857142857142857","0.725","0.825"
"18","0.4","0.8","1","90","7","33","0","2","5","0","27","6","0","0","0","0","0.8181818181818182","0.2857142857142857","0.725","0.825"
"16","0.4","0.6","1","71","7","33","0","3","4","0","24","9","0","0","0","0","0.7272727272727273","0.42857142857142855","0.675","0.825"
"23","0.6","0.4","0","60","4","36","0","3","1","0","26","10","0","0","0","0","0.7222222222222222","0.75","0.725","0.9"
"24","0.6","0.4","1","37","20","19","1","14","5","1","12","6","1","1","0","0","0.631578947368421","0.7","0.675","0.475"
"25","0.6","0.6","0","5","17","22","1","13","3","1","14","7","1","1","0","0","0.6363636363636364","0.7647058823529411","0.7","0.55"
"21","0.6","0.2","0","78","40","0","0","24","13","3","0","0","0","0","0","0","0","0.6","0.6","0"
"20","0.4","1","1","65","7","33","0","2","5","0","27","6","0","0","0","0","0.8181818181818182","0.2857142857142857","0.725","0.825"
"18","0.4","0.8","1","91","7","33","0","2","5","0","27","6","0","0","0","0","0.8181818181818182","0.2857142857142857","0.725","0.825"
"25","0.6","0.6","0","6","17","22","1","13","3","1","14","7","1","1","0","0","0.6363636363636364","0.7647058823529411","0.7","0.55"
"23","0.6","0.4","0","61","1","39","0","1","0","0","28","11","0","0","0","0","0.717948717948718","1","0.725","0.975"
"24","0.6","0.4","1","38","20","19","1","14","5","1","12","6","1","1","0","0","0.631578947368421","0.7","0.675","0.475"
"16","0.4","0.6","1","72","7","33","0","3","4","0","24","9","0","0","0","0","0.7272727272727273","0.42857142857142855","0.675","0.825"
"21","0.6","0.2","0","79","40","0","0","24","13","3","0","0","0","0","0","0","0","0.6","0.6","0"
"20","0.4","1","1","66","7","33","0","2","5","0","27","6","0","0","0","0","0.8181818181818182","0.2857142857142857","0.725","0.825"
"23","0.6","0.4","0","62","1","39","0","1","0","0","28","11","0","0","0","0","0.717948717948718","1","0.725","0.975"
"24","0.6","0.4","1","39","20","19","1","14","5","1","12","6","1","1","0","0","0.631578947368421","0.7","0.675","0.475"
"18","0.4","0.8","1","92","7","33","0","2","5","0","27","6","0","0","0","0","0.8181818181818182","0.2857142857142857","0.725","0.825"
"21","0.6","0.2","0","80","40","0","0","24","13","3","0","0","0","0","0","0","0","0.6","0.6","0"
"25","0.6","0.6","0","7","17","22","1","13","3","1","14","7","1","1","0","0","0.6363636363636364","0.7647058823529411","0.7","0.55"
"23","0.6","0.4","0","63","1","39","0","1","0","0","28","11","0","0","0","0","0.717948717948718","1","0.725","0.975"
"20","0.4","1","1","67","7","33","0","2","5","0","27","6","0","0","0","0","0.8181818181818182","0.2857142857142857","0.725","0.825"
"24","0.6","0.4","1","40","20","19","1","14","5","1","12","6","1","1","0","0","0.631578947368421","0.7","0.675","0.475"
"16","0.4","0.6","1","73","7","33","0","3","4","0","24","9","0","0","0","0","0.7272727272727273","0.42857142857142855","0.675","0.825"
"18","0.4","0.8","1","93","7","33","0","2","5","0","27","6","0","0","0","0","0.8181818181818182","0.2857142857142857","0.725","0.825"
"21","0.6","0.2","0","81","40","0","0","24","13","3","0","0","0","0","0","0","0","0.6","0.6","0"
"25","0.6","0.6","0","8","17","22","1","13","3","1","14","7","1","1","0","0","0.6363636363636364","0.7647058823529411","0.7","0.55"
"23","0.6","0.4","0","64","1","39","0","1","0","0","28","11","0","0","0","0","0.717948717948718","1","0.725","0.975"
"20","0.4","1","1","68","7","33","0","2","5","0","27","6","0","0","0","0","0.8181818181818182","0.2857142857142857","0.725","0.825"
"24","0.6","0.4","1","41","19","20","1","12","6","1","12","8","0","1","0","0","0.6","0.631578947368421","0.625","0.5"
"25","0.6","0.6","0","9","17","22","1","13","3","1","14","7","1","1","0","0","0.6363636363636364","0.7647058823529411","0.7","0.55"
"18","0.4","0.8","1","94","7","33","0","2","5","0","27","6","0","0","0","0","0.8181818181818182","0.2857142857142857","0.725","0.825"
"21","0.6","0.2","0","82","40","0","0","24","13","3","0","0","0","0","0","0","0","0.6","0.6","0"
"16","0.4","0.6","1","74","7","33","0","3","4","0","24","9","0","0","0","0","0.7272727272727273","0.42857142857142855","0.675","0.825"
"20","0.4","1","1","69","7","33","0","2","5","0","27","6","0","0","0","0","0.8181818181818182","0.2857142857142857","0.725","0.825"
"24","0.6","0.4","1","42","17","22","1","12","4","1","15","7","0","1","0","0","0.6818181818181818","0.7058823529411765","0.7","0.55"
"25","0.6","0.6","0","10","17","22","1","13","3","1","14","7","1","1","0","0","0.6363636363636364","0.7647058823529411","0.7","0.55"
"23","0.6","0.4","0","65","1","39","0","1","0","0","28","11","0","0","0","0","0.717948717948718","1","0.725","0.975"
"18","0.4","0.8","1","95","7","33","0","2","5","0","27","6","0","0","0","0","0.8181818181818182","0.2857142857142857","0.725","0.825"
"21","0.6","0.2","0","83","40","0","0","24","13","3","0","0","0","0","0","0","0","0.6","0.6","0"
"16","0.4","0.6","1","75","7","33","0","3","4","0","24","9","0","0","0","0","0.7272727272727273","0.42857142857142855","0.675","0.825"
"25","0.6","0.6","0","11","17","22","1","13","3","1","14","7","1","1","0","0","0.6363636363636364","0.7647058823529411","0.7","0.55"
"24","0.6","0.4","1","43","16","23","1","11","5","0","15","8","0","1","0","0","0.6521739130434783","0.6875","0.675","0.575"
"23","0.6","0.4","0","66","1","39","0","1","0","0","28","11","0","0","0","0","0.717948717948718","1","0.725","0.975"
"25","0.6","0.6","0","12","17","22","1","13","3","1","14","7","1","1","0","0","0.6363636363636364","0.7647058823529411","0.7","0.55"
"21","0.6","0.2","0","84","40","0","0","24","13","3","0","0","0","0","0","0","0","0.6","0.6","0"
"18","0.4","0.8","1","96","7","33","0","2","5","0","27","6","0","0","0","0","0.8181818181818182","0.2857142857142857","0.725","0.825"
"24","0.6","0.4","1","44","14","25","1","9","5","0","17","8","0","1","0","0","0.68","0.6428571428571429","0.675","0.625"
"25","0.6","0.6","0","13","17","22","1","13","3","1","14","7","1","1","0","0","0.6363636363636364","0.7647058823529411","0.7","0.55"
"16","0.4","0.6","1","76","7","33","0","3","4","0","24","9","0","0","0","0","0.7272727272727273","0.42857142857142855","0.675","0.825"
"18","0.4","0.8","1","97","7","33","0","2","5","0","27","6","0","0","0","0","0.8181818181818182","0.2857142857142857","0.725","0.825"
"21","0.6","0.2","0","85","40","0","0","24","13","3","0","0","0","0","0","0","0","0.6","0.6","0"
"20","0.4","1","1","70","7","33","0","2","5","0","27","6","0","0","0","0","0.8181818181818182","0.2857142857142857","0.725","0.825"
"24","0.6","0.4","1","45","11","28","1","9","2","0","19","9","0","1","0","0","0.6785714285714286","0.8181818181818182","0.725","0.7"
"25","0.6","0.6","0","14","17","22","1","13","3","1","14","7","1","1","0","0","0.6363636363636364","0.7647058823529411","0.7","0.55"
"23","0.6","0.4","0","67","1","39","0","1","0","0","28","11","0","0","0","0","0.717948717948718","1","0.725","0.975"
"18","0.4","0.8","1","98","7","33","0","2","5","0","27","6","0","0","0","0","0.8181818181818182","0.2857142857142857","0.725","0.825"
"21","0.6","0.2","0","86","40","0","0","24","13","3","0","0","0","0","0","0","0","0.6","0.6","0"
"24","0.6","0.4","1","46","11","28","1","9","2","0","19","9","0","1","0","0","0.6785714285714286","0.8181818181818182","0.725","0.7"
"20","0.4","1","1","71","7","33","0","2","5","0","27","6","0","0","0","0","0.8181818181818182","0.2857142857142857","0.725","0.825"
"16","0.4","0.6","1","77","7","33","0","3","4","0","24","9","0","0","0","0","0.7272727272727273","0.42857142857142855","0.675","0.825"
"25","0.6","0.6","0","15","17","22","1","13","3","1","14","7","1","1","0","0","0.6363636363636364","0.7647058823529411","0.7","0.55"
"23","0.6","0.4","0","68","1","39","0","1","0","0","28","11","0","0","0","0","0.717948717948718","1","0.725","0.975"
"21","0.6","0.2","0","87","40","0","0","24","13","3","0","0","0","0","0","0","0","0.6","0.6","0"
"20","0.4","1","1","72","7","33","0","2","5","0","27","6","0","0","0","0","0.8181818181818182","0.2857142857142857","0.725","0.825"
"24","0.6","0.4","1","47","12","27","1","9","3","0","18","9","0","1","0","0","0.6666666666666666","0.75","0.7","0.675"
"18","0.4","0.8","1","99","7","33","0","2","5","0","27","6","0","0","0","0","0.8181818181818182","0.2857142857142857","0.725","0.825"
"25","0.6","0.6","0","16","17","22","1","13","3","1","14","7","1","1","0","0","0.6363636363636364","0.7647058823529411","0.7","0.55"
"23","0.6","0.4","0","69","1","39","0","1","0","0","28","11","0","0","0","0","0.717948717948718","1","0.725","0.975"
"16","0.4","0.6","1","78","7","33","0","3","4","0","24","9","0","0","0","0","0.7272727272727273","0.42857142857142855","0.675","0.825"
"21","0.6","0.2","0","88","40","0","0","24","13","3","0","0","0","0","0","0","0","0.6","0.6","0"
"20","0.4","1","1","73","7","33","0","2","5","0","27","6","0","0","0","0","0.8181818181818182","0.2857142857142857","0.725","0.825"
"18","0.4","0.8","1","100","7","33","0","2","5","0","27","6","0","0","0","0","0.8181818181818182","0.2857142857142857","0.725","0.825"
"24","0.6","0.4","1","48","11","28","1","9","2","0","19","9","0","1","0","0","0.6785714285714286","0.8181818181818182","0.725","0.7"
"25","0.6","0.6","0","17","17","22","1","13","3","1","14","7","1","1","0","0","0.6363636363636364","0.7647058823529411","0.7","0.55"
"23","0.6","0.4","0","70","1","39","0","1","0","0","28","11","0","0","0","0","0.717948717948718","1","0.725","0.975"
"21","0.6","0.2","0","89","40","0","0","24","13","3","0","0","0","0","0","0","0","0.6","0.6","0"
"20","0.4","1","1","74","7","33","0","2","5","0","27","6","0","0","0","0","0.8181818181818182","0.2857142857142857","0.725","0.825"
"24","0.6","0.4","1","49","11","28","1","9","2","0","19","9","0","1","0","0","0.6785714285714286","0.8181818181818182","0.725","0.7"
"25","0.6","0.6","0","18","17","22","1","13","3","1","14","7","1","1","0","0","0.6363636363636364","0.7647058823529411","0.7","0.55"
"23","0.6","0.4","0","71","0","40","0","0","0","0","29","11","0","0","0","0","0.725","0","0.725","1"
"16","0.4","0.6","1","79","7","33","0","3","4","0","24","9","0","0","0","0","0.7272727272727273","0.42857142857142855","0.675","0.825"
"25","0.6","0.6","0","19","17","22","1","13","3","1","14","7","1","1","0","0","0.6363636363636364","0.7647058823529411","0.7","0.55"
"21","0.6","0.2","0","90","40","0","0","24","13","3","0","0","0","0","0","0","0","0.6","0.6","0"
"24","0.6","0.4","1","50","11","28","1","9","2","0","19","9","0","1","0","0","0.6785714285714286","0.8181818181818182","0.725","0.7"
"20","0.4","1","1","75","7","33","0","2","5","0","27","6","0","0","0","0","0.8181818181818182","0.2857142857142857","0.725","0.825"
"23","0.6","0.4","0","72","0","40","0","0","0","0","29","11","0","0","0","0","0.725","0","0.725","1"
"25","0.6","0.6","0","20","17","22","1","13","3","1","14","7","1","1","0","0","0.6363636363636364","0.7647058823529411","0.7","0.55"
"16","0.4","0.6","1","80","7","33","0","3","4","0","24","9","0","0","0","0","0.7272727272727273","0.42857142857142855","0.675","0.825"
"21","0.6","0.2","0","91","40","0","0","24","13","3","0","0","0","0","0","0","0","0.6","0.6","0"
"26","0.6","0.6","1","0","0","0","0","0","0","0","0","0","0","0","0","0","0","0","0","0"
"20","0.4","1","1","76","7","33","0","2","5","0","27","6","0","0","0","0","0.8181818181818182","0.2857142857142857","0.725","0.825"
"25","0.6","0.6","0","21","17","22","1","13","3","1","14","7","1","1","0","0","0.6363636363636364","0.7647058823529411","0.7","0.55"
"23","0.6","0.4","0","73","0","40","0","0","0","0","29","11","0","0","0","0","0.725","0","0.725","1"
"21","0.6","0.2","0","92","40","0","0","24","13","3","0","0","0","0","0","0","0","0.6","0.6","0"
"25","0.6","0.6","0","22","17","22","1","13","3","1","14","7","1","1","0","0","0.6363636363636364","0.7647058823529411","0.7","0.55"
"16","0.4","0.6","1","81","7","33","0","3","4","0","24","9","0","0","0","0","0.7272727272727273","0.42857142857142855","0.675","0.825"
"20","0.4","1","1","77","7","33","0","2","5","0","27","6","0","0","0","0","0.8181818181818182","0.2857142857142857","0.725","0.825"
"26","0.6","0.6","1","1","16","20","4","11","5","0","15","4","1","4","0","0","0.75","0.6875","0.75","0.5"
"23","0.6","0.4","0","74","0","40","0","0","0","0","29","11","0","0","0","0","0.725","0","0.725","1"
"25","0.6","0.6","0","23","17","22","1","13","3","1","14","7","1","1","0","0","0.6363636363636364","0.7647058823529411","0.7","0.55"
"26","0.6","0.6","1","2","18","21","1","14","3","1","14","6","1","1","0","0","0.6666666666666666","0.7777777777777778","0.725","0.525"
"20","0.4","1","1","78","7","33","0","2","5","0","27","6","0","0","0","0","0.8181818181818182","0.2857142857142857","0.725","0.825"
"16","0.4","0.6","1","82","7","33","0","3","4","0","24","9","0","0","0","0","0.7272727272727273","0.42857142857142855","0.675","0.825"
"23","0.6","0.4","0","75","0","40","0","0","0","0","29","11","0","0","0","0","0.725","0","0.725","1"
"25","0.6","0.6","0","24","17","22","1","13","3","1","14","7","1","1","0","0","0.6363636363636364","0.7647058823529411","0.7","0.55"
"26","0.6","0.6","1","3","17","22","1","13","3","1","14","7","1","1","0","0","0.6363636363636364","0.7647058823529411","0.7","0.55"
"21","0.6","0.2","0","93","40","0","0","24","13","3","0","0","0","0","0","0","0","0.6","0.6","0"
"25","0.6","0.6","0","25","17","22","1","13","3","1","14","7","1","1","0","0","0.6363636363636364","0.7647058823529411","0.7","0.55"
"23","0.6","0.4","0","76","0","40","0","0","0","0","29","11","0","0","0","0","0.725","0","0.725","1"
"20","0.4","1","1","79","7","33","0","2","5","0","27","6","0","0","0","0","0.8181818181818182","0.2857142857142857","0.725","0.825"
"26","0.6","0.6","1","4","17","22","1","13","3","1","14","7","1","1","0","0","0.6363636363636364","0.7647058823529411","0.7","0.55"
"21","0.6","0.2","0","94","40","0","0","24","13","3","0","0","0","0","0","0","0","0.6","0.6","0"
"25","0.6","0.6","0","26","17","22","1","13","3","1","14","7","1","1","0","0","0.6363636363636364","0.7647058823529411","0.7","0.55"
"16","0.4","0.6","1","83","7","33","0","3","4","0","24","9","0","0","0","0","0.7272727272727273","0.42857142857142855","0.675","0.825"
"23","0.6","0.4","0","77","0","40","0","0","0","0","29","11","0","0","0","0","0.725","0","0.725","1"
"20","0.4","1","1","80","7","33","0","2","5","0","27","6","0","0","0","0","0.8181818181818182","0.2857142857142857","0.725","0.825"
"26","0.6","0.6","1","5","17","22","1","13","3","1","14","7","1","1","0","0","0.6363636363636364","0.7647058823529411","0.7","0.55"
"21","0.6","0.2","0","95","40","0","0","24","13","3","0","0","0","0","0","0","0","0.6","0.6","0"
"25","0.6","0.6","0","27","17","22","1","13","3","1","14","7","1","1","0","0","0.6363636363636364","0.7647058823529411","0.7","0.55"
"23","0.6","0.4","0","78","0","40","0","0","0","0","29","11","0","0","0","0","0.725","0","0.725","1"
"20","0.4","1","1","81","7","33","0","2","5","0","27","6","0","0","0","0","0.8181818181818182","0.2857142857142857","0.725","0.825"
"26","0.6","0.6","1","6","17","22","1","13","3","1","14","7","1","1","0","0","0.6363636363636364","0.7647058823529411","0.7","0.55"
"16","0.4","0.6","1","84","7","33","0","3","4","0","24","9","0","0","0","0","0.7272727272727273","0.42857142857142855","0.675","0.825"
"25","0.6","0.6","0","28","17","22","1","13","3","1","14","7","1","1","0","0","0.6363636363636364","0.7647058823529411","0.7","0.55"
"21","0.6","0.2","0","96","40","0","0","24","13","3","0","0","0","0","0","0","0","0.6","0.6","0"
"23","0.6","0.4","0","79","0","40","0","0","0","0","29","11","0","0","0","0","0.725","0","0.725","1"
"26","0.6","0.6","1","7","17","22","1","13","3","1","14","7","1","1","0","0","0.6363636363636364","0.7647058823529411","0.7","0.55"
"20","0.4","1","1","82","7","33","0","2","5","0","27","6","0","0","0","0","0.8181818181818182","0.2857142857142857","0.725","0.825"
"25","0.6","0.6","0","29","17","22","1","13","3","1","14","7","1","1","0","0","0.6363636363636364","0.7647058823529411","0.7","0.55"
"21","0.6","0.2","0","97","40","0","0","24","13","3","0","0","0","0","0","0","0","0.6","0.6","0"
"16","0.4","0.6","1","85","7","33","0","3","4","0","24","9","0","0","0","0","0.7272727272727273","0.42857142857142855","0.675","0.825"
"26","0.6","0.6","1","8","17","22","1","13","3","1","14","7","1","1","0","0","0.6363636363636364","0.7647058823529411","0.7","0.55"
"23","0.6","0.4","0","80","0","40","0","0","0","0","29","11","0","0","0","0","0.725","0","0.725","1"
"25","0.6","0.6","0","30","17","22","1","13","3","1","14","7","1","1","0","0","0.6363636363636364","0.7647058823529411","0.7","0.55"
"21","0.6","0.2","0","98","40","0","0","24","13","3","0","0","0","0","0","0","0","0.6","0.6","0"
"20","0.4","1","1","83","7","33","0","2","5","0","27","6","0","0","0","0","0.8181818181818182","0.2857142857142857","0.725","0.825"
"26","0.6","0.6","1","9","17","22","1","13","3","1","14","7","1","1","0","0","0.6363636363636364","0.7647058823529411","0.7","0.55"
"25","0.6","0.6","0","31","17","22","1","13","3","1","14","7","1","1","0","0","0.6363636363636364","0.7647058823529411","0.7","0.55"
"23","0.6","0.4","0","81","0","40","0","0","0","0","29","11","0","0","0","0","0.725","0","0.725","1"
"16","0.4","0.6","1","86","7","33","0","3","4","0","24","9","0","0","0","0","0.7272727272727273","0.42857142857142855","0.675","0.825"
"26","0.6","0.6","1","10","17","22","1","13","3","1","14","7","1","1","0","0","0.6363636363636364","0.7647058823529411","0.7","0.55"
"21","0.6","0.2","0","99","40","0","0","24","13","3","0","0","0","0","0","0","0","0.6","0.6","0"
"20","0.4","1","1","84","7","33","0","2","5","0","27","6","0","0","0","0","0.8181818181818182","0.2857142857142857","0.725","0.825"
"25","0.6","0.6","0","32","17","22","1","13","3","1","14","7","1","1","0","0","0.6363636363636364","0.7647058823529411","0.7","0.55"
"23","0.6","0.4","0","82","0","40","0","0","0","0","29","11","0","0","0","0","0.725","0","0.725","1"
"26","0.6","0.6","1","11","17","22","1","13","3","1","14","7","1","1","0","0","0.6363636363636364","0.7647058823529411","0.7","0.55"
"21","0.6","0.2","0","100","40","0","0","24","13","3","0","0","0","0","0","0","0","0.6","0.6","0"
"25","0.6","0.6","0","33","17","22","1","13","3","1","14","7","1","1","0","0","0.6363636363636364","0.7647058823529411","0.7","0.55"
"20","0.4","1","1","85","7","33","0","2","5","0","27","6","0","0","0","0","0.8181818181818182","0.2857142857142857","0.725","0.825"
"16","0.4","0.6","1","87","7","33","0","3","4","0","24","9","0","0","0","0","0.7272727272727273","0.42857142857142855","0.675","0.825"
"23","0.6","0.4","0","83","0","40","0","0","0","0","29","11","0","0","0","0","0.725","0","0.725","1"
"25","0.6","0.6","0","34","17","22","1","13","3","1","14","7","1","1","0","0","0.6363636363636364","0.7647058823529411","0.7","0.55"
"26","0.6","0.6","1","12","17","22","1","13","3","1","14","7","1","1","0","0","0.6363636363636364","0.7647058823529411","0.7","0.55"
"20","0.4","1","1","86","7","33","0","2","5","0","27","6","0","0","0","0","0.8181818181818182","0.2857142857142857","0.725","0.825"
"23","0.6","0.4","0","84","0","40","0","0","0","0","29","11","0","0","0","0","0.725","0","0.725","1"
"25","0.6","0.6","0","35","17","22","1","13","3","1","14","7","1","1","0","0","0.6363636363636364","0.7647058823529411","0.7","0.55"
"16","0.4","0.6","1","88","7","33","0","3","4","0","24","9","0","0","0","0","0.7272727272727273","0.42857142857142855","0.675","0.825"
"26","0.6","0.6","1","13","17","22","1","13","3","1","14","7","1","1","0","0","0.6363636363636364","0.7647058823529411","0.7","0.55"
"20","0.4","1","1","87","7","33","0","2","5","0","27","6","0","0","0","0","0.8181818181818182","0.2857142857142857","0.725","0.825"
"23","0.6","0.4","0","85","0","40","0","0","0","0","29","11","0","0","0","0","0.725","0","0.725","1"
"25","0.6","0.6","0","36","17","22","1","13","3","1","14","7","1","1","0","0","0.6363636363636364","0.7647058823529411","0.7","0.55"
"26","0.6","0.6","1","14","17","22","1","13","3","1","14","7","1","1","0","0","0.6363636363636364","0.7647058823529411","0.7","0.55"
"16","0.4","0.6","1","89","7","33","0","3","4","0","24","9","0","0","0","0","0.7272727272727273","0.42857142857142855","0.675","0.825"
"22","0.6","0.2","1","51","21","19","0","14","7","0","6","12","1","0","0","0","0.3157894736842105","0.6666666666666666","0.5","0.475"
"23","0.6","0.4","0","86","0","40","0","0","0","0","29","11","0","0","0","0","0.725","0","0.725","1"
"20","0.4","1","1","88","7","33","0","2","5","0","27","6","0","0","0","0","0.8181818181818182","0.2857142857142857","0.725","0.825"
"26","0.6","0.6","1","15","17","22","1","13","3","1","14","7","1","1","0","0","0.6363636363636364","0.7647058823529411","0.7","0.55"
"25","0.6","0.6","0","37","17","22","1","13","3","1","14","7","1","1","0","0","0.6363636363636364","0.7647058823529411","0.7","0.55"
"27","0.6","0.8","0","0","0","0","0","0","0","0","0","0","0","0","0","0","0","0","0","0"
"16","0.4","0.6","1","90","7","33","0","3","4","0","24","9","0","0","0","0","0.7272727272727273","0.42857142857142855","0.675","0.825"
"26","0.6","0.6","1","16","17","22","1","13","3","1","14","7","1","1","0","0","0.6363636363636364","0.7647058823529411","0.7","0.55"
"25","0.6","0.6","0","38","17","22","1","13","3","1","14","7","1","1","0","0","0.6363636363636364","0.7647058823529411","0.7","0.55"
"20","0.4","1","1","89","7","33","0","2","5","0","27","6","0","0","0","0","0.8181818181818182","0.2857142857142857","0.725","0.825"
"22","0.6","0.2","1","52","18","22","0","14","4","0","9","12","1","0","0","0","0.4090909090909091","0.7777777777777778","0.575","0.55"
"23","0.6","0.4","0","87","0","40","0","0","0","0","29","11","0","0","0","0","0.725","0","0.725","1"
"26","0.6","0.6","1","17","17","22","1","13","3","1","14","7","1","1","0","0","0.6363636363636364","0.7647058823529411","0.7","0.55"
"25","0.6","0.6","0","39","17","22","1","13","3","1","14","7","1","1","0","0","0.6363636363636364","0.7647058823529411","0.7","0.55"
"23","0.6","0.4","0","88","0","40","0","0","0","0","29","11","0","0","0","0","0.725","0","0.725","1"
"20","0.4","1","1","90","7","33","0","2","5","0","27","6","0","0","0","0","0.8181818181818182","0.2857142857142857","0.725","0.825"
"27","0.6","0.8","0","1","16","20","4","11","5","0","15","4","1","4","0","0","0.75","0.6875","0.75","0.5"
"26","0.6","0.6","1","18","17","22","1","13","3","1","14","7","1","1","0","0","0.6363636363636364","0.7647058823529411","0.7","0.55"
"16","0.4","0.6","1","91","6","34","0","3","3","0","24","10","0","0","0","0","0.7058823529411765","0.5","0.675","0.85"
"25","0.6","0.6","0","40","17","22","1","13","3","1","14","7","1","1","0","0","0.6363636363636364","0.7647058823529411","0.7","0.55"
"27","0.6","0.8","0","2","18","21","1","14","3","1","14","6","1","1","0","0","0.6666666666666666","0.7777777777777778","0.725","0.525"
"23","0.6","0.4","0","89","0","40","0","0","0","0","29","11","0","0","0","0","0.725","0","0.725","1"
"26","0.6","0.6","1","19","17","22","1","13","3","1","14","7","1","1","0","0","0.6363636363636364","0.7647058823529411","0.7","0.55"
"22","0.6","0.2","1","53","14","26","0","10","4","0","11","13","2","0","0","0","0.4230769230769231","0.7142857142857143","0.525","0.65"
"20","0.4","1","1","91","7","33","0","2","5","0","27","6","0","0","0","0","0.8181818181818182","0.2857142857142857","0.725","0.825"
"25","0.6","0.6","0","41","19","20","1","14","4","1","13","6","1","1","0","0","0.65","0.7368421052631579","0.7","0.5"
"26","0.6","0.6","1","20","17","22","1","13","3","1","14","7","1","1","0","0","0.6363636363636364","0.7647058823529411","0.7","0.55"
"27","0.6","0.8","0","3","17","22","1","13","3","1","14","7","1","1","0","0","0.6363636363636364","0.7647058823529411","0.7","0.55"
"23","0.6","0.4","0","90","0","40","0","0","0","0","29","11","0","0","0","0","0.725","0","0.725","1"
"25","0.6","0.6","0","42","19","20","1","14","4","1","13","6","1","1","0","0","0.65","0.7368421052631579","0.7","0.5"
"20","0.4","1","1","92","7","33","0","2","5","0","27","6","0","0","0","0","0.8181818181818182","0.2857142857142857","0.725","0.825"
"26","0.6","0.6","1","21","17","22","1","13","3","1","14","7","1","1","0","0","0.6363636363636364","0.7647058823529411","0.7","0.55"
"27","0.6","0.8","0","4","17","22","1","13","3","1","14","7","1","1","0","0","0.6363636363636364","0.7647058823529411","0.7","0.55"
"23","0.6","0.4","0","91","0","40","0","0","0","0","29","11","0","0","0","0","0.725","0","0.725","1"
"16","0.4","0.6","1","92","5","35","0","3","2","0","24","11","0","0","0","0","0.6857142857142857","0.6","0.675","0.875"
"27","0.6","0.8","0","5","17","22","1","13","3","1","14","7","1","1","0","0","0.6363636363636364","0.7647058823529411","0.7","0.55"
"20","0.4","1","1","93","7","33","0","2","5","0","27","6","0","0","0","0","0.8181818181818182","0.2857142857142857","0.725","0.825"
"26","0.6","0.6","1","22","17","22","1","13","3","1","14","7","1","1","0","0","0.6363636363636364","0.7647058823529411","0.7","0.55"
"22","0.6","0.2","1","54","10","30","0","7","3","0","14","14","2","0","0","0","0.4666666666666667","0.7","0.525","0.75"
"25","0.6","0.6","0","43","19","20","1","14","4","1","13","6","1","1","0","0","0.65","0.7368421052631579","0.7","0.5"
"23","0.6","0.4","0","92","0","40","0","0","0","0","29","11","0","0","0","0","0.725","0","0.725","1"
"27","0.6","0.8","0","6","17","22","1","13","3","1","14","7","1","1","0","0","0.6363636363636364","0.7647058823529411","0.7","0.55"
"26","0.6","0.6","1","23","17","22","1","13","3","1","14","7","1","1","0","0","0.6363636363636364","0.7647058823529411","0.7","0.55"
"25","0.6","0.6","0","44","19","20","1","14","4","1","13","6","1","1","0","0","0.65","0.7368421052631579","0.7","0.5"
"27","0.6","0.8","0","7","17","22","1","13","3","1","14","7","1","1","0","0","0.6363636363636364","0.7647058823529411","0.7","0.55"
"23","0.6","0.4","0","93","0","40","0","0","0","0","29","11","0","0","0","0","0.725","0","0.725","1"
"26","0.6","0.6","1","24","17","22","1","13","3","1","14","7","1","1","0","0","0.6363636363636364","0.7647058823529411","0.7","0.55"
"22","0.6","0.2","1","55","8","32","0","5","3","0","16","14","2","0","0","0","0.5","0.625","0.525","0.8"
"16","0.4","0.6","1","93","3","37","0","0","3","0","27","10","0","0","0","0","0.7297297297297297","0","0.675","0.925"
"20","0.4","1","1","94","7","33","0","2","5","0","27","6","0","0","0","0","0.8181818181818182","0.2857142857142857","0.725","0.825"
"25","0.6","0.6","0","45","19","20","1","14","4","1","13","6","1","1","0","0","0.65","0.7368421052631579","0.7","0.5"
"27","0.6","0.8","0","8","17","22","1","13","3","1","14","7","1","1","0","0","0.6363636363636364","0.7647058823529411","0.7","0.55"
"26","0.6","0.6","1","25","17","22","1","13","3","1","14","7","1","1","0","0","0.6363636363636364","0.7647058823529411","0.7","0.55"
"23","0.6","0.4","0","94","0","40","0","0","0","0","29","11","0","0","0","0","0.725","0","0.725","1"
"27","0.6","0.8","0","9","17","22","1","13","3","1","14","7","1","1","0","0","0.6363636363636364","0.7647058823529411","0.7","0.55"
"25","0.6","0.6","0","46","19","20","1","14","4","1","13","6","1","1","0","0","0.65","0.7368421052631579","0.7","0.5"
"22","0.6","0.2","1","56","8","32","0","5","3","0","16","14","2","0","0","0","0.5","0.625","0.525","0.8"
"26","0.6","0.6","1","26","17","22","1","13","3","1","14","7","1","1","0","0","0.6363636363636364","0.7647058823529411","0.7","0.55"
"23","0.6","0.4","0","95","0","40","0","0","0","0","29","11","0","0","0","0","0.725","0","0.725","1"
"27","0.6","0.8","0","10","17","22","1","13","3","1","14","7","1","1","0","0","0.6363636363636364","0.7647058823529411","0.7","0.55"
"26","0.6","0.6","1","27","17","22","1","13","3","1","14","7","1","1","0","0","0.6363636363636364","0.7647058823529411","0.7","0.55"
"25","0.6","0.6","0","47","19","20","1","14","4","1","13","6","1","1","0","0","0.65","0.7368421052631579","0.7","0.5"
"16","0.4","0.6","1","94","2","38","0","0","2","0","29","9","0","0","0","0","0.7631578947368421","0","0.725","0.95"
"20","0.4","1","1","95","7","33","0","2","5","0","27","6","0","0","0","0","0.8181818181818182","0.2857142857142857","0.725","0.825"
"23","0.6","0.4","0","96","0","40","0","0","0","0","29","11","0","0","0","0","0.725","0","0.725","1"
"27","0.6","0.8","0","11","17","22","1","13","3","1","14","7","1","1","0","0","0.6363636363636364","0.7647058823529411","0.7","0.55"
"26","0.6","0.6","1","28","17","22","1","13","3","1","14","7","1","1","0","0","0.6363636363636364","0.7647058823529411","0.7","0.55"
"25","0.6","0.6","0","48","19","20","1","14","4","1","13","6","1","1","0","0","0.65","0.7368421052631579","0.7","0.5"
"22","0.6","0.2","1","57","8","32","0","5","3","0","16","15","1","0","0","0","0.5","0.625","0.525","0.8"
"26","0.6","0.6","1","29","17","22","1","13","3","1","14","7","1","1","0","0","0.6363636363636364","0.7647058823529411","0.7","0.55"
"27","0.6","0.8","0","12","17","22","1","13","3","1","14","7","1","1","0","0","0.6363636363636364","0.7647058823529411","0.7","0.55"
"23","0.6","0.4","0","97","0","40","0","0","0","0","29","11","0","0","0","0","0.725","0","0.725","1"
"25","0.6","0.6","0","49","19","20","1","14","4","1","13","6","1","1","0","0","0.65","0.7368421052631579","0.7","0.5"
"20","0.4","1","1","96","7","33","0","2","5","0","27","6","0","0","0","0","0.8181818181818182","0.2857142857142857","0.725","0.825"
"26","0.6","0.6","1","30","17","22","1","13","3","1","14","7","1","1","0","0","0.6363636363636364","0.7647058823529411","0.7","0.55"
"22","0.6","0.2","1","58","8","32","0","5","3","0","16","15","1","0","0","0","0.5","0.625","0.525","0.8"
"27","0.6","0.8","0","13","17","22","1","13","3","1","14","7","1","1","0","0","0.6363636363636364","0.7647058823529411","0.7","0.55"
"25","0.6","0.6","0","50","19","20","1","14","4","1","13","6","1","1","0","0","0.65","0.7368421052631579","0.7","0.5"
"16","0.4","0.6","1","95","2","38","0","0","2","0","29","9","0","0","0","0","0.7631578947368421","0","0.725","0.95"
"23","0.6","0.4","0","98","0","40","0","0","0","0","29","11","0","0","0","0","0.725","0","0.725","1"
"26","0.6","0.6","1","31","17","22","1","13","3","1","14","7","1","1","0","0","0.6363636363636364","0.7647058823529411","0.7","0.55"
"20","0.4","1","1","97","7","33","0","2","5","0","27","6","0","0","0","0","0.8181818181818182","0.2857142857142857","0.725","0.825"
"27","0.6","0.8","0","14","17","22","1","13","3","1","14","7","1","1","0","0","0.6363636363636364","0.7647058823529411","0.7","0.55"
"25","0.6","0.6","0","51","20","19","1","14","5","1","12","6","1","1","0","0","0.631578947368421","0.7","0.675","0.475"
"23","0.6","0.4","0","99","0","40","0","0","0","0","29","11","0","0","0","0","0.725","0","0.725","1"
"22","0.6","0.2","1","59","8","32","0","5","3","0","16","15","1","0","0","0","0.5","0.625","0.525","0.8"
"16","0.4","0.6","1","96","2","38","0","0","2","0","29","9","0","0","0","0","0.7631578947368421","0","0.725","0.95"
"26","0.6","0.6","1","32","17","22","1","13","3","1","14","7","1","1","0","0","0.6363636363636364","0.7647058823529411","0.7","0.55"
"25","0.6","0.6","0","52","20","19","1","14","5","1","12","6","1","1","0","0","0.631578947368421","0.7","0.675","0.475"
"20","0.4","1","1","98","7","33","0","2","5","0","27","6","0","0","0","0","0.8181818181818182","0.2857142857142857","0.725","0.825"
"27","0.6","0.8","0","15","17","22","1","13","3","1","14","7","1","1","0","0","0.6363636363636364","0.7647058823529411","0.7","0.55"
"23","0.6","0.4","0","100","0","40","0","0","0","0","29","11","0","0","0","0","0.725","0","0.725","1"
"26","0.6","0.6","1","33","17","22","1","13","3","1","14","7","1","1","0","0","0.6363636363636364","0.7647058823529411","0.7","0.55"
"25","0.6","0.6","0","53","20","19","1","14","5","1","12","6","1","1","0","0","0.631578947368421","0.7","0.675","0.475"
"22","0.6","0.2","1","60","8","32","0","5","3","0","16","15","1","0","0","0","0.5","0.625","0.525","0.8"
"20","0.4","1","1","99","7","33","0","2","5","0","27","6","0","0","0","0","0.8181818181818182","0.2857142857142857","0.725","0.825"
"27","0.6","0.8","0","16","17","22","1","13","3","1","14","7","1","1","0","0","0.6363636363636364","0.7647058823529411","0.7","0.55"
"16","0.4","0.6","1","97","2","38","0","0","2","0","29","9","0","0","0","0","0.7631578947368421","0","0.725","0.95"
"26","0.6","0.6","1","34","17","22","1","13","3","1","14","7","1","1","0","0","0.6363636363636364","0.7647058823529411","0.7","0.55"
"25","0.6","0.6","0","54","20","19","1","14","5","1","12","6","1","1","0","0","0.631578947368421","0.7","0.675","0.475"
"27","0.6","0.8","0","17","17","22","1","13","3","1","14","7","1","1","0","0","0.6363636363636364","0.7647058823529411","0.7","0.55"
"20","0.4","1","1","100","7","33","0","2","5","0","27","6","0","0","0","0","0.8181818181818182","0.2857142857142857","0.725","0.825"
"26","0.6","0.6","1","35","17","22","1","13","3","1","14","7","1","1","0","0","0.6363636363636364","0.7647058823529411","0.7","0.55"
"25","0.6","0.6","0","55","20","19","1","14","5","1","12","6","1","1","0","0","0.631578947368421","0.7","0.675","0.475"
"16","0.4","0.6","1","98","2","38","0","0","2","0","29","9","0","0","0","0","0.7631578947368421","0","0.725","0.95"
"22","0.6","0.2","1","61","2","38","0","0","2","0","21","16","1","0","0","0","0.5526315789473685","0","0.525","0.95"
"27","0.6","0.8","0","18","17","22","1","13","3","1","14","7","1","1","0","0","0.6363636363636364","0.7647058823529411","0.7","0.55"
"25","0.6","0.6","0","56","20","19","1","14","5","1","12","6","1","1","0","0","0.631578947368421","0.7","0.675","0.475"
"26","0.6","0.6","1","36","17","22","1","13","3","1","14","7","1","1","0","0","0.6363636363636364","0.7647058823529411","0.7","0.55"
"27","0.6","0.8","0","19","17","22","1","13","3","1","14","7","1","1","0","0","0.6363636363636364","0.7647058823529411","0.7","0.55"
"16","0.4","0.6","1","99","2","38","0","0","2","0","29","9","0","0","0","0","0.7631578947368421","0","0.725","0.95"
"24","0.6","0.4","1","51","8","32","0","1","6","1","30","2","0","0","0","0","0.9375","0.125","0.775","0.8"
"25","0.6","0.6","0","57","20","19","1","14","5","1","12","6","1","1","0","0","0.631578947368421","0.7","0.675","0.475"
"26","0.6","0.6","1","37","17","22","1","13","3","1","14","7","1","1","0","0","0.6363636363636364","0.7647058823529411","0.7","0.55"
"27","0.6","0.8","0","20","17","22","1","13","3","1","14","7","1","1","0","0","0.6363636363636364","0.7647058823529411","0.7","0.55"
"28","0.6","0.8","1","0","0","0","0","0","0","0","0","0","0","0","0","0","0","0","0","0"
"22","0.6","0.2","1","62","1","39","0","0","1","0","25","13","1","0","0","0","0.6410256410256411","0","0.625","0.975"
"25","0.6","0.6","0","58","20","19","1","14","5","1","12","6","1","1","0","0","0.631578947368421","0.7","0.675","0.475"
"27","0.6","0.8","0","21","17","22","1","13","3","1","14","7","1","1","0","0","0.6363636363636364","0.7647058823529411","0.7","0.55"
"26","0.6","0.6","1","38","17","22","1","13","3","1","14","7","1","1","0","0","0.6363636363636364","0.7647058823529411","0.7","0.55"
"16","0.4","0.6","1","100","2","38","0","0","2","0","29","9","0","0","0","0","0.7631578947368421","0","0.725","0.95"
"24","0.6","0.4","1","52","8","32","0","1","7","0","31","1","0","0","0","0","0.96875","0.125","0.8","0.8"
"28","0.6","0.8","1","1","16","20","4","11","5","0","15","4","1","4","0","0","0.75","0.6875","0.75","0.5"
"25","0.6","0.6","0","59","20","19","1","14","5","1","12","6","1","1","0","0","0.631578947368421","0.7","0.675","0.475"
"27","0.6","0.8","0","22","17","22","1","13","3","1","14","7","1","1","0","0","0.6363636363636364","0.7647058823529411","0.7","0.55"
"24","0.6","0.4","1","53","8","32","0","1","7","0","31","1","0","0","0","0","0.96875","0.125","0.8","0.8"
"25","0.6","0.6","0","60","20","19","1","14","5","1","12","6","1","1","0","0","0.631578947368421","0.7","0.675","0.475"
"28","0.6","0.8","1","2","18","21","1","14","3","1","14","6","1","1","0","0","0.6666666666666666","0.7777777777777778","0.725","0.525"
"22","0.6","0.2","1","63","1","39","0","0","1","0","25","13","1","0","0","0","0.6410256410256411","0","0.625","0.975"
"26","0.6","0.6","1","39","17","22","1","13","3","1","14","7","1","1","0","0","0.6363636363636364","0.7647058823529411","0.7","0.55"
"27","0.6","0.8","0","23","17","22","1","13","3","1","14","7","1","1","0","0","0.6363636363636364","0.7647058823529411","0.7","0.55"
"28","0.6","0.8","1","3","17","22","1","13","3","1","14","7","1","1","0","0","0.6363636363636364","0.7647058823529411","0.7","0.55"
"29","0.6","1","0","0","0","0","0","0","0","0","0","0","0","0","0","0","0","0","0","0"
"26","0.6","0.6","1","40","17","22","1","13","3","1","14","7","1","1","0","0","0.6363636363636364","0.7647058823529411","0.7","0.55"
"27","0.6","0.8","0","24","17","22","1","13","3","1","14","7","1","1","0","0","0.6363636363636364","0.7647058823529411","0.7","0.55"
"24","0.6","0.4","1","54","8","32","0","0","8","0","31","1","0","0","0","0","0.96875","0","0.775","0.8"
"25","0.6","0.6","0","61","19","20","1","12","6","1","12","8","0","1","0","0","0.6","0.631578947368421","0.625","0.5"
"26","0.6","0.6","1","41","19","20","1","14","4","1","13","6","1","1","0","0","0.65","0.7368421052631579","0.7","0.5"
"27","0.6","0.8","0","25","17","22","1","13","3","1","14","7","1","1","0","0","0.6363636363636364","0.7647058823529411","0.7","0.55"
"28","0.6","0.8","1","4","17","22","1","13","3","1","14","7","1","1","0","0","0.6363636363636364","0.7647058823529411","0.7","0.55"
"29","0.6","1","0","1","16","20","4","11","5","0","15","4","1","4","0","0","0.75","0.6875","0.75","0.5"
"22","0.6","0.2","1","64","1","39","0","0","1","0","25","13","1","0","0","0","0.6410256410256411","0","0.625","0.975"
"25","0.6","0.6","0","62","17","22","1","12","4","1","15","7","0","1","0","0","0.6818181818181818","0.7058823529411765","0.7","0.55"
"27","0.6","0.8","0","26","17","22","1","13","3","1","14","7","1","1","0","0","0.6363636363636364","0.7647058823529411","0.7","0.55"
"24","0.6","0.4","1","55","7","32","1","0","7","0","31","1","0","1","0","0","0.96875","0","0.8","0.8"
"26","0.6","0.6","1","42","19","20","1","14","4","1","13","6","1","1","0","0","0.65","0.7368421052631579","0.7","0.5"
"28","0.6","0.8","1","5","17","22","1","13","3","1","14","7","1","1","0","0","0.6363636363636364","0.7647058823529411","0.7","0.55"
"29","0.6","1","0","2","18","21","1","14","3","1","14","6","1","1","0","0","0.6666666666666666","0.7777777777777778","0.725","0.525"
"27","0.6","0.8","0","27","17","22","1","13","3","1","14","7","1","1","0","0","0.6363636363636364","0.7647058823529411","0.7","0.55"
"26","0.6","0.6","1","43","19","20","1","14","4","1","13","6","1","1","0","0","0.65","0.7368421052631579","0.7","0.5"
"25","0.6","0.6","0","63","16","23","1","11","5","0","15","8","0","1","0","0","0.6521739130434783","0.6875","0.675","0.575"
"24","0.6","0.4","1","56","8","32","0","0","8","0","31","1","0","0","0","0","0.96875","0","0.775","0.8"
"28","0.6","0.8","1","6","17","22","1","13","3","1","14","7","1","1","0","0","0.6363636363636364","0.7647058823529411","0.7","0.55"
"29","0.6","1","0","3","17","22","1","13","3","1","14","7","1","1","0","0","0.6363636363636364","0.7647058823529411","0.7","0.55"
"22","0.6","0.2","1","65","1","39","0","0","1","0","25","13","1","0","0","0","0.6410256410256411","0","0.625","0.975"
"27","0.6","0.8","0","28","17","22","1","13","3","1","14","7","1","1","0","0","0.6363636363636364","0.7647058823529411","0.7","0.55"
"28","0.6","0.8","1","7","17","22","1","13","3","1","14","7","1","1","0","0","0.6363636363636364","0.7647058823529411","0.7","0.55"
"26","0.6","0.6","1","44","19","20","1","14","4","1","13","6","1","1","0","0","0.65","0.7368421052631579","0.7","0.5"
"25","0.6","0.6","0","64","13","26","1","9","4","0","18","8","0","1","0","0","0.6923076923076923","0.6923076923076923","0.7","0.65"
"29","0.6","1","0","4","17","22","1","13","3","1","14","7","1","1","0","0","0.6363636363636364","0.7647058823529411","0.7","0.55"
"24","0.6","0.4","1","57","8","32","0","0","8","0","31","1","0","0","0","0","0.96875","0","0.775","0.8"
"27","0.6","0.8","0","29","17","22","1","13","3","1","14","7","1","1","0","0","0.6363636363636364","0.7647058823529411","0.7","0.55"
"26","0.6","0.6","1","45","19","20","1","14","4","1","13","6","1","1","0","0","0.65","0.7368421052631579","0.7","0.5"
"28","0.6","0.8","1","8","17","22","1","13","3","1","14","7","1","1","0","0","0.6363636363636364","0.7647058823529411","0.7","0.55"
"29","0.6","1","0","5","17","22","1","13","3","1","14","7","1","1","0","0","0.6363636363636364","0.7647058823529411","0.7","0.55"
"30","0.6","1","1","0","0","0","0","0","0","0","0","0","0","0","0","0","0","0","0","0"
"24","0.6","0.4","1","58","8","32","0","0","8","0","31","1","0","0","0","0","0.96875","0","0.775","0.8"
"25","0.6","0.6","0","65","12","27","1","9","3","0","18","9","0","1","0","0","0.6666666666666666","0.75","0.7","0.675"
"22","0.6","0.2","1","66","1","39","0","0","1","0","25","13","1","0","0","0","0.6410256410256411","0","0.625","0.975"
"26","0.6","0.6","1","46","19","20","1","14","4","1","13","6","1","1","0","0","0.65","0.7368421052631579","0.7","0.5"
"27","0.6","0.8","0","30","17","22","1","13","3","1","14","7","1","1","0","0","0.6363636363636364","0.7647058823529411","0.7","0.55"
"28","0.6","0.8","1","9","17","22","1","13","3","1","14","7","1","1","0","0","0.6363636363636364","0.7647058823529411","0.7","0.55"
"29","0.6","1","0","6","17","22","1","13","3","1","14","7","1","1","0","0","0.6363636363636364","0.7647058823529411","0.7","0.55"
"24","0.6","0.4","1","59","8","32","0","0","8","0","31","1","0","0","0","0","0.96875","0","0.775","0.8"
"26","0.6","0.6","1","47","19","20","1","14","4","1","13","6","1","1","0","0","0.65","0.7368421052631579","0.7","0.5"
"27","0.6","0.8","0","31","17","22","1","13","3","1","14","7","1","1","0","0","0.6363636363636364","0.7647058823529411","0.7","0.55"
"25","0.6","0.6","0","66","11","28","1","9","2","0","19","9","0","1","0","0","0.6785714285714286","0.8181818181818182","0.725","0.7"
"28","0.6","0.8","1","10","17","22","1","13","3","1","14","7","1","1","0","0","0.6363636363636364","0.7647058823529411","0.7","0.55"
"29","0.6","1","0","7","17","22","1","13","3","1","14","7","1","1","0","0","0.6363636363636364","0.7647058823529411","0.7","0.55"
"30","0.6","1","1","1","16","20","4","11","5","0","15","4","1","4","0","0","0.75","0.6875","0.75","0.5"
"24","0.6","0.4","1","60","8","32","0","0","8","0","31","1","0","0","0","0","0.96875","0","0.775","0.8"
"26","0.6","0.6","1","48","19","20","1","14","4","1","13","6","1","1","0","0","0.65","0.7368421052631579","0.7","0.5"
"22","0.6","0.2","1","67","1","39","0","0","1","0","25","13","1","0","0","0","0.6410256410256411","0","0.625","0.975"
"28","0.6","0.8","1","11","17","22","1","13","3","1","14","7","1","1","0","0","0.6363636363636364","0.7647058823529411","0.7","0.55"
"27","0.6","0.8","0","32","17","22","1","13","3","1","14","7","1","1","0","0","0.6363636363636364","0.7647058823529411","0.7","0.55"
"29","0.6","1","0","8","17","22","1","13","3","1","14","7","1","1","0","0","0.6363636363636364","0.7647058823529411","0.7","0.55"
"25","0.6","0.6","0","67","11","28","1","9","2","0","19","9","0","1","0","0","0.6785714285714286","0.8181818181818182","0.725","0.7"
"26","0.6","0.6","1","49","19","20","1","14","4","1","13","6","1","1","0","0","0.65","0.7368421052631579","0.7","0.5"
"24","0.6","0.4","1","61","8","32","0","0","8","0","31","1","0","0","0","0","0.96875","0","0.775","0.8"
"27","0.6","0.8","0","33","17","22","1","13","3","1","14","7","1","1","0","0","0.6363636363636364","0.7647058823529411","0.7","0.55"
"28","0.6","0.8","1","12","17","22","1","13","3","1","14","7","1","1","0","0","0.6363636363636364","0.7647058823529411","0.7","0.55"
"25","0.6","0.6","0","68","11","28","1","9","2","0","19","9","0","1","0","0","0.6785714285714286","0.8181818181818182","0.725","0.7"
"29","0.6","1","0","9","17","22","1","13","3","1","14","7","1","1","0","0","0.6363636363636364","0.7647058823529411","0.7","0.55"
"26","0.6","0.6","1","50","19","20","1","14","4","1","13","6","1","1","0","0","0.65","0.7368421052631579","0.7","0.5"
"24","0.6","0.4","1","62","8","32","0","0","8","0","31","1","0","0","0","0","0.96875","0","0.775","0.8"
"30","0.6","1","1","2","18","21","1","14","3","1","14","6","1","1","0","0","0.6666666666666666","0.7777777777777778","0.725","0.525"
"22","0.6","0.2","1","68","1","39","0","0","1","0","25","13","1","0","0","0","0.6410256410256411","0","0.625","0.975"
"25","0.6","0.6","0","69","11","28","1","9","2","0","19","9","0","1","0","0","0.6785714285714286","0.8181818181818182","0.725","0.7"
"27","0.6","0.8","0","34","17","22","1","13","3","1","14","7","1","1","0","0","0.6363636363636364","0.7647058823529411","0.7","0.55"
"29","0.6","1","0","10","17","22","1","13","3","1","14","7","1","1","0","0","0.6363636363636364","0.7647058823529411","0.7","0.55"
"24","0.6","0.4","1","63","8","32","0","0","8","0","31","1","0","0","0","0","0.96875","0","0.775","0.8"
"29","0.6","1","0","11","17","22","1","13","3","1","14","7","1","1","0","0","0.6363636363636364","0.7647058823529411","0.7","0.55"
"28","0.6","0.8","1","13","17","22","1","13","3","1","14","7","1","1","0","0","0.6363636363636364","0.7647058823529411","0.7","0.55"
"25","0.6","0.6","0","70","11","28","1","9","2","0","19","9","0","1","0","0","0.6785714285714286","0.8181818181818182","0.725","0.7"
"30","0.6","1","1","3","17","22","1","13","3","1","14","7","1","1","0","0","0.6363636363636364","0.7647058823529411","0.7","0.55"
"24","0.6","0.4","1","64","8","32","0","0","8","0","31","1","0","0","0","0","0.96875","0","0.775","0.8"
"22","0.6","0.2","1","69","1","39","0","0","1","0","25","13","1","0","0","0","0.6410256410256411","0","0.625","0.975"
"29","0.6","1","0","12","17","22","1","13","3","1","14","7","1","1","0","0","0.6363636363636364","0.7647058823529411","0.7","0.55"
"28","0.6","0.8","1","14","17","22","1","13","3","1","14","7","1","1","0","0","0.6363636363636364","0.7647058823529411","0.7","0.55"
"25","0.6","0.6","0","71","6","33","1","5","1","0","23","10","0","1","0","0","0.696969696969697","0.8333333333333334","0.725","0.825"
"27","0.6","0.8","0","35","17","22","1","13","3","1","14","7","1","1","0","0","0.6363636363636364","0.7647058823529411","0.7","0.55"
"24","0.6","0.4","1","65","8","32","0","0","8","0","31","1","0","0","0","0","0.96875","0","0.775","0.8"
"30","0.6","1","1","4","17","22","1","13","3","1","14","7","1","1","0","0","0.6363636363636364","0.7647058823529411","0.7","0.55"
"29","0.6","1","0","13","17","22","1","13","3","1","14","7","1","1","0","0","0.6363636363636364","0.7647058823529411","0.7","0.55"
"28","0.6","0.8","1","15","17","22","1","13","3","1","14","7","1","1","0","0","0.6363636363636364","0.7647058823529411","0.7","0.55"
"27","0.6","0.8","0","36","17","22","1","13","3","1","14","7","1","1","0","0","0.6363636363636364","0.7647058823529411","0.7","0.55"
"25","0.6","0.6","0","72","5","34","1","4","1","0","24","10","0","1","0","0","0.7058823529411765","0.8","0.725","0.85"
"24","0.6","0.4","1","66","8","32","0","0","8","0","31","1","0","0","0","0","0.96875","0","0.775","0.8"
"22","0.6","0.2","1","70","1","39","0","0","1","0","25","13","1","0","0","0","0.6410256410256411","0","0.625","0.975"
"29","0.6","1","0","14","17","22","1","13","3","1","14","7","1","1","0","0","0.6363636363636364","0.7647058823529411","0.7","0.55"
"28","0.6","0.8","1","16","17","22","1","13","3","1","14","7","1","1","0","0","0.6363636363636364","0.7647058823529411","0.7","0.55"
"27","0.6","0.8","0","37","17","22","1","13","3","1","14","7","1","1","0","0","0.6363636363636364","0.7647058823529411","0.7","0.55"
"24","0.6","0.4","1","67","8","32","0","0","8","0","31","1","0","0","0","0","0.96875","0","0.775","0.8"
"30","0.6","1","1","5","17","22","1","13","3","1","14","7","1","1","0","0","0.6363636363636364","0.7647058823529411","0.7","0.55"
"25","0.6","0.6","0","73","6","34","0","4","2","0","24","10","0","0","0","0","0.7058823529411765","0.6666666666666666","0.7","0.85"
"29","0.6","1","0","15","17","22","1","13","3","1","14","7","1","1","0","0","0.6363636363636364","0.7647058823529411","0.7","0.55"
"27","0.6","0.8","0","38","17","22","1","13","3","1","14","7","1","1","0","0","0.6363636363636364","0.7647058823529411","0.7","0.55"
"24","0.6","0.4","1","68","8","32","0","0","8","0","31","1","0","0","0","0","0.96875","0","0.775","0.8"
"22","0.6","0.2","1","71","0","40","0","0","0","0","26","13","1","0","0","0","0.65","0","0.65","1"
"29","0.6","1","0","16","17","22","1","13","3","1","14","7","1","1","0","0","0.6363636363636364","0.7647058823529411","0.7","0.55"
"28","0.6","0.8","1","17","17","22","1","13","3","1","14","7","1","1","0","0","0.6363636363636364","0.7647058823529411","0.7","0.55"
"30","0.6","1","1","6","17","22","1","13","3","1","14","7","1","1","0","0","0.6363636363636364","0.7647058823529411","0.7","0.55"
"27","0.6","0.8","0","39","17","22","1","13","3","1","14","7","1","1","0","0","0.6363636363636364","0.7647058823529411","0.7","0.55"
"25","0.6","0.6","0","74","5","35","0","4","1","0","26","9","0","0","0","0","0.7428571428571429","0.8","0.75","0.875"
"24","0.6","0.4","1","69","8","32","0","0","8","0","31","1","0","0","0","0","0.96875","0","0.775","0.8"
"28","0.6","0.8","1","18","17","22","1","13","3","1","14","7","1","1","0","0","0.6363636363636364","0.7647058823529411","0.7","0.55"
"29","0.6","1","0","17","17","22","1","13","3","1","14","7","1","1","0","0","0.6363636363636364","0.7647058823529411","0.7","0.55"
"27","0.6","0.8","0","40","17","22","1","13","3","1","14","7","1","1","0","0","0.6363636363636364","0.7647058823529411","0.7","0.55"
"22","0.6","0.2","1","72","0","40","0","0","0","0","26","13","1","0","0","0","0.65","0","0.65","1"
"25","0.6","0.6","0","75","5","35","0","4","1","0","26","9","0","0","0","0","0.7428571428571429","0.8","0.75","0.875"
"30","0.6","1","1","7","17","22","1","13","3","1","14","7","1","1","0","0","0.6363636363636364","0.7647058823529411","0.7","0.55"
"24","0.6","0.4","1","70","8","32","0","0","8","0","31","1","0","0","0","0","0.96875","0","0.775","0.8"
"29","0.6","1","0","18","17","22","1","13","3","1","14","7","1","1","0","0","0.6363636363636364","0.7647058823529411","0.7","0.55"
"28","0.6","0.8","1","19","17","22","1","13","3","1","14","7","1","1","0","0","0.6363636363636364","0.7647058823529411","0.7","0.55"
"27","0.6","0.8","0","41","17","22","1","13","3","1","14","7","1","1","0","0","0.6363636363636364","0.7647058823529411","0.7","0.55"
"25","0.6","0.6","0","76","5","35","0","4","1","0","26","9","0","0","0","0","0.7428571428571429","0.8","0.75","0.875"
"29","0.6","1","0","19","17","22","1","13","3","1","14","7","1","1","0","0","0.6363636363636364","0.7647058823529411","0.7","0.55"
"28","0.6","0.8","1","20","17","22","1","13","3","1","14","7","1","1","0","0","0.6363636363636364","0.7647058823529411","0.7","0.55"
"24","0.6","0.4","1","71","7","33","0","0","7","0","31","2","0","0","0","0","0.9393939393939394","0","0.775","0.825"
"22","0.6","0.2","1","73","0","40","0","0","0","0","26","13","1","0","0","0","0.65","0","0.65","1"
"27","0.6","0.8","0","42","17","22","1","13","3","1","14","7","1","1","0","0","0.6363636363636364","0.7647058823529411","0.7","0.55"
"30","0.6","1","1","8","17","22","1","13","3","1","14","7","1","1","0","0","0.6363636363636364","0.7647058823529411","0.7","0.55"
"29","0.6","1","0","20","17","22","1","13","3","1","14","7","1","1","0","0","0.6363636363636364","0.7647058823529411","0.7","0.55"
"25","0.6","0.6","0","77","5","35","0","4","1","0","26","9","0","0","0","0","0.7428571428571429","0.8","0.75","0.875"
"28","0.6","0.8","1","21","17","22","1","13","3","1","14","7","1","1","0","0","0.6363636363636364","0.7647058823529411","0.7","0.55"
"24","0.6","0.4","1","72","7","33","0","0","7","0","31","2","0","0","0","0","0.9393939393939394","0","0.775","0.825"
"27","0.6","0.8","0","43","17","22","1","13","3","1","14","7","1","1","0","0","0.6363636363636364","0.7647058823529411","0.7","0.55"
"22","0.6","0.2","1","74","0","40","0","0","0","0","26","13","1","0","0","0","0.65","0","0.65","1"
"28","0.6","0.8","1","22","17","22","1","13","3","1","14","7","1","1","0","0","0.6363636363636364","0.7647058823529411","0.7","0.55"
"29","0.6","1","0","21","17","22","1","13","3","1","14","7","1","1","0","0","0.6363636363636364","0.7647058823529411","0.7","0.55"
"25","0.6","0.6","0","78","5","35","0","4","1","0","26","9","0","0","0","0","0.7428571428571429","0.8","0.75","0.875"
"24","0.6","0.4","1","73","7","33","0","0","7","0","31","2","0","0","0","0","0.9393939393939394","0","0.775","0.825"
"30","0.6","1","1","9","17","22","1","13","3","1","14","7","1","1","0","0","0.6363636363636364","0.7647058823529411","0.7","0.55"
"27","0.6","0.8","0","44","17","22","1","13","3","1","14","7","1","1","0","0","0.6363636363636364","0.7647058823529411","0.7","0.55"
"28","0.6","0.8","1","23","17","22","1","13","3","1","14","7","1","1","0","0","0.6363636363636364","0.7647058823529411","0.7","0.55"
"29","0.6","1","0","22","17","22","1","13","3","1","14","7","1","1","0","0","0.6363636363636364","0.7647058823529411","0.7","0.55"
"25","0.6","0.6","0","79","5","35","0","4","1","0","26","9","0","0","0","0","0.7428571428571429","0.8","0.75","0.875"
"24","0.6","0.4","1","74","7","33","0","0","7","0","31","2","0","0","0","0","0.9393939393939394","0","0.775","0.825"
"22","0.6","0.2","1","75","0","40","0","0","0","0","26","13","1","0","0","0","0.65","0","0.65","1"
"29","0.6","1","0","23","17","22","1","13","3","1","14","7","1","1","0","0","0.6363636363636364","0.7647058823529411","0.7","0.55"
"28","0.6","0.8","1","24","17","22","1","13","3","1","14","7","1","1","0","0","0.6363636363636364","0.7647058823529411","0.7","0.55"
"27","0.6","0.8","0","45","17","22","1","13","3","1","14","7","1","1","0","0","0.6363636363636364","0.7647058823529411","0.7","0.55"
"25","0.6","0.6","0","80","5","35","0","4","1","0","26","9","0","0","0","0","0.7428571428571429","0.8","0.75","0.875"
"24","0.6","0.4","1","75","7","33","0","0","7","0","31","2","0","0","0","0","0.9393939393939394","0","0.775","0.825"
"30","0.6","1","1","10","17","22","1","13","3","1","14","7","1","1","0","0","0.6363636363636364","0.7647058823529411","0.7","0.55"
"29","0.6","1","0","24","17","22","1","13","3","1","14","7","1","1","0","0","0.6363636363636364","0.7647058823529411","0.7","0.55"
"28","0.6","0.8","1","25","17","22","1","13","3","1","14","7","1","1","0","0","0.6363636363636364","0.7647058823529411","0.7","0.55"
"27","0.6","0.8","0","46","17","22","1","13","3","1","14","7","1","1","0","0","0.6363636363636364","0.7647058823529411","0.7","0.55"
"22","0.6","0.2","1","76","0","40","0","0","0","0","26","13","1","0","0","0","0.65","0","0.65","1"
"29","0.6","1","0","25","17","22","1","13","3","1","14","7","1","1","0","0","0.6363636363636364","0.7647058823529411","0.7","0.55"
"24","0.6","0.4","1","76","7","33","0","0","7","0","31","2","0","0","0","0","0.9393939393939394","0","0.775","0.825"
"25","0.6","0.6","0","81","4","36","0","3","1","0","26","10","0","0","0","0","0.7222222222222222","0.75","0.725","0.9"
"27","0.6","0.8","0","47","17","22","1","13","3","1","14","7","1","1","0","0","0.6363636363636364","0.7647058823529411","0.7","0.55"
"28","0.6","0.8","1","26","17","22","1","13","3","1","14","7","1","1","0","0","0.6363636363636364","0.7647058823529411","0.7","0.55"
"29","0.6","1","0","26","17","22","1","13","3","1","14","7","1","1","0","0","0.6363636363636364","0.7647058823529411","0.7","0.55"
"24","0.6","0.4","1","77","7","33","0","0","7","0","31","2","0","0","0","0","0.9393939393939394","0","0.775","0.825"
"27","0.6","0.8","0","48","17","22","1","13","3","1","14","7","1","1","0","0","0.6363636363636364","0.7647058823529411","0.7","0.55"
"28","0.6","0.8","1","27","17","22","1","13","3","1","14","7","1","1","0","0","0.6363636363636364","0.7647058823529411","0.7","0.55"
"30","0.6","1","1","11","17","22","1","13","3","1","14","7","1","1","0","0","0.6363636363636364","0.7647058823529411","0.7","0.55"
"22","0.6","0.2","1","77","0","40","0","0","0","0","26","13","1","0","0","0","0.65","0","0.65","1"
"25","0.6","0.6","0","82","4","36","0","3","1","0","26","10","0","0","0","0","0.7222222222222222","0.75","0.725","0.9"
"29","0.6","1","0","27","17","22","1","13","3","1","14","7","1","1","0","0","0.6363636363636364","0.7647058823529411","0.7","0.55"
"24","0.6","0.4","1","78","7","33","0","0","7","0","31","2","0","0","0","0","0.9393939393939394","0","0.775","0.825"
"27","0.6","0.8","0","49","17","22","1","13","3","1","14","7","1","1","0","0","0.6363636363636364","0.7647058823529411","0.7","0.55"
"28","0.6","0.8","1","28","17","22","1","13","3","1","14","7","1","1","0","0","0.6363636363636364","0.7647058823529411","0.7","0.55"
"29","0.6","1","0","28","17","22","1","13","3","1","14","7","1","1","0","0","0.6363636363636364","0.7647058823529411","0.7","0.55"
"30","0.6","1","1","12","17","22","1","13","3","1","14","7","1","1","0","0","0.6363636363636364","0.7647058823529411","0.7","0.55"
"24","0.6","0.4","1","79","7","33","0","0","7","0","31","2","0","0","0","0","0.9393939393939394","0","0.775","0.825"
"25","0.6","0.6","0","83","4","36","0","3","1","0","26","10","0","0","0","0","0.7222222222222222","0.75","0.725","0.9"
"28","0.6","0.8","1","29","17","22","1","13","3","1","14","7","1","1","0","0","0.6363636363636364","0.7647058823529411","0.7","0.55"
"27","0.6","0.8","0","50","17","22","1","13","3","1","14","7","1","1","0","0","0.6363636363636364","0.7647058823529411","0.7","0.55"
"29","0.6","1","0","29","17","22","1","13","3","1","14","7","1","1","0","0","0.6363636363636364","0.7647058823529411","0.7","0.55"
"24","0.6","0.4","1","80","7","33","0","0","7","0","31","2","0","0","0","0","0.9393939393939394","0","0.775","0.825"
"25","0.6","0.6","0","84","4","36","0","3","1","0","26","10","0","0","0","0","0.7222222222222222","0.75","0.725","0.9"
"22","0.6","0.2","1","78","0","40","0","0","0","0","26","13","1","0","0","0","0.65","0","0.65","1"
"28","0.6","0.8","1","30","17","22","1","13","3","1","14","7","1","1","0","0","0.6363636363636364","0.7647058823529411","0.7","0.55"
"30","0.6","1","1","13","17","22","1","13","3","1","14","7","1","1","0","0","0.6363636363636364","0.7647058823529411","0.7","0.55"
"24","0.6","0.4","1","81","5","35","0","0","5","0","33","2","0","0","0","0","0.9428571428571428","0","0.825","0.875"
"27","0.6","0.8","0","51","19","20","1","14","4","1","13","6","1","1","0","0","0.65","0.7368421052631579","0.7","0.5"
"28","0.6","0.8","1","31","17","22","1","13","3","1","14","7","1","1","0","0","0.6363636363636364","0.7647058823529411","0.7","0.55"
"25","0.6","0.6","0","85","4","36","0","3","1","0","26","10","0","0","0","0","0.7222222222222222","0.75","0.725","0.9"
"22","0.6","0.2","1","79","0","40","0","0","0","0","26","13","1","0","0","0","0.65","0","0.65","1"
"29","0.6","1","0","30","17","22","1","13","3","1","14","7","1","1","0","0","0.6363636363636364","0.7647058823529411","0.7","0.55"
"27","0.6","0.8","0","52","19","20","1","14","4","1","13","6","1","1","0","0","0.65","0.7368421052631579","0.7","0.5"
"24","0.6","0.4","1","82","4","36","0","0","4","0","34","2","0","0","0","0","0.9444444444444444","0","0.85","0.9"
"28","0.6","0.8","1","32","17","22","1","13","3","1","14","7","1","1","0","0","0.6363636363636364","0.7647058823529411","0.7","0.55"
"30","0.6","1","1","14","17","22","1","13","3","1","14","7","1","1","0","0","0.6363636363636364","0.7647058823529411","0.7","0.55"
"25","0.6","0.6","0","86","4","36","0","3","1","0","26","10","0","0","0","0","0.7222222222222222","0.75","0.725","0.9"
"29","0.6","1","0","31","17","22","1","13","3","1","14","7","1","1","0","0","0.6363636363636364","0.7647058823529411","0.7","0.55"
"27","0.6","0.8","0","53","19","20","1","14","4","1","13","6","1","1","0","0","0.65","0.7368421052631579","0.7","0.5"
"22","0.6","0.2","1","80","0","40","0","0","0","0","26","13","1","0","0","0","0.65","0","0.65","1"
"28","0.6","0.8","1","33","17","22","1","13","3","1","14","7","1","1","0","0","0.6363636363636364","0.7647058823529411","0.7","0.55"
"24","0.6","0.4","1","83","3","37","0","0","3","0","35","2","0","0","0","0","0.9459459459459459","0","0.875","0.925"
"25","0.6","0.6","0","87","4","36","0","3","1","0","26","10","0","0","0","0","0.7222222222222222","0.75","0.725","0.9"
"27","0.6","0.8","0","54","19","20","1","14","4","1","13","6","1","1","0","0","0.65","0.7368421052631579","0.7","0.5"
"29","0.6","1","0","32","17","22","1","13","3","1","14","7","1","1","0","0","0.6363636363636364","0.7647058823529411","0.7","0.55"
"28","0.6","0.8","1","34","17","22","1","13","3","1","14","7","1","1","0","0","0.6363636363636364","0.7647058823529411","0.7","0.55"
"25","0.6","0.6","0","88","4","36","0","3","1","0","26","10","0","0","0","0","0.7222222222222222","0.75","0.725","0.9"
"27","0.6","0.8","0","55","19","20","1","14","4","1","13","6","1","1","0","0","0.65","0.7368421052631579","0.7","0.5"
"29","0.6","1","0","33","17","22","1","13","3","1","14","7","1","1","0","0","0.6363636363636364","0.7647058823529411","0.7","0.55"
"22","0.6","0.2","1","81","0","40","0","0","0","0","26","13","1","0","0","0","0.65","0","0.65","1"
"30","0.6","1","1","15","17","22","1","13","3","1","14","7","1","1","0","0","0.6363636363636364","0.7647058823529411","0.7","0.55"
"24","0.6","0.4","1","84","2","38","0","0","2","0","36","2","0","0","0","0","0.9473684210526315","0","0.9","0.95"
"25","0.6","0.6","0","89","4","36","0","3","1","0","26","10","0","0","0","0","0.7222222222222222","0.75","0.725","0.9"
"27","0.6","0.8","0","56","19","20","1","14","4","1","13","6","1","1","0","0","0.65","0.7368421052631579","0.7","0.5"
"28","0.6","0.8","1","35","17","22","1","13","3","1","14","7","1","1","0","0","0.6363636363636364","0.7647058823529411","0.7","0.55"
"29","0.6","1","0","34","17","22","1","13","3","1","14","7","1","1","0","0","0.6363636363636364","0.7647058823529411","0.7","0.55"
"22","0.6","0.2","1","82","0","40","0","0","0","0","26","13","1","0","0","0","0.65","0","0.65","1"
"27","0.6","0.8","0","57","19","20","1","14","4","1","13","6","1","1","0","0","0.65","0.7368421052631579","0.7","0.5"
"28","0.6","0.8","1","36","17","22","1","13","3","1","14","7","1","1","0","0","0.6363636363636364","0.7647058823529411","0.7","0.55"
"24","0.6","0.4","1","85","2","38","0","0","2","0","36","2","0","0","0","0","0.9473684210526315","0","0.9","0.95"
"29","0.6","1","0","35","17","22","1","13","3","1","14","7","1","1","0","0","0.6363636363636364","0.7647058823529411","0.7","0.55"
"30","0.6","1","1","16","17","22","1","13","3","1","14","7","1","1","0","0","0.6363636363636364","0.7647058823529411","0.7","0.55"
"27","0.6","0.8","0","58","19","20","1","14","4","1","13","6","1","1","0","0","0.65","0.7368421052631579","0.7","0.5"
"28","0.6","0.8","1","37","17","22","1","13","3","1","14","7","1","1","0","0","0.6363636363636364","0.7647058823529411","0.7","0.55"
"25","0.6","0.6","0","90","4","36","0","3","1","0","26","10","0","0","0","0","0.7222222222222222","0.75","0.725","0.9"
"22","0.6","0.2","1","83","0","40","0","0","0","0","26","13","1","0","0","0","0.65","0","0.65","1"
"29","0.6","1","0","36","17","22","1","13","3","1","14","7","1","1","0","0","0.6363636363636364","0.7647058823529411","0.7","0.55"
"24","0.6","0.4","1","86","2","38","0","0","2","0","36","2","0","0","0","0","0.9473684210526315","0","0.9","0.95"
"27","0.6","0.8","0","59","19","20","1","14","4","1","13","6","1","1","0","0","0.65","0.7368421052631579","0.7","0.5"
"30","0.6","1","1","17","17","22","1","13","3","1","14","7","1","1","0","0","0.6363636363636364","0.7647058823529411","0.7","0.55"
"28","0.6","0.8","1","38","17","22","1","13","3","1","14","7","1","1","0","0","0.6363636363636364","0.7647058823529411","0.7","0.55"
"25","0.6","0.6","0","91","1","39","0","1","0","0","28","11","0","0","0","0","0.717948717948718","1","0.725","0.975"
"29","0.6","1","0","37","17","22","1","13","3","1","14","7","1","1","0","0","0.6363636363636364","0.7647058823529411","0.7","0.55"
"27","0.6","0.8","0","60","19","20","1","14","4","1","13","6","1","1","0","0","0.65","0.7368421052631579","0.7","0.5"
"28","0.6","0.8","1","39","17","22","1","13","3","1","14","7","1","1","0","0","0.6363636363636364","0.7647058823529411","0.7","0.55"
"22","0.6","0.2","1","84","0","40","0","0","0","0","26","13","1","0","0","0","0.65","0","0.65","1"
"24","0.6","0.4","1","87","2","38","0","0","2","0","36","2","0","0","0","0","0.9473684210526315","0","0.9","0.95"
"29","0.6","1","0","38","17","22","1","13","3","1","14","7","1","1","0","0","0.6363636363636364","0.7647058823529411","0.7","0.55"
"25","0.6","0.6","0","92","1","39","0","1","0","0","28","11","0","0","0","0","0.717948717948718","1","0.725","0.975"
"30","0.6","1","1","18","17","22","1","13","3","1","14","7","1","1","0","0","0.6363636363636364","0.7647058823529411","0.7","0.55"
"27","0.6","0.8","0","61","19","20","1","14","4","1","13","6","1","1","0","0","0.65","0.7368421052631579","0.7","0.5"
"29","0.6","1","0","39","17","22","1","13","3","1","14","7","1","1","0","0","0.6363636363636364","0.7647058823529411","0.7","0.55"
"28","0.6","0.8","1","40","17","22","1","13","3","1","14","7","1","1","0","0","0.6363636363636364","0.7647058823529411","0.7","0.55"
"27","0.6","0.8","0","62","19","20","1","14","4","1","13","6","1","1","0","0","0.65","0.7368421052631579","0.7","0.5"
"24","0.6","0.4","1","88","2","38","0","0","2","0","36","2","0","0","0","0","0.9473684210526315","0","0.9","0.95"
"25","0.6","0.6","0","93","1","39","0","1","0","0","28","11","0","0","0","0","0.717948717948718","1","0.725","0.975"
"29","0.6","1","0","40","17","22","1","13","3","1","14","7","1","1","0","0","0.6363636363636364","0.7647058823529411","0.7","0.55"
"28","0.6","0.8","1","41","17","22","1","13","3","1","14","7","1","1","0","0","0.6363636363636364","0.7647058823529411","0.7","0.55"
"22","0.6","0.2","1","85","0","40","0","0","0","0","26","13","1","0","0","0","0.65","0","0.65","1"
"30","0.6","1","1","19","17","22","1","13","3","1","14","7","1","1","0","0","0.6363636363636364","0.7647058823529411","0.7","0.55"
"27","0.6","0.8","0","63","19","20","1","14","4","1","13","6","1","1","0","0","0.65","0.7368421052631579","0.7","0.5"
"29","0.6","1","0","41","17","22","1","13","3","1","14","7","1","1","0","0","0.6363636363636364","0.7647058823529411","0.7","0.55"
"28","0.6","0.8","1","42","17","22","1","13","3","1","14","7","1","1","0","0","0.6363636363636364","0.7647058823529411","0.7","0.55"
"25","0.6","0.6","0","94","1","39","0","1","0","0","28","11","0","0","0","0","0.717948717948718","1","0.725","0.975"
"27","0.6","0.8","0","64","19","20","1","14","4","1","13","6","1","1","0","0","0.65","0.7368421052631579","0.7","0.5"
"29","0.6","1","0","42","17","22","1","13","3","1","14","7","1","1","0","0","0.6363636363636364","0.7647058823529411","0.7","0.55"
"22","0.6","0.2","1","86","0","40","0","0","0","0","26","13","1","0","0","0","0.65","0","0.65","1"
"28","0.6","0.8","1","43","17","22","1","13","3","1","14","7","1","1","0","0","0.6363636363636364","0.7647058823529411","0.7","0.55"
"30","0.6","1","1","20","17","22","1","13","3","1","14","7","1","1","0","0","0.6363636363636364","0.7647058823529411","0.7","0.55"
"25","0.6","0.6","0","95","1","39","0","1","0","0","28","11","0","0","0","0","0.717948717948718","1","0.725","0.975"
"24","0.6","0.4","1","89","2","38","0","0","2","0","36","2","0","0","0","0","0.9473684210526315","0","0.9","0.95"
"27","0.6","0.8","0","65","19","20","1","14","4","1","13","6","1","1","0","0","0.65","0.7368421052631579","0.7","0.5"
"29","0.6","1","0","43","17","22","1","13","3","1","14","7","1","1","0","0","0.6363636363636364","0.7647058823529411","0.7","0.55"
"28","0.6","0.8","1","44","17","22","1","13","3","1","14","7","1","1","0","0","0.6363636363636364","0.7647058823529411","0.7","0.55"
"25","0.6","0.6","0","96","1","39","0","1","0","0","28","11","0","0","0","0","0.717948717948718","1","0.725","0.975"
"27","0.6","0.8","0","66","19","20","1","14","4","1","13","6","1","1","0","0","0.65","0.7368421052631579","0.7","0.5"
"24","0.6","0.4","1","90","2","38","0","0","2","0","36","2","0","0","0","0","0.9473684210526315","0","0.9","0.95"
"22","0.6","0.2","1","87","0","40","0","0","0","0","26","13","1","0","0","0","0.65","0","0.65","1"
"29","0.6","1","0","44","17","22","1","13","3","1","14","7","1","1","0","0","0.6363636363636364","0.7647058823529411","0.7","0.55"
"30","0.6","1","1","21","17","22","1","13","3","1","14","7","1","1","0","0","0.6363636363636364","0.7647058823529411","0.7","0.55"
"28","0.6","0.8","1","45","17","22","1","13","3","1","14","7","1","1","0","0","0.6363636363636364","0.7647058823529411","0.7","0.55"
"27","0.6","0.8","0","67","19","20","1","14","4","1","13","6","1","1","0","0","0.65","0.7368421052631579","0.7","0.5"
"25","0.6","0.6","0","97","1","39","0","1","0","0","28","11","0","0","0","0","0.717948717948718","1","0.725","0.975"
"29","0.6","1","0","45","17","22","1","13","3","1","14","7","1","1","0","0","0.6363636363636364","0.7647058823529411","0.7","0.55"
"24","0.6","0.4","1","91","1","39","0","0","1","0","37","2","0","0","0","0","0.9487179487179487","0","0.925","0.975"
"27","0.6","0.8","0","68","19","20","1","14","4","1","13","6","1","1","0","0","0.65","0.7368421052631579","0.7","0.5"
"28","0.6","0.8","1","46","17","22","1","13","3","1","14","7","1","1","0","0","0.6363636363636364","0.7647058823529411","0.7","0.55"
"22","0.6","0.2","1","88","0","40","0","0","0","0","26","13","1","0","0","0","0.65","0","0.65","1"
"25","0.6","0.6","0","98","1","39","0","1","0","0","28","11","0","0","0","0","0.717948717948718","1","0.725","0.975"
"29","0.6","1","0","46","17","22","1","13","3","1","14","7","1","1","0","0","0.6363636363636364","0.7647058823529411","0.7","0.55"
"30","0.6","1","1","22","17","22","1","13","3","1","14","7","1","1","0","0","0.6363636363636364","0.7647058823529411","0.7","0.55"
"27","0.6","0.8","0","69","19","20","1","14","4","1","13","6","1","1","0","0","0.65","0.7368421052631579","0.7","0.5"
"24","0.6","0.4","1","92","1","39","0","0","1","0","37","2","0","0","0","0","0.9487179487179487","0","0.925","0.975"
"26","0.6","0.6","1","51","11","29","0","4","7","0","20","9","0","0","0","0","0.6896551724137931","0.36363636363636365","0.6","0.725"
"28","0.6","0.8","1","47","17","22","1","13","3","1","14","7","1","1","0","0","0.6363636363636364","0.7647058823529411","0.7","0.55"
"25","0.6","0.6","0","99","1","39","0","1","0","0","28","11","0","0","0","0","0.717948717948718","1","0.725","0.975"
"29","0.6","1","0","47","17","22","1","13","3","1","14","7","1","1","0","0","0.6363636363636364","0.7647058823529411","0.7","0.55"
"27","0.6","0.8","0","70","19","20","1","14","4","1","13","6","1","1","0","0","0.65","0.7368421052631579","0.7","0.5"
"22","0.6","0.2","1","89","0","40","0","0","0","0","26","13","1","0","0","0","0.65","0","0.65","1"
"28","0.6","0.8","1","48","17","22","1","13","3","1","14","7","1","1","0","0","0.6363636363636364","0.7647058823529411","0.7","0.55"
"26","0.6","0.6","1","52","8","32","0","3","5","0","22","10","0","0","0","0","0.6875","0.375","0.625","0.8"
"25","0.6","0.6","0","100","1","39","0","1","0","0","28","11","0","0","0","0","0.717948717948718","1","0.725","0.975"
"29","0.6","1","0","48","17","22","1","13","3","1","14","7","1","1","0","0","0.6363636363636364","0.7647058823529411","0.7","0.55"
"30","0.6","1","1","23","17","22","1","13","3","1","14","7","1","1","0","0","0.6363636363636364","0.7647058823529411","0.7","0.55"
"27","0.6","0.8","0","71","20","19","1","14","5","1","12","6","1","1","0","0","0.631578947368421","0.7","0.675","0.475"
"24","0.6","0.4","1","93","1","39","0","0","1","0","37","2","0","0","0","0","0.9487179487179487","0","0.925","0.975"
"28","0.6","0.8","1","49","17","22","1","13","3","1","14","7","1","1","0","0","0.6363636363636364","0.7647058823529411","0.7","0.55"
"29","0.6","1","0","49","17","22","1","13","3","1","14","7","1","1","0","0","0.6363636363636364","0.7647058823529411","0.7","0.55"
"26","0.6","0.6","1","53","7","33","0","3","4","0","23","10","0","0","0","0","0.696969696969697","0.42857142857142855","0.65","0.825"
"22","0.6","0.2","1","90","0","40","0","0","0","0","26","13","1","0","0","0","0.65","0","0.65","1"
"27","0.6","0.8","0","72","20","19","1","14","5","1","12","6","1","1","0","0","0.631578947368421","0.7","0.675","0.475"
"24","0.6","0.4","1","94","1","39","0","0","1","0","37","2","0","0","0","0","0.9487179487179487","0","0.925","0.975"
"28","0.6","0.8","1","50","17","22","1","13","3","1","14","7","1","1","0","0","0.6363636363636364","0.7647058823529411","0.7","0.55"
"29","0.6","1","0","50","17","22","1","13","3","1","14","7","1","1","0","0","0.6363636363636364","0.7647058823529411","0.7","0.55"
"30","0.6","1","1","24","17","22","1","13","3","1","14","7","1","1","0","0","0.6363636363636364","0.7647058823529411","0.7","0.55"
"26","0.6","0.6","1","54","7","33","0","3","4","0","23","10","0","0","0","0","0.696969696969697","0.42857142857142855","0.65","0.825"
"27","0.6","0.8","0","73","20","19","1","14","5","1","12","6","1","1","0","0","0.631578947368421","0.7","0.675","0.475"
"24","0.6","0.4","1","95","1","39","0","0","1","0","37","2","0","0","0","0","0.9487179487179487","0","0.925","0.975"
"29","0.6","1","0","51","17","22","1","13","3","1","14","7","1","1","0","0","0.6363636363636364","0.7647058823529411","0.7","0.55"
"22","0.6","0.2","1","91","0","40","0","0","0","0","26","13","1","0","0","0","0.65","0","0.65","1"
"26","0.6","0.6","1","55","7","33","0","3","4","0","23","10","0","0","0","0","0.696969696969697","0.42857142857142855","0.65","0.825"
"27","0.6","0.8","0","74","20","19","1","14","5","1","12","6","1","1","0","0","0.631578947368421","0.7","0.675","0.475"
"30","0.6","1","1","25","17","22","1","13","3","1","14","7","1","1","0","0","0.6363636363636364","0.7647058823529411","0.7","0.55"
"24","0.6","0.4","1","96","1","39","0","0","1","0","37","2","0","0","0","0","0.9487179487179487","0","0.925","0.975"
"29","0.6","1","0","52","17","22","1","13","3","1","14","7","1","1","0","0","0.6363636363636364","0.7647058823529411","0.7","0.55"
"30","0.6","1","1","26","17","22","1","13","3","1","14","7","1","1","0","0","0.6363636363636364","0.7647058823529411","0.7","0.55"
"26","0.6","0.6","1","56","7","33","0","3","4","0","23","10","0","0","0","0","0.696969696969697","0.42857142857142855","0.65","0.825"
"31","0.8","0.2","0","0","0","0","0","0","0","0","0","0","0","0","0","0","0","0","0","0"
"24","0.6","0.4","1","97","1","39","0","0","1","0","37","2","0","0","0","0","0.9487179487179487","0","0.925","0.975"
"29","0.6","1","0","53","17","22","1","13","3","1","14","7","1","1","0","0","0.6363636363636364","0.7647058823529411","0.7","0.55"
"22","0.6","0.2","1","92","0","40","0","0","0","0","26","13","1","0","0","0","0.65","0","0.65","1"
"30","0.6","1","1","27","17","22","1","13","3","1","14","7","1","1","0","0","0.6363636363636364","0.7647058823529411","0.7","0.55"
"27","0.6","0.8","0","75","20","19","1","14","5","1","12","6","1","1","0","0","0.631578947368421","0.7","0.675","0.475"
"29","0.6","1","0","54","17","22","1","13","3","1","14","7","1","1","0","0","0.6363636363636364","0.7647058823529411","0.7","0.55"
"24","0.6","0.4","1","98","1","39","0","0","1","0","37","2","0","0","0","0","0.9487179487179487","0","0.925","0.975"
"31","0.8","0.2","0","1","16","20","4","11","5","0","15","4","1","4","0","0","0.75","0.6875","0.75","0.5"
"30","0.6","1","1","28","17","22","1","13","3","1","14","7","1","1","0","0","0.6363636363636364","0.7647058823529411","0.7","0.55"
"27","0.6","0.8","0","76","20","19","1","14","5","1","12","6","1","1","0","0","0.631578947368421","0.7","0.675","0.475"
"29","0.6","1","0","55","17","22","1","13","3","1","14","7","1","1","0","0","0.6363636363636364","0.7647058823529411","0.7","0.55"
"26","0.6","0.6","1","57","7","33","0","3","4","0","23","10","0","0","0","0","0.696969696969697","0.42857142857142855","0.65","0.825"
"31","0.8","0.2","0","2","18","21","1","14","3","1","14","6","1","1","0","0","0.6666666666666666","0.7777777777777778","0.725","0.525"
"24","0.6","0.4","1","99","1","39","0","0","1","0","37","2","0","0","0","0","0.9487179487179487","0","0.925","0.975"
"22","0.6","0.2","1","93","0","40","0","0","0","0","26","13","1","0","0","0","0.65","0","0.65","1"
"27","0.6","0.8","0","77","20","19","1","14","5","1","12","6","1","1","0","0","0.631578947368421","0.7","0.675","0.475"
"29","0.6","1","0","56","17","22","1","13","3","1","14","7","1","1","0","0","0.6363636363636364","0.7647058823529411","0.7","0.55"
"31","0.8","0.2","0","3","17","22","1","13","3","1","14","7","1","1","0","0","0.6363636363636364","0.7647058823529411","0.7","0.55"
"24","0.6","0.4","1","100","1","39","0","0","1","0","37","2","0","0","0","0","0.9487179487179487","0","0.925","0.975"
"26","0.6","0.6","1","58","7","33","0","3","4","0","23","10","0","0","0","0","0.696969696969697","0.42857142857142855","0.65","0.825"
"30","0.6","1","1","29","17","22","1","13","3","1","14","7","1","1","0","0","0.6363636363636364","0.7647058823529411","0.7","0.55"
"27","0.6","0.8","0","78","20","19","1","14","5","1","12","6","1","1","0","0","0.631578947368421","0.7","0.675","0.475"
"29","0.6","1","0","57","17","22","1","13","3","1","14","7","1","1","0","0","0.6363636363636364","0.7647058823529411","0.7","0.55"
"22","0.6","0.2","1","94","0","40","0","0","0","0","26","13","1","0","0","0","0.65","0","0.65","1"
"27","0.6","0.8","0","79","20","19","1","14","5","1","12","6","1","1","0","0","0.631578947368421","0.7","0.675","0.475"
"26","0.6","0.6","1","59","7","33","0","3","4","0","23","10","0","0","0","0","0.696969696969697","0.42857142857142855","0.65","0.825"
"30","0.6","1","1","30","17","22","1","13","3","1","14","7","1","1","0","0","0.6363636363636364","0.7647058823529411","0.7","0.55"
"29","0.6","1","0","58","17","22","1","13","3","1","14","7","1","1","0","0","0.6363636363636364","0.7647058823529411","0.7","0.55"
"31","0.8","0.2","0","4","17","22","1","13","3","1","14","7","1","1","0","0","0.6363636363636364","0.7647058823529411","0.7","0.55"
"27","0.6","0.8","0","80","20","19","1","14","5","1","12","6","1","1","0","0","0.631578947368421","0.7","0.675","0.475"
"22","0.6","0.2","1","95","0","40","0","0","0","0","26","13","1","0","0","0","0.65","0","0.65","1"
"26","0.6","0.6","1","60","7","33","0","3","4","0","23","10","0","0","0","0","0.696969696969697","0.42857142857142855","0.65","0.825"
"29","0.6","1","0","59","17","22","1","13","3","1","14","7","1","1","0","0","0.6363636363636364","0.7647058823529411","0.7","0.55"
"31","0.8","0.2","0","5","17","22","1","13","3","1","14","7","1","1","0","0","0.6363636363636364","0.7647058823529411","0.7","0.55"
"30","0.6","1","1","31","17","22","1","13","3","1","14","7","1","1","0","0","0.6363636363636364","0.7647058823529411","0.7","0.55"
"29","0.6","1","0","60","17","22","1","13","3","1","14","7","1","1","0","0","0.6363636363636364","0.7647058823529411","0.7","0.55"
"27","0.6","0.8","0","81","19","20","1","12","6","1","12","8","0","1","0","0","0.6","0.631578947368421","0.625","0.5"
"31","0.8","0.2","0","6","17","22","1","13","3","1","14","7","1","1","0","0","0.6363636363636364","0.7647058823529411","0.7","0.55"
"26","0.6","0.6","1","61","7","33","0","3","4","0","23","10","0","0","0","0","0.696969696969697","0.42857142857142855","0.65","0.825"
"22","0.6","0.2","1","96","0","40","0","0","0","0","26","13","1","0","0","0","0.65","0","0.65","1"
"32","0.8","0.2","1","0","0","0","0","0","0","0","0","0","0","0","0","0","0","0","0","0"
"29","0.6","1","0","61","19","20","1","14","4","1","13","6","1","1","0","0","0.65","0.7368421052631579","0.7","0.5"
"31","0.8","0.2","0","7","17","22","1","13","3","1","14","7","1","1","0","0","0.6363636363636364","0.7647058823529411","0.7","0.55"
"26","0.6","0.6","1","62","7","33","0","3","4","0","23","9","1","0","0","0","0.696969696969697","0.42857142857142855","0.65","0.825"
"27","0.6","0.8","0","82","17","22","1","12","4","1","15","7","0","1","0","0","0.6818181818181818","0.7058823529411765","0.7","0.55"
"30","0.6","1","1","32","17","22","1","13","3","1","14","7","1","1","0","0","0.6363636363636364","0.7647058823529411","0.7","0.55"
"22","0.6","0.2","1","97","0","40","0","0","0","0","26","13","1","0","0","0","0.65","0","0.65","1"
"29","0.6","1","0","62","19","20","1","14","4","1","13","6","1","1","0","0","0.65","0.7368421052631579","0.7","0.5"
"31","0.8","0.2","0","8","17","22","1","13","3","1","14","7","1","1","0","0","0.6363636363636364","0.7647058823529411","0.7","0.55"
"27","0.6","0.8","0","83","16","23","1","11","5","0","15","8","0","1","0","0","0.6521739130434783","0.6875","0.675","0.575"
"26","0.6","0.6","1","63","7","33","0","3","4","0","24","9","0","0","0","0","0.7272727272727273","0.42857142857142855","0.675","0.825"
"29","0.6","1","0","63","19","20","1","14","4","1","13","6","1","1","0","0","0.65","0.7368421052631579","0.7","0.5"
"30","0.6","1","1","33","17","22","1","13","3","1","14","7","1","1","0","0","0.6363636363636364","0.7647058823529411","0.7","0.55"
"31","0.8","0.2","0","9","17","22","1","13","3","1","14","7","1","1","0","0","0.6363636363636364","0.7647058823529411","0.7","0.55"
"22","0.6","0.2","1","98","0","40","0","0","0","0","26","13","1","0","0","0","0.65","0","0.65","1"
"32","0.8","0.2","1","1","16","20","4","11","5","0","15","4","1","4","0","0","0.75","0.6875","0.75","0.5"
"27","0.6","0.8","0","84","13","26","1","9","4","0","18","8","0","1","0","0","0.6923076923076923","0.6923076923076923","0.7","0.65"
"29","0.6","1","0","64","19","20","1","14","4","1","13","6","1","1","0","0","0.65","0.7368421052631579","0.7","0.5"
"26","0.6","0.6","1","64","7","33","0","3","4","0","24","9","0","0","0","0","0.7272727272727273","0.42857142857142855","0.675","0.825"
"31","0.8","0.2","0","10","17","22","1","13","3","1","14","7","1","1","0","0","0.6363636363636364","0.7647058823529411","0.7","0.55"
"30","0.6","1","1","34","17","22","1","13","3","1","14","7","1","1","0","0","0.6363636363636364","0.7647058823529411","0.7","0.55"
"32","0.8","0.2","1","2","18","21","1","14","3","1","14","6","1","1","0","0","0.6666666666666666","0.7777777777777778","0.725","0.525"
"29","0.6","1","0","65","19","20","1","14","4","1","13","6","1","1","0","0","0.65","0.7368421052631579","0.7","0.5"
"22","0.6","0.2","1","99","0","40","0","0","0","0","26","13","1","0","0","0","0.65","0","0.65","1"
"27","0.6","0.8","0","85","11","28","1","9","2","0","19","9","0","1","0","0","0.6785714285714286","0.8181818181818182","0.725","0.7"
"26","0.6","0.6","1","65","7","33","0","3","4","0","24","9","0","0","0","0","0.7272727272727273","0.42857142857142855","0.675","0.825"
"31","0.8","0.2","0","11","20","19","1","14","5","1","12","6","1","1","0","0","0.631578947368421","0.7","0.675","0.475"
"32","0.8","0.2","1","3","17","22","1","13","3","1","14","7","1","1","0","0","0.6363636363636364","0.7647058823529411","0.7","0.55"
"27","0.6","0.8","0","86","11","28","1","9","2","0","19","9","0","1","0","0","0.6785714285714286","0.8181818181818182","0.725","0.7"
"31","0.8","0.2","0","12","20","19","1","14","5","1","12","6","1","1","0","0","0.631578947368421","0.7","0.675","0.475"
"30","0.6","1","1","35","17","22","1","13","3","1","14","7","1","1","0","0","0.6363636363636364","0.7647058823529411","0.7","0.55"
"26","0.6","0.6","1","66","7","33","0","3","4","0","24","9","0","0","0","0","0.7272727272727273","0.42857142857142855","0.675","0.825"
"22","0.6","0.2","1","100","0","40","0","0","0","0","26","13","1","0","0","0","0.65","0","0.65","1"
"32","0.8","0.2","1","4","17","22","1","13","3","1","14","7","1","1","0","0","0.6363636363636364","0.7647058823529411","0.7","0.55"
"29","0.6","1","0","66","19","20","1","14","4","1","13","6","1","1","0","0","0.65","0.7368421052631579","0.7","0.5"
"31","0.8","0.2","0","13","20","19","1","14","5","1","12","6","1","1","0","0","0.631578947368421","0.7","0.675","0.475"
"27","0.6","0.8","0","87","11","28","1","9","2","0","19","9","0","1","0","0","0.6785714285714286","0.8181818181818182","0.725","0.7"
"26","0.6","0.6","1","67","7","33","0","3","4","0","24","9","0","0","0","0","0.7272727272727273","0.42857142857142855","0.675","0.825"
"30","0.6","1","1","36","17","22","1","13","3","1","14","7","1","1","0","0","0.6363636363636364","0.7647058823529411","0.7","0.55"
"32","0.8","0.2","1","5","17","22","1","13","3","1","14","7","1","1","0","0","0.6363636363636364","0.7647058823529411","0.7","0.55"
"31","0.8","0.2","0","14","20","19","1","14","5","1","12","6","1","1","0","0","0.631578947368421","0.7","0.675","0.475"
"29","0.6","1","0","67","19","20","1","14","4","1","13","6","1","1","0","0","0.65","0.7368421052631579","0.7","0.5"
"27","0.6","0.8","0","88","11","28","1","9","2","0","19","9","0","1","0","0","0.6785714285714286","0.8181818181818182","0.725","0.7"
"32","0.8","0.2","1","6","17","22","1","13","3","1","14","7","1","1","0","0","0.6363636363636364","0.7647058823529411","0.7","0.55"
"26","0.6","0.6","1","68","7","33","0","3","4","0","24","9","0","0","0","0","0.7272727272727273","0.42857142857142855","0.675","0.825"
"29","0.6","1","0","68","19","20","1","14","4","1","13","6","1","1","0","0","0.65","0.7368421052631579","0.7","0.5"
"31","0.8","0.2","0","15","20","19","1","14","5","1","12","6","1","1","0","0","0.631578947368421","0.7","0.675","0.475"
"27","0.6","0.8","0","89","11","28","1","9","2","0","19","9","0","1","0","0","0.6785714285714286","0.8181818181818182","0.725","0.7"
"30","0.6","1","1","37","17","22","1","13","3","1","14","7","1","1","0","0","0.6363636363636364","0.7647058823529411","0.7","0.55"
"32","0.8","0.2","1","7","17","22","1","13","3","1","14","7","1","1","0","0","0.6363636363636364","0.7647058823529411","0.7","0.55"
"29","0.6","1","0","69","19","20","1","14","4","1","13","6","1","1","0","0","0.65","0.7368421052631579","0.7","0.5"
"31","0.8","0.2","0","16","20","19","1","14","5","1","12","6","1","1","0","0","0.631578947368421","0.7","0.675","0.475"
"26","0.6","0.6","1","69","7","33","0","3","4","0","24","9","0","0","0","0","0.7272727272727273","0.42857142857142855","0.675","0.825"
"33","0.8","0.4","0","0","0","0","0","0","0","0","0","0","0","0","0","0","0","0","0","0"
"27","0.6","0.8","0","90","11","28","1","9","2","0","19","9","0","1","0","0","0.6785714285714286","0.8181818181818182","0.725","0.7"
"29","0.6","1","0","70","19","20","1","14","4","1","13","6","1","1","0","0","0.65","0.7368421052631579","0.7","0.5"
"32","0.8","0.2","1","8","17","22","1","13","3","1","14","7","1","1","0","0","0.6363636363636364","0.7647058823529411","0.7","0.55"
"31","0.8","0.2","0","17","20","19","1","14","5","1","12","6","1","1","0","0","0.631578947368421","0.7","0.675","0.475"
"26","0.6","0.6","1","70","7","33","0","3","4","0","24","9","0","0","0","0","0.7272727272727273","0.42857142857142855","0.675","0.825"
"30","0.6","1","1","38","17","22","1","13","3","1","14","7","1","1","0","0","0.6363636363636364","0.7647058823529411","0.7","0.55"
"27","0.6","0.8","0","91","11","28","1","9","2","0","19","9","0","1","0","0","0.6785714285714286","0.8181818181818182","0.725","0.7"
"33","0.8","0.4","0","1","16","20","4","11","5","0","15","4","1","4","0","0","0.75","0.6875","0.75","0.5"
"29","0.6","1","0","71","19","20","1","14","4","1","13","6","1","1","0","0","0.65","0.7368421052631579","0.7","0.5"
"32","0.8","0.2","1","9","17","22","1","13","3","1","14","7","1","1","0","0","0.6363636363636364","0.7647058823529411","0.7","0.55"
"31","0.8","0.2","0","18","20","19","1","14","5","1","12","6","1","1","0","0","0.631578947368421","0.7","0.675","0.475"
"26","0.6","0.6","1","71","7","33","0","3","4","0","24","9","0","0","0","0","0.7272727272727273","0.42857142857142855","0.675","0.825"
"33","0.8","0.4","0","2","18","21","1","14","3","1","14","6","1","1","0","0","0.6666666666666666","0.7777777777777778","0.725","0.525"
"29","0.6","1","0","72","19","20","1","14","4","1","13","6","1","1","0","0","0.65","0.7368421052631579","0.7","0.5"
"27","0.6","0.8","0","92","11","28","1","9","2","0","19","9","0","1","0","0","0.6785714285714286","0.8181818181818182","0.725","0.7"
"32","0.8","0.2","1","10","17","22","1","13","3","1","14","7","1","1","0","0","0.6363636363636364","0.7647058823529411","0.7","0.55"
"31","0.8","0.2","0","19","20","19","1","14","5","1","12","6","1","1","0","0","0.631578947368421","0.7","0.675","0.475"
"30","0.6","1","1","39","17","22","1","13","3","1","14","7","1","1","0","0","0.6363636363636364","0.7647058823529411","0.7","0.55"
"26","0.6","0.6","1","72","7","33","0","3","4","0","24","9","0","0","0","0","0.7272727272727273","0.42857142857142855","0.675","0.825"
"29","0.6","1","0","73","19","20","1","14","4","1","13","6","1","1","0","0","0.65","0.7368421052631579","0.7","0.5"
"33","0.8","0.4","0","3","17","22","1","13","3","1","14","7","1","1","0","0","0.6363636363636364","0.7647058823529411","0.7","0.55"
"27","0.6","0.8","0","93","11","28","1","9","2","0","19","9","0","1","0","0","0.6785714285714286","0.8181818181818182","0.725","0.7"
"32","0.8","0.2","1","11","20","19","1","14","5","1","12","6","1","1","0","0","0.631578947368421","0.7","0.675","0.475"
"31","0.8","0.2","0","20","20","19","1","14","5","1","12","6","1","1","0","0","0.631578947368421","0.7","0.675","0.475"
"32","0.8","0.2","1","12","20","19","1","14","5","1","12","6","1","1","0","0","0.631578947368421","0.7","0.675","0.475"
"26","0.6","0.6","1","73","7","33","0","3","4","0","24","9","0","0","0","0","0.7272727272727273","0.42857142857142855","0.675","0.825"
"33","0.8","0.4","0","4","17","22","1","13","3","1","14","7","1","1","0","0","0.6363636363636364","0.7647058823529411","0.7","0.55"
"29","0.6","1","0","74","19","20","1","14","4","1","13","6","1","1","0","0","0.65","0.7368421052631579","0.7","0.5"
"30","0.6","1","1","40","17","22","1","13","3","1","14","7","1","1","0","0","0.6363636363636364","0.7647058823529411","0.7","0.55"
"27","0.6","0.8","0","94","11","28","1","9","2","0","19","9","0","1","0","0","0.6785714285714286","0.8181818181818182","0.725","0.7"
"31","0.8","0.2","0","21","25","14","1","14","7","4","9","5","0","1","0","0","0.6428571428571429","0.56","0.6","0.35"
"29","0.6","1","0","75","19","20","1","14","4","1","13","6","1","1","0","0","0.65","0.7368421052631579","0.7","0.5"
"32","0.8","0.2","1","13","20","19","1","14","5","1","12","6","1","1","0","0","0.631578947368421","0.7","0.675","0.475"
"33","0.8","0.4","0","5","17","22","1","13","3","1","14","7","1","1","0","0","0.6363636363636364","0.7647058823529411","0.7","0.55"
"26","0.6","0.6","1","74","7","33","0","3","4","0","24","9","0","0","0","0","0.7272727272727273","0.42857142857142855","0.675","0.825"
"27","0.6","0.8","0","95","11","28","1","9","2","0","19","9","0","1","0","0","0.6785714285714286","0.8181818181818182","0.725","0.7"
"30","0.6","1","1","41","17","22","1","13","3","1","14","7","1","1","0","0","0.6363636363636364","0.7647058823529411","0.7","0.55"
"32","0.8","0.2","1","14","20","19","1","14","5","1","12","6","1","1","0","0","0.631578947368421","0.7","0.675","0.475"
"33","0.8","0.4","0","6","17","22","1","13","3","1","14","7","1","1","0","0","0.6363636363636364","0.7647058823529411","0.7","0.55"
"31","0.8","0.2","0","22","29","11","0","17","10","2","7","4","0","0","0","0","0.6363636363636364","0.5862068965517241","0.6","0.275"
"29","0.6","1","0","76","19","20","1","14","4","1","13","6","1","1","0","0","0.65","0.7368421052631579","0.7","0.5"
"26","0.6","0.6","1","75","7","33","0","3","4","0","24","9","0","0","0","0","0.7272727272727273","0.42857142857142855","0.675","0.825"
"27","0.6","0.8","0","96","11","28","1","9","2","0","19","9","0","1","0","0","0.6785714285714286","0.8181818181818182","0.725","0.7"
"33","0.8","0.4","0","7","17","22","1","13","3","1","14","7","1","1","0","0","0.6363636363636364","0.7647058823529411","0.7","0.55"
"32","0.8","0.2","1","15","20","19","1","14","5","1","12","6","1","1","0","0","0.631578947368421","0.7","0.675","0.475"
"29","0.6","1","0","77","19","20","1","14","4","1","13","6","1","1","0","0","0.65","0.7368421052631579","0.7","0.5"
"30","0.6","1","1","42","17","22","1","13","3","1","14","7","1","1","0","0","0.6363636363636364","0.7647058823529411","0.7","0.55"
"26","0.6","0.6","1","76","7","33","0","3","4","0","24","9","0","0","0","0","0.7272727272727273","0.42857142857142855","0.675","0.825"
"33","0.8","0.4","0","8","17","22","1","13","3","1","14","7","1","1","0","0","0.6363636363636364","0.7647058823529411","0.7","0.55"
"32","0.8","0.2","1","16","20","19","1","14","5","1","12","6","1","1","0","0","0.631578947368421","0.7","0.675","0.475"
"27","0.6","0.8","0","97","11","28","1","9","2","0","19","9","0","1","0","0","0.6785714285714286","0.8181818181818182","0.725","0.7"
"29","0.6","1","0","78","19","20","1","14","4","1","13","6","1","1","0","0","0.65","0.7368421052631579","0.7","0.5"
"31","0.8","0.2","0","23","30","10","0","18","10","2","6","4","0","0","0","0","0.6","0.6","0.6","0.25"
"33","0.8","0.4","0","9","17","22","1","13","3","1","14","7","1","1","0","0","0.6363636363636364","0.7647058823529411","0.7","0.55"
"26","0.6","0.6","1","77","7","33","0","3","4","0","24","9","0","0","0","0","0.7272727272727273","0.42857142857142855","0.675","0.825"
"32","0.8","0.2","1","17","20","19","1","14","5","1","12","6","1","1","0","0","0.631578947368421","0.7","0.675","0.475"
"27","0.6","0.8","0","98","11","28","1","9","2","0","19","9","0","1","0","0","0.6785714285714286","0.8181818181818182","0.725","0.7"
"29","0.6","1","0","79","19","20","1","14","4","1","13","6","1","1","0","0","0.65","0.7368421052631579","0.7","0.5"
"30","0.6","1","1","43","17","22","1","13","3","1","14","7","1","1","0","0","0.6363636363636364","0.7647058823529411","0.7","0.55"
"33","0.8","0.4","0","10","17","22","1","13","3","1","14","7","1","1","0","0","0.6363636363636364","0.7647058823529411","0.7","0.55"
"31","0.8","0.2","0","24","30","10","0","18","10","2","5","5","0","0","0","0","0.5","0.6","0.575","0.25"
"29","0.6","1","0","80","19","20","1","14","4","1","13","6","1","1","0","0","0.65","0.7368421052631579","0.7","0.5"
"26","0.6","0.6","1","78","7","33","0","3","4","0","24","9","0","0","0","0","0.7272727272727273","0.42857142857142855","0.675","0.825"
"27","0.6","0.8","0","99","11","28","1","9","2","0","19","9","0","1","0","0","0.6785714285714286","0.8181818181818182","0.725","0.7"
"32","0.8","0.2","1","18","20","19","1","14","5","1","12","6","1","1","0","0","0.631578947368421","0.7","0.675","0.475"
"33","0.8","0.4","0","11","17","22","1","13","3","1","14","7","1","1","0","0","0.6363636363636364","0.7647058823529411","0.7","0.55"
"26","0.6","0.6","1","79","7","33","0","3","4","0","24","9","0","0","0","0","0.7272727272727273","0.42857142857142855","0.675","0.825"
"31","0.8","0.2","0","25","31","9","0","19","10","2","5","4","0","0","0","0","0.5555555555555556","0.6129032258064516","0.6","0.225"
"30","0.6","1","1","44","17","22","1","13","3","1","14","7","1","1","0","0","0.6363636363636364","0.7647058823529411","0.7","0.55"
"29","0.6","1","0","81","19","20","1","14","4","1","13","6","1","1","0","0","0.65","0.7368421052631579","0.7","0.5"
"32","0.8","0.2","1","19","20","19","1","14","5","1","12","6","1","1","0","0","0.631578947368421","0.7","0.675","0.475"
"27","0.6","0.8","0","100","11","28","1","9","2","0","19","9","0","1","0","0","0.6785714285714286","0.8181818181818182","0.725","0.7"
"33","0.8","0.4","0","12","17","22","1","13","3","1","14","7","1","1","0","0","0.6363636363636364","0.7647058823529411","0.7","0.55"
"26","0.6","0.6","1","80","7","33","0","3","4","0","24","9","0","0","0","0","0.7272727272727273","0.42857142857142855","0.675","0.825"
"29","0.6","1","0","82","19","20","1","14","4","1","13","6","1","1","0","0","0.65","0.7368421052631579","0.7","0.5"
"32","0.8","0.2","1","20","20","19","1","14","5","1","12","6","1","1","0","0","0.631578947368421","0.7","0.675","0.475"
"33","0.8","0.4","0","13","17","22","1","13","3","1","14","7","1","1","0","0","0.6363636363636364","0.7647058823529411","0.7","0.55"
"30","0.6","1","1","45","17","22","1","13","3","1","14","7","1","1","0","0","0.6363636363636364","0.7647058823529411","0.7","0.55"
"29","0.6","1","0","83","19","20","1","14","4","1","13","6","1","1","0","0","0.65","0.7368421052631579","0.7","0.5"
"31","0.8","0.2","0","26","32","8","0","19","10","3","5","3","0","0","0","0","0.625","0.59375","0.6","0.2"
"26","0.6","0.6","1","81","7","33","0","3","4","0","24","9","0","0","0","0","0.7272727272727273","0.42857142857142855","0.675","0.825"
"33","0.8","0.4","0","14","17","22","1","13","3","1","14","7","1","1","0","0","0.6363636363636364","0.7647058823529411","0.7","0.55"
"32","0.8","0.2","1","21","25","14","1","14","7","4","9","5","0","1","0","0","0.6428571428571429","0.56","0.6","0.35"
"29","0.6","1","0","84","19","20","1","14","4","1","13","6","1","1","0","0","0.65","0.7368421052631579","0.7","0.5"
"30","0.6","1","1","46","17","22","1","13","3","1","14","7","1","1","0","0","0.6363636363636364","0.7647058823529411","0.7","0.55"
"34","0.8","0.4","1","0","0","0","0","0","0","0","0","0","0","0","0","0","0","0","0","0"
"31","0.8","0.2","0","27","32","8","0","19","10","3","5","3","0","0","0","0","0.625","0.59375","0.6","0.2"
"26","0.6","0.6","1","82","7","33","0","3","4","0","24","9","0","0","0","0","0.7272727272727273","0.42857142857142855","0.675","0.825"
"33","0.8","0.4","0","15","17","22","1","13","3","1","14","7","1","1","0","0","0.6363636363636364","0.7647058823529411","0.7","0.55"
"32","0.8","0.2","1","22","29","11","0","17","10","2","7","4","0","0","0","0","0.6363636363636364","0.5862068965517241","0.6","0.275"
"29","0.6","1","0","85","19","20","1","14","4","1","13","6","1","1","0","0","0.65","0.7368421052631579","0.7","0.5"
"31","0.8","0.2","0","28","32","8","0","19","10","3","5","3","0","0","0","0","0.625","0.59375","0.6","0.2"
"33","0.8","0.4","0","16","17","22","1","13","3","1","14","7","1","1","0","0","0.6363636363636364","0.7647058823529411","0.7","0.55"
"28","0.6","0.8","1","51","12","28","0","3","8","1","22","6","0","0","0","0","0.7857142857142857","0.25","0.625","0.7"
"32","0.8","0.2","1","23","30","10","0","18","10","2","6","4","0","0","0","0","0.6","0.6","0.6","0.25"
"34","0.8","0.4","1","1","16","20","4","11","5","0","15","4","1","4","0","0","0.75","0.6875","0.75","0.5"
"26","0.6","0.6","1","83","7","33","0","3","4","0","24","9","0","0","0","0","0.7272727272727273","0.42857142857142855","0.675","0.825"
"30","0.6","1","1","47","17","22","1","13","3","1","14","7","1","1","0","0","0.6363636363636364","0.7647058823529411","0.7","0.55"
"29","0.6","1","0","86","19","20","1","14","4","1","13","6","1","1","0","0","0.65","0.7368421052631579","0.7","0.5"
"33","0.8","0.4","0","17","17","22","1","13","3","1","14","7","1","1","0","0","0.6363636363636364","0.7647058823529411","0.7","0.55"
"31","0.8","0.2","0","29","32","8","0","19","10","3","5","3","0","0","0","0","0.625","0.59375","0.6","0.2"
"34","0.8","0.4","1","2","18","21","1","14","3","1","14","6","1","1","0","0","0.6666666666666666","0.7777777777777778","0.725","0.525"
"28","0.6","0.8","1","52","10","30","0","3","6","1","23","7","0","0","0","0","0.7666666666666667","0.3","0.65","0.75"
"26","0.6","0.6","1","84","7","33","0","3","4","0","24","9","0","0","0","0","0.7272727272727273","0.42857142857142855","0.675","0.825"
"29","0.6","1","0","87","19","20","1","14","4","1","13","6","1","1","0","0","0.65","0.7368421052631579","0.7","0.5"
"32","0.8","0.2","1","24","30","10","0","18","10","2","5","5","0","0","0","0","0.5","0.6","0.575","0.25"
"33","0.8","0.4","0","18","17","22","1","13","3","1","14","7","1","1","0","0","0.6363636363636364","0.7647058823529411","0.7","0.55"
"30","0.6","1","1","48","17","22","1","13","3","1","14","7","1","1","0","0","0.6363636363636364","0.7647058823529411","0.7","0.55"
"34","0.8","0.4","1","3","17","22","1","13","3","1","14","7","1","1","0","0","0.6363636363636364","0.7647058823529411","0.7","0.55"
"31","0.8","0.2","0","30","32","8","0","19","10","3","5","3","0","0","0","0","0.625","0.59375","0.6","0.2"
"26","0.6","0.6","1","85","7","33","0","3","4","0","24","9","0","0","0","0","0.7272727272727273","0.42857142857142855","0.675","0.825"
"29","0.6","1","0","88","19","20","1","14","4","1","13","6","1","1","0","0","0.65","0.7368421052631579","0.7","0.5"
"28","0.6","0.8","1","53","10","30","0","3","6","1","23","6","1","0","0","0","0.7666666666666667","0.3","0.65","0.75"
"32","0.8","0.2","1","25","31","9","0","19","10","2","5","4","0","0","0","0","0.5555555555555556","0.6129032258064516","0.6","0.225"
"34","0.8","0.4","1","4","17","22","1","13","3","1","14","7","1","1","0","0","0.6363636363636364","0.7647058823529411","0.7","0.55"
"33","0.8","0.4","0","19","17","22","1","13","3","1","14","7","1","1","0","0","0.6363636363636364","0.7647058823529411","0.7","0.55"
"29","0.6","1","0","89","19","20","1","14","4","1","13","6","1","1","0","0","0.65","0.7368421052631579","0.7","0.5"
"31","0.8","0.2","0","31","37","3","0","22","12","3","0","3","0","0","0","0","0","0.5945945945945946","0.55","0.075"
"30","0.6","1","1","49","17","22","1","13","3","1","14","7","1","1","0","0","0.6363636363636364","0.7647058823529411","0.7","0.55"
"26","0.6","0.6","1","86","7","33","0","3","4","0","24","9","0","0","0","0","0.7272727272727273","0.42857142857142855","0.675","0.825"
"32","0.8","0.2","1","26","32","8","0","19","10","3","5","3","0","0","0","0","0.625","0.59375","0.6","0.2"
"34","0.8","0.4","1","5","17","22","1","13","3","1","14","7","1","1","0","0","0.6363636363636364","0.7647058823529411","0.7","0.55"
"33","0.8","0.4","0","20","17","22","1","13","3","1","14","7","1","1","0","0","0.6363636363636364","0.7647058823529411","0.7","0.55"
"29","0.6","1","0","90","19","20","1","14","4","1","13","6","1","1","0","0","0.65","0.7368421052631579","0.7","0.5"
"31","0.8","0.2","0","32","38","2","0","23","12","3","0","2","0","0","0","0","0","0.6052631578947368","0.575","0.05"
"28","0.6","0.8","1","54","10","30","0","3","6","1","24","6","0","0","0","0","0.8","0.3","0.675","0.75"
"32","0.8","0.2","1","27","32","8","0","19","10","3","5","3","0","0","0","0","0.625","0.59375","0.6","0.2"
"29","0.6","1","0","91","20","19","1","14","5","1","12","6","1","1","0","0","0.631578947368421","0.7","0.675","0.475"
"34","0.8","0.4","1","6","17","22","1","13","3","1","14","7","1","1","0","0","0.6363636363636364","0.7647058823529411","0.7","0.55"
"26","0.6","0.6","1","87","7","33","0","3","4","0","24","9","0","0","0","0","0.7272727272727273","0.42857142857142855","0.675","0.825"
"30","0.6","1","1","50","17","22","1","13","3","1","14","7","1","1","0","0","0.6363636363636364","0.7647058823529411","0.7","0.55"
"33","0.8","0.4","0","21","19","20","1","14","4","1","13","6","1","1","0","0","0.65","0.7368421052631579","0.7","0.5"
"31","0.8","0.2","0","33","38","2","0","23","12","3","0","2","0","0","0","0","0","0.6052631578947368","0.575","0.05"
"29","0.6","1","0","92","20","19","1","14","5","1","12","6","1","1","0","0","0.631578947368421","0.7","0.675","0.475"
"34","0.8","0.4","1","7","17","22","1","13","3","1","14","7","1","1","0","0","0.6363636363636364","0.7647058823529411","0.7","0.55"
"32","0.8","0.2","1","28","32","8","0","19","10","3","5","3","0","0","0","0","0.625","0.59375","0.6","0.2"
"26","0.6","0.6","1","88","7","33","0","3","4","0","24","9","0","0","0","0","0.7272727272727273","0.42857142857142855","0.675","0.825"
"33","0.8","0.4","0","22","19","20","1","14","4","1","13","6","1","1","0","0","0.65","0.7368421052631579","0.7","0.5"
"28","0.6","0.8","1","55","10","30","0","3","6","1","24","6","0","0","0","0","0.8","0.3","0.675","0.75"
"29","0.6","1","0","93","20","19","1","14","5","1","12","6","1","1","0","0","0.631578947368421","0.7","0.675","0.475"
"34","0.8","0.4","1","8","17","22","1","13","3","1","14","7","1","1","0","0","0.6363636363636364","0.7647058823529411","0.7","0.55"
"31","0.8","0.2","0","34","38","2","0","23","12","3","0","2","0","0","0","0","0","0.6052631578947368","0.575","0.05"
"32","0.8","0.2","1","29","32","8","0","19","10","3","5","3","0","0","0","0","0.625","0.59375","0.6","0.2"
"33","0.8","0.4","0","23","19","20","1","14","4","1","13","6","1","1","0","0","0.65","0.7368421052631579","0.7","0.5"
"26","0.6","0.6","1","89","7","33","0","3","4","0","24","9","0","0","0","0","0.7272727272727273","0.42857142857142855","0.675","0.825"
"28","0.6","0.8","1","56","10","30","0","3","6","1","24","6","0","0","0","0","0.8","0.3","0.675","0.75"
"29","0.6","1","0","94","20","19","1","14","5","1","12","6","1","1","0","0","0.631578947368421","0.7","0.675","0.475"
"34","0.8","0.4","1","9","17","22","1","13","3","1","14","7","1","1","0","0","0.6363636363636364","0.7647058823529411","0.7","0.55"
"31","0.8","0.2","0","35","38","2","0","23","12","3","0","2","0","0","0","0","0","0.6052631578947368","0.575","0.05"
"32","0.8","0.2","1","30","32","8","0","19","10","3","5","3","0","0","0","0","0.625","0.59375","0.6","0.2"
"33","0.8","0.4","0","24","19","20","1","14","4","1","13","6","1","1","0","0","0.65","0.7368421052631579","0.7","0.5"
"29","0.6","1","0","95","20","19","1","14","5","1","12","6","1","1","0","0","0.631578947368421","0.7","0.675","0.475"
"26","0.6","0.6","1","90","7","33","0","3","4","0","24","9","0","0","0","0","0.7272727272727273","0.42857142857142855","0.675","0.825"
"34","0.8","0.4","1","10","17","22","1","13","3","1","14","7","1","1","0","0","0.6363636363636364","0.7647058823529411","0.7","0.55"
"28","0.6","0.8","1","57","10","30","0","3","6","1","24","6","0","0","0","0","0.8","0.3","0.675","0.75"
"31","0.8","0.2","0","36","38","2","0","23","12","3","0","2","0","0","0","0","0","0.6052631578947368","0.575","0.05"
"33","0.8","0.4","0","25","19","20","1","14","4","1","13","6","1","1","0","0","0.65","0.7368421052631579","0.7","0.5"
"29","0.6","1","0","96","20","19","1","14","5","1","12","6","1","1","0","0","0.631578947368421","0.7","0.675","0.475"
"32","0.8","0.2","1","31","37","3","0","22","12","3","0","3","0","0","0","0","0","0.5945945945945946","0.55","0.075"
"26","0.6","0.6","1","91","6","34","0","3","3","0","24","10","0","0","0","0","0.7058823529411765","0.5","0.675","0.85"
"34","0.8","0.4","1","11","17","22","1","13","3","1","14","7","1","1","0","0","0.6363636363636364","0.7647058823529411","0.7","0.55"
"28","0.6","0.8","1","58","10","30","0","3","6","1","24","6","0","0","0","0","0.8","0.3","0.675","0.75"
"29","0.6","1","0","97","20","19","1","14","5","1","12","6","1","1","0","0","0.631578947368421","0.7","0.675","0.475"
"33","0.8","0.4","0","26","19","20","1","14","4","1","13","6","1","1","0","0","0.65","0.7368421052631579","0.7","0.5"
"32","0.8","0.2","1","32","38","2","0","23","12","3","0","2","0","0","0","0","0","0.6052631578947368","0.575","0.05"
"31","0.8","0.2","0","37","38","2","0","23","12","3","0","2","0","0","0","0","0","0.6052631578947368","0.575","0.05"
"34","0.8","0.4","1","12","17","22","1","13","3","1","14","7","1","1","0","0","0.6363636363636364","0.7647058823529411","0.7","0.55"
"26","0.6","0.6","1","92","5","35","0","3","2","0","24","11","0","0","0","0","0.6857142857142857","0.6","0.675","0.875"
"29","0.6","1","0","98","20","19","1","14","5","1","12","6","1","1","0","0","0.631578947368421","0.7","0.675","0.475"
"28","0.6","0.8","1","59","10","30","0","3","6","1","24","6","0","0","0","0","0.8","0.3","0.675","0.75"
"33","0.8","0.4","0","27","19","20","1","14","4","1","13","6","1","1","0","0","0.65","0.7368421052631579","0.7","0.5"
"32","0.8","0.2","1","33","38","2","0","23","12","3","0","2","0","0","0","0","0","0.6052631578947368","0.575","0.05"
"31","0.8","0.2","0","38","38","2","0","23","12","3","0","2","0","0","0","0","0","0.6052631578947368","0.575","0.05"
"34","0.8","0.4","1","13","17","22","1","13","3","1","14","7","1","1","0","0","0.6363636363636364","0.7647058823529411","0.7","0.55"
"29","0.6","1","0","99","20","19","1","14","5","1","12","6","1","1","0","0","0.631578947368421","0.7","0.675","0.475"
"26","0.6","0.6","1","93","3","37","0","0","3","0","27","10","0","0","0","0","0.7297297297297297","0","0.675","0.925"
"33","0.8","0.4","0","28","19","20","1","14","4","1","13","6","1","1","0","0","0.65","0.7368421052631579","0.7","0.5"
"28","0.6","0.8","1","60","10","30","0","3","6","1","24","6","0","0","0","0","0.8","0.3","0.675","0.75"
"32","0.8","0.2","1","34","38","2","0","23","12","3","0","2","0","0","0","0","0","0.6052631578947368","0.575","0.05"
"34","0.8","0.4","1","14","17","22","1","13","3","1","14","7","1","1","0","0","0.6363636363636364","0.7647058823529411","0.7","0.55"
"29","0.6","1","0","100","20","19","1","14","5","1","12","6","1","1","0","0","0.631578947368421","0.7","0.675","0.475"
"31","0.8","0.2","0","39","38","2","0","23","12","3","0","2","0","0","0","0","0","0.6052631578947368","0.575","0.05"
"33","0.8","0.4","0","29","19","20","1","14","4","1","13","6","1","1","0","0","0.65","0.7368421052631579","0.7","0.5"
"26","0.6","0.6","1","94","2","38","0","0","2","0","29","9","0","0","0","0","0.7631578947368421","0","0.725","0.95"
"34","0.8","0.4","1","15","17","22","1","13","3","1","14","7","1","1","0","0","0.6363636363636364","0.7647058823529411","0.7","0.55"
"28","0.6","0.8","1","61","10","30","0","3","6","1","24","6","0","0","0","0","0.8","0.3","0.675","0.75"
"32","0.8","0.2","1","35","38","2","0","23","12","3","0","2","0","0","0","0","0","0.6052631578947368","0.575","0.05"
"31","0.8","0.2","0","40","38","2","0","23","12","3","0","2","0","0","0","0","0","0.6052631578947368","0.575","0.05"
"33","0.8","0.4","0","30","19","20","1","14","4","1","13","6","1","1","0","0","0.65","0.7368421052631579","0.7","0.5"
"26","0.6","0.6","1","95","2","38","0","0","2","0","29","9","0","0","0","0","0.7631578947368421","0","0.725","0.95"
"34","0.8","0.4","1","16","17","22","1","13","3","1","14","7","1","1","0","0","0.6363636363636364","0.7647058823529411","0.7","0.55"
"32","0.8","0.2","1","36","38","2","0","23","12","3","0","2","0","0","0","0","0","0.6052631578947368","0.575","0.05"
"28","0.6","0.8","1","62","9","31","0","3","6","0","25","6","0","0","0","0","0.8064516129032258","0.3333333333333333","0.7","0.775"
"31","0.8","0.2","0","41","40","0","0","24","13","3","0","0","0","0","0","0","0","0.6","0.6","0"
"33","0.8","0.4","0","31","20","19","1","14","5","1","12","6","1","1","0","0","0.631578947368421","0.7","0.675","0.475"
"34","0.8","0.4","1","17","17","22","1","13","3","1","14","7","1","1","0","0","0.6363636363636364","0.7647058823529411","0.7","0.55"
"26","0.6","0.6","1","96","2","38","0","0","2","0","29","9","0","0","0","0","0.7631578947368421","0","0.725","0.95"
"32","0.8","0.2","1","37","38","2","0","23","12","3","0","2","0","0","0","0","0","0.6052631578947368","0.575","0.05"
"33","0.8","0.4","0","32","20","19","1","14","5","1","12","6","1","1","0","0","0.631578947368421","0.7","0.675","0.475"
"28","0.6","0.8","1","63","8","32","0","2","6","0","26","6","0","0","0","0","0.8125","0.25","0.7","0.8"
"31","0.8","0.2","0","42","40","0","0","24","13","3","0","0","0","0","0","0","0","0.6","0.6","0"
"34","0.8","0.4","1","18","17","22","1","13","3","1","14","7","1","1","0","0","0.6363636363636364","0.7647058823529411","0.7","0.55"
"35","0.8","0.6","0","0","0","0","0","0","0","0","0","0","0","0","0","0","0","0","0","0"
"26","0.6","0.6","1","97","2","38","0","0","2","0","29","9","0","0","0","0","0.7631578947368421","0","0.725","0.95"
"33","0.8","0.4","0","33","20","19","1","14","5","1","12","6","1","1","0","0","0.631578947368421","0.7","0.675","0.475"
"32","0.8","0.2","1","38","38","2","0","23","12","3","0","2","0","0","0","0","0","0.6052631578947368","0.575","0.05"
"28","0.6","0.8","1","64","7","33","0","2","5","0","27","6","0","0","0","0","0.8181818181818182","0.2857142857142857","0.725","0.825"
"34","0.8","0.4","1","19","17","22","1","13","3","1","14","7","1","1","0","0","0.6363636363636364","0.7647058823529411","0.7","0.55"
"31","0.8","0.2","0","43","40","0","0","24","13","3","0","0","0","0","0","0","0","0.6","0.6","0"
"35","0.8","0.6","0","1","16","20","4","11","5","0","15","4","1","4","0","0","0.75","0.6875","0.75","0.5"
"26","0.6","0.6","1","98","2","38","0","0","2","0","29","9","0","0","0","0","0.7631578947368421","0","0.725","0.95"
"33","0.8","0.4","0","34","20","19","1","14","5","1","12","6","1","1","0","0","0.631578947368421","0.7","0.675","0.475"
"34","0.8","0.4","1","20","17","22","1","13","3","1","14","7","1","1","0","0","0.6363636363636364","0.7647058823529411","0.7","0.55"
"32","0.8","0.2","1","39","38","2","0","23","12","3","0","2","0","0","0","0","0","0.6052631578947368","0.575","0.05"
"31","0.8","0.2","0","44","40","0","0","24","13","3","0","0","0","0","0","0","0","0.6","0.6","0"
"28","0.6","0.8","1","65","7","33","0","2","5","0","27","6","0","0","0","0","0.8181818181818182","0.2857142857142857","0.725","0.825"
"35","0.8","0.6","0","2","18","21","1","14","3","1","14","6","1","1","0","0","0.6666666666666666","0.7777777777777778","0.725","0.525"
"33","0.8","0.4","0","35","20","19","1","14","5","1","12","6","1","1","0","0","0.631578947368421","0.7","0.675","0.475"
"26","0.6","0.6","1","99","2","38","0","0","2","0","29","9","0","0","0","0","0.7631578947368421","0","0.725","0.95"
"34","0.8","0.4","1","21","19","20","1","14","4","1","13","6","1","1","0","0","0.65","0.7368421052631579","0.7","0.5"
"32","0.8","0.2","1","40","38","2","0","23","12","3","0","2","0","0","0","0","0","0.6052631578947368","0.575","0.05"
"35","0.8","0.6","0","3","17","22","1","13","3","1","14","7","1","1","0","0","0.6363636363636364","0.7647058823529411","0.7","0.55"
"31","0.8","0.2","0","45","40","0","0","24","13","3","0","0","0","0","0","0","0","0.6","0.6","0"
"33","0.8","0.4","0","36","20","19","1","14","5","1","12","6","1","1","0","0","0.631578947368421","0.7","0.675","0.475"
"28","0.6","0.8","1","66","7","33","0","2","5","0","27","6","0","0","0","0","0.8181818181818182","0.2857142857142857","0.725","0.825"
"34","0.8","0.4","1","22","19","20","1","14","4","1","13","6","1","1","0","0","0.65","0.7368421052631579","0.7","0.5"
"26","0.6","0.6","1","100","2","38","0","0","2","0","29","9","0","0","0","0","0.7631578947368421","0","0.725","0.95"
"35","0.8","0.6","0","4","17","22","1","13","3","1","14","7","1","1","0","0","0.6363636363636364","0.7647058823529411","0.7","0.55"
"33","0.8","0.4","0","37","20","19","1","14","5","1","12","6","1","1","0","0","0.631578947368421","0.7","0.675","0.475"
"32","0.8","0.2","1","41","40","0","0","24","13","3","0","0","0","0","0","0","0","0.6","0.6","0"
"31","0.8","0.2","0","46","40","0","0","24","13","3","0","0","0","0","0","0","0","0.6","0.6","0"
"28","0.6","0.8","1","67","7","33","0","2","5","0","27","6","0","0","0","0","0.8181818181818182","0.2857142857142857","0.725","0.825"
"34","0.8","0.4","1","23","19","20","1","14","4","1","13","6","1","1","0","0","0.65","0.7368421052631579","0.7","0.5"
"35","0.8","0.6","0","5","17","22","1","13","3","1","14","7","1","1","0","0","0.6363636363636364","0.7647058823529411","0.7","0.55"
"33","0.8","0.4","0","38","20","19","1","14","5","1","12","6","1","1","0","0","0.631578947368421","0.7","0.675","0.475"
"34","0.8","0.4","1","24","19","20","1","14","4","1","13","6","1","1","0","0","0.65","0.7368421052631579","0.7","0.5"
"31","0.8","0.2","0","47","40","0","0","24","13","3","0","0","0","0","0","0","0","0.6","0.6","0"
"28","0.6","0.8","1","68","7","33","0","2","5","0","27","6","0","0","0","0","0.8181818181818182","0.2857142857142857","0.725","0.825"
"32","0.8","0.2","1","42","40","0","0","24","13","3","0","0","0","0","0","0","0","0.6","0.6","0"
"35","0.8","0.6","0","6","17","22","1","13","3","1","14","7","1","1","0","0","0.6363636363636364","0.7647058823529411","0.7","0.55"
"33","0.8","0.4","0","39","20","19","1","14","5","1","12","6","1","1","0","0","0.631578947368421","0.7","0.675","0.475"
"34","0.8","0.4","1","25","19","20","1","14","4","1","13","6","1","1","0","0","0.65","0.7368421052631579","0.7","0.5"
"31","0.8","0.2","0","48","40","0","0","24","13","3","0","0","0","0","0","0","0","0.6","0.6","0"
"28","0.6","0.8","1","69","7","33","0","2","5","0","27","6","0","0","0","0","0.8181818181818182","0.2857142857142857","0.725","0.825"
"35","0.8","0.6","0","7","17","22","1","13","3","1","14","7","1","1","0","0","0.6363636363636364","0.7647058823529411","0.7","0.55"
"32","0.8","0.2","1","43","40","0","0","24","13","3","0","0","0","0","0","0","0","0.6","0.6","0"
"33","0.8","0.4","0","40","20","19","1","14","5","1","12","6","1","1","0","0","0.631578947368421","0.7","0.675","0.475"
"34","0.8","0.4","1","26","19","20","1","14","4","1","13","6","1","1","0","0","0.65","0.7368421052631579","0.7","0.5"
"35","0.8","0.6","0","8","17","22","1","13","3","1","14","7","1","1","0","0","0.6363636363636364","0.7647058823529411","0.7","0.55"
"31","0.8","0.2","0","49","40","0","0","24","13","3","0","0","0","0","0","0","0","0.6","0.6","0"
"32","0.8","0.2","1","44","40","0","0","24","13","3","0","0","0","0","0","0","0","0.6","0.6","0"
"36","0.8","0.6","1","0","0","0","0","0","0","0","0","0","0","0","0","0","0","0","0","0"
"28","0.6","0.8","1","70","7","33","0","2","5","0","27","6","0","0","0","0","0.8181818181818182","0.2857142857142857","0.725","0.825"
"33","0.8","0.4","0","41","19","20","1","12","6","1","12","8","0","1","0","0","0.6","0.631578947368421","0.625","0.5"
"34","0.8","0.4","1","27","19","20","1","14","4","1","13","6","1","1","0","0","0.65","0.7368421052631579","0.7","0.5"
"35","0.8","0.6","0","9","17","22","1","13","3","1","14","7","1","1","0","0","0.6363636363636364","0.7647058823529411","0.7","0.55"
"32","0.8","0.2","1","45","40","0","0","24","13","3","0","0","0","0","0","0","0","0.6","0.6","0"
"36","0.8","0.6","1","1","16","20","4","11","5","0","15","4","1","4","0","0","0.75","0.6875","0.75","0.5"
"31","0.8","0.2","0","50","40","0","0","24","13","3","0","0","0","0","0","0","0","0.6","0.6","0"
"33","0.8","0.4","0","42","17","22","1","12","4","1","15","7","0","1","0","0","0.6818181818181818","0.7058823529411765","0.7","0.55"
"34","0.8","0.4","1","28","19","20","1","14","4","1","13","6","1","1","0","0","0.65","0.7368421052631579","0.7","0.5"
"28","0.6","0.8","1","71","7","33","0","2","5","0","27","6","0","0","0","0","0.8181818181818182","0.2857142857142857","0.725","0.825"
"35","0.8","0.6","0","10","17","22","1","13","3","1","14","7","1","1","0","0","0.6363636363636364","0.7647058823529411","0.7","0.55"
"36","0.8","0.6","1","2","18","21","1","14","3","1","14","6","1","1","0","0","0.6666666666666666","0.7777777777777778","0.725","0.525"
"32","0.8","0.2","1","46","40","0","0","24","13","3","0","0","0","0","0","0","0","0.6","0.6","0"
"34","0.8","0.4","1","29","19","20","1","14","4","1","13","6","1","1","0","0","0.65","0.7368421052631579","0.7","0.5"
"33","0.8","0.4","0","43","16","23","1","11","5","0","15","8","0","1","0","0","0.6521739130434783","0.6875","0.675","0.575"
"31","0.8","0.2","0","51","40","0","0","24","13","3","0","0","0","0","0","0","0","0.6","0.6","0"
"35","0.8","0.6","0","11","17","22","1","13","3","1","14","7","1","1","0","0","0.6363636363636364","0.7647058823529411","0.7","0.55"
"28","0.6","0.8","1","72","7","33","0","2","5","0","27","6","0","0","0","0","0.8181818181818182","0.2857142857142857","0.725","0.825"
"36","0.8","0.6","1","3","17","22","1","13","3","1","14","7","1","1","0","0","0.6363636363636364","0.7647058823529411","0.7","0.55"
"32","0.8","0.2","1","47","40","0","0","24","13","3","0","0","0","0","0","0","0","0.6","0.6","0"
"34","0.8","0.4","1","30","19","20","1","14","4","1","13","6","1","1","0","0","0.65","0.7368421052631579","0.7","0.5"
"33","0.8","0.4","0","44","14","25","1","9","5","0","17","8","0","1","0","0","0.68","0.6428571428571429","0.675","0.625"
"35","0.8","0.6","0","12","17","22","1","13","3","1","14","7","1","1","0","0","0.6363636363636364","0.7647058823529411","0.7","0.55"
"31","0.8","0.2","0","52","40","0","0","24","13","3","0","0","0","0","0","0","0","0.6","0.6","0"
"36","0.8","0.6","1","4","17","22","1","13","3","1","14","7","1","1","0","0","0.6363636363636364","0.7647058823529411","0.7","0.55"
"28","0.6","0.8","1","73","7","33","0","2","5","0","27","6","0","0","0","0","0.8181818181818182","0.2857142857142857","0.725","0.825"
"34","0.8","0.4","1","31","20","19","1","14","5","1","12","6","1","1","0","0","0.631578947368421","0.7","0.675","0.475"
"32","0.8","0.2","1","48","40","0","0","24","13","3","0","0","0","0","0","0","0","0.6","0.6","0"
"35","0.8","0.6","0","13","17","22","1","13","3","1","14","7","1","1","0","0","0.6363636363636364","0.7647058823529411","0.7","0.55"
"33","0.8","0.4","0","45","11","28","1","9","2","0","19","9","0","1","0","0","0.6785714285714286","0.8181818181818182","0.725","0.7"
"31","0.8","0.2","0","53","40","0","0","24","13","3","0","0","0","0","0","0","0","0.6","0.6","0"
"36","0.8","0.6","1","5","17","22","1","13","3","1","14","7","1","1","0","0","0.6363636363636364","0.7647058823529411","0.7","0.55"
"34","0.8","0.4","1","32","20","19","1","14","5","1","12","6","1","1","0","0","0.631578947368421","0.7","0.675","0.475"
"32","0.8","0.2","1","49","40","0","0","24","13","3","0","0","0","0","0","0","0","0.6","0.6","0"
"28","0.6","0.8","1","74","7","33","0","2","5","0","27","6","0","0","0","0","0.8181818181818182","0.2857142857142857","0.725","0.825"
"35","0.8","0.6","0","14","17","22","1","13","3","1","14","7","1","1","0","0","0.6363636363636364","0.7647058823529411","0.7","0.55"
"33","0.8","0.4","0","46","11","28","1","9","2","0","19","9","0","1","0","0","0.6785714285714286","0.8181818181818182","0.725","0.7"
"31","0.8","0.2","0","54","40","0","0","24","13","3","0","0","0","0","0","0","0","0.6","0.6","0"
"36","0.8","0.6","1","6","17","22","1","13","3","1","14","7","1","1","0","0","0.6363636363636364","0.7647058823529411","0.7","0.55"
"34","0.8","0.4","1","33","20","19","1","14","5","1","12","6","1","1","0","0","0.631578947368421","0.7","0.675","0.475"
"35","0.8","0.6","0","15","17","22","1","13","3","1","14","7","1","1","0","0","0.6363636363636364","0.7647058823529411","0.7","0.55"
"33","0.8","0.4","0","47","12","27","1","9","3","0","18","9","0","1","0","0","0.6666666666666666","0.75","0.7","0.675"
"28","0.6","0.8","1","75","7","33","0","2","5","0","27","6","0","0","0","0","0.8181818181818182","0.2857142857142857","0.725","0.825"
"32","0.8","0.2","1","50","40","0","0","24","13","3","0","0","0","0","0","0","0","0.6","0.6","0"
"36","0.8","0.6","1","7","17","22","1","13","3","1","14","7","1","1","0","0","0.6363636363636364","0.7647058823529411","0.7","0.55"
"31","0.8","0.2","0","55","40","0","0","24","13","3","0","0","0","0","0","0","0","0.6","0.6","0"
"35","0.8","0.6","0","16","17","22","1","13","3","1","14","7","1","1","0","0","0.6363636363636364","0.7647058823529411","0.7","0.55"
"34","0.8","0.4","1","34","20","19","1","14","5","1","12","6","1","1","0","0","0.631578947368421","0.7","0.675","0.475"
"33","0.8","0.4","0","48","11","28","1","9","2","0","19","9","0","1","0","0","0.6785714285714286","0.8181818181818182","0.725","0.7"
"28","0.6","0.8","1","76","7","33","0","2","5","0","27","6","0","0","0","0","0.8181818181818182","0.2857142857142857","0.725","0.825"
"34","0.8","0.4","1","35","20","19","1","14","5","1","12","6","1","1","0","0","0.631578947368421","0.7","0.675","0.475"
"36","0.8","0.6","1","8","17","22","1","13","3","1","14","7","1","1","0","0","0.6363636363636364","0.7647058823529411","0.7","0.55"
"31","0.8","0.2","0","56","40","0","0","24","13","3","0","0","0","0","0","0","0","0.6","0.6","0"
"35","0.8","0.6","0","17","17","22","1","13","3","1","14","7","1","1","0","0","0.6363636363636364","0.7647058823529411","0.7","0.55"
"33","0.8","0.4","0","49","11","28","1","9","2","0","19","9","0","1","0","0","0.6785714285714286","0.8181818181818182","0.725","0.7"
"28","0.6","0.8","1","77","7","33","0","2","5","0","27","6","0","0","0","0","0.8181818181818182","0.2857142857142857","0.725","0.825"
"34","0.8","0.4","1","36","20","19","1","14","5","1","12","6","1","1","0","0","0.631578947368421","0.7","0.675","0.475"
"36","0.8","0.6","1","9","17","22","1","13","3","1","14","7","1","1","0","0","0.6363636363636364","0.7647058823529411","0.7","0.55"
"35","0.8","0.6","0","18","17","22","1","13","3","1","14","7","1","1","0","0","0.6363636363636364","0.7647058823529411","0.7","0.55"
"31","0.8","0.2","0","57","40","0","0","24","13","3","0","0","0","0","0","0","0","0.6","0.6","0"
"33","0.8","0.4","0","50","11","28","1","9","2","0","19","9","0","1","0","0","0.6785714285714286","0.8181818181818182","0.725","0.7"
"34","0.8","0.4","1","37","20","19","1","14","5","1","12","6","1","1","0","0","0.631578947368421","0.7","0.675","0.475"
"36","0.8","0.6","1","10","17","22","1","13","3","1","14","7","1","1","0","0","0.6363636363636364","0.7647058823529411","0.7","0.55"
"28","0.6","0.8","1","78","7","33","0","2","5","0","27","6","0","0","0","0","0.8181818181818182","0.2857142857142857","0.725","0.825"
"35","0.8","0.6","0","19","17","22","1","13","3","1","14","7","1","1","0","0","0.6363636363636364","0.7647058823529411","0.7","0.55"
"31","0.8","0.2","0","58","40","0","0","24","13","3","0","0","0","0","0","0","0","0.6","0.6","0"
"33","0.8","0.4","0","51","5","34","1","4","1","0","24","10","0","1","0","0","0.7058823529411765","0.8","0.725","0.85"
"34","0.8","0.4","1","38","20","19","1","14","5","1","12","6","1","1","0","0","0.631578947368421","0.7","0.675","0.475"
"36","0.8","0.6","1","11","17","22","1","13","3","1","14","7","1","1","0","0","0.6363636363636364","0.7647058823529411","0.7","0.55"
"35","0.8","0.6","0","20","17","22","1","13","3","1","14","7","1","1","0","0","0.6363636363636364","0.7647058823529411","0.7","0.55"
"28","0.6","0.8","1","79","7","33","0","2","5","0","27","6","0","0","0","0","0.8181818181818182","0.2857142857142857","0.725","0.825"
"31","0.8","0.2","0","59","40","0","0","24","13","3","0","0","0","0","0","0","0","0.6","0.6","0"
"34","0.8","0.4","1","39","20","19","1","14","5","1","12","6","1","1","0","0","0.631578947368421","0.7","0.675","0.475"
"36","0.8","0.6","1","12","17","22","1","13","3","1","14","7","1","1","0","0","0.6363636363636364","0.7647058823529411","0.7","0.55"
"33","0.8","0.4","0","52","5","35","0","3","2","0","24","11","0","0","0","0","0.6857142857142857","0.6","0.675","0.875"
"35","0.8","0.6","0","21","17","22","1","13","3","1","14","7","1","1","0","0","0.6363636363636364","0.7647058823529411","0.7","0.55"
"28","0.6","0.8","1","80","7","33","0","2","5","0","27","6","0","0","0","0","0.8181818181818182","0.2857142857142857","0.725","0.825"
"31","0.8","0.2","0","60","40","0","0","24","13","3","0","0","0","0","0","0","0","0.6","0.6","0"
"34","0.8","0.4","1","40","20","19","1","14","5","1","12","6","1","1","0","0","0.631578947368421","0.7","0.675","0.475"
"36","0.8","0.6","1","13","17","22","1","13","3","1","14","7","1","1","0","0","0.6363636363636364","0.7647058823529411","0.7","0.55"
"35","0.8","0.6","0","22","17","22","1","13","3","1","14","7","1","1","0","0","0.6363636363636364","0.7647058823529411","0.7","0.55"
"33","0.8","0.4","0","53","4","36","0","3","1","0","26","10","0","0","0","0","0.7222222222222222","0.75","0.725","0.9"
"31","0.8","0.2","0","61","40","0","0","24","13","3","0","0","0","0","0","0","0","0.6","0.6","0"
"36","0.8","0.6","1","14","17","22","1","13","3","1","14","7","1","1","0","0","0.6363636363636364","0.7647058823529411","0.7","0.55"
"34","0.8","0.4","1","41","19","20","1","12","6","1","12","8","0","1","0","0","0.6","0.631578947368421","0.625","0.5"
"28","0.6","0.8","1","81","7","33","0","2","5","0","27","6","0","0","0","0","0.8181818181818182","0.2857142857142857","0.725","0.825"
"35","0.8","0.6","0","23","17","22","1","13","3","1","14","7","1","1","0","0","0.6363636363636364","0.7647058823529411","0.7","0.55"
"33","0.8","0.4","0","54","4","36","0","3","1","0","26","10","0","0","0","0","0.7222222222222222","0.75","0.725","0.9"
"36","0.8","0.6","1","15","17","22","1","13","3","1","14","7","1","1","0","0","0.6363636363636364","0.7647058823529411","0.7","0.55"
"31","0.8","0.2","0","62","40","0","0","24","13","3","0","0","0","0","0","0","0","0.6","0.6","0"
"34","0.8","0.4","1","42","17","22","1","12","4","1","15","7","0","1","0","0","0.6818181818181818","0.7058823529411765","0.7","0.55"
"35","0.8","0.6","0","24","17","22","1","13","3","1","14","7","1","1","0","0","0.6363636363636364","0.7647058823529411","0.7","0.55"
"28","0.6","0.8","1","82","7","33","0","2","5","0","27","6","0","0","0","0","0.8181818181818182","0.2857142857142857","0.725","0.825"
"33","0.8","0.4","0","55","4","36","0","3","1","0","26","10","0","0","0","0","0.7222222222222222","0.75","0.725","0.9"
"36","0.8","0.6","1","16","17","22","1","13","3","1","14","7","1","1","0","0","0.6363636363636364","0.7647058823529411","0.7","0.55"
"35","0.8","0.6","0","25","17","22","1","13","3","1","14","7","1","1","0","0","0.6363636363636364","0.7647058823529411","0.7","0.55"
"31","0.8","0.2","0","63","40","0","0","24","13","3","0","0","0","0","0","0","0","0.6","0.6","0"
"33","0.8","0.4","0","56","4","36","0","3","1","0","26","10","0","0","0","0","0.7222222222222222","0.75","0.725","0.9"
"34","0.8","0.4","1","43","16","23","1","11","5","0","15","8","0","1","0","0","0.6521739130434783","0.6875","0.675","0.575"
"30","0.6","1","1","51","12","28","0","3","8","1","22","6","0","0","0","0","0.7857142857142857","0.25","0.625","0.7"
"28","0.6","0.8","1","83","7","33","0","2","5","0","27","6","0","0","0","0","0.8181818181818182","0.2857142857142857","0.725","0.825"
"31","0.8","0.2","0","64","40","0","0","24","13","3","0","0","0","0","0","0","0","0.6","0.6","0"
"36","0.8","0.6","1","17","17","22","1","13","3","1","14","7","1","1","0","0","0.6363636363636364","0.7647058823529411","0.7","0.55"
"35","0.8","0.6","0","26","17","22","1","13","3","1","14","7","1","1","0","0","0.6363636363636364","0.7647058823529411","0.7","0.55"
"34","0.8","0.4","1","44","14","25","1","9","5","0","17","8","0","1","0","0","0.68","0.6428571428571429","0.675","0.625"
"33","0.8","0.4","0","57","4","36","0","3","1","0","26","10","0","0","0","0","0.7222222222222222","0.75","0.725","0.9"
"36","0.8","0.6","1","18","17","22","1","13","3","1","14","7","1","1","0","0","0.6363636363636364","0.7647058823529411","0.7","0.55"
"28","0.6","0.8","1","84","7","33","0","2","5","0","27","6","0","0","0","0","0.8181818181818182","0.2857142857142857","0.725","0.825"
"31","0.8","0.2","0","65","40","0","0","24","13","3","0","0","0","0","0","0","0","0.6","0.6","0"
"34","0.8","0.4","1","45","11","28","1","9","2","0","19","9","0","1","0","0","0.6785714285714286","0.8181818181818182","0.725","0.7"
"33","0.8","0.4","0","58","4","36","0","3","1","0","26","10","0","0","0","0","0.7222222222222222","0.75","0.725","0.9"
"30","0.6","1","1","52","10","30","0","3","6","1","23","7","0","0","0","0","0.7666666666666667","0.3","0.65","0.75"
"36","0.8","0.6","1","19","17","22","1","13","3","1","14","7","1","1","0","0","0.6363636363636364","0.7647058823529411","0.7","0.55"
"35","0.8","0.6","0","27","17","22","1","13","3","1","14","7","1","1","0","0","0.6363636363636364","0.7647058823529411","0.7","0.55"
"31","0.8","0.2","0","66","40","0","0","24","13","3","0","0","0","0","0","0","0","0.6","0.6","0"
"34","0.8","0.4","1","46","11","28","1","9","2","0","19","9","0","1","0","0","0.6785714285714286","0.8181818181818182","0.725","0.7"
"28","0.6","0.8","1","85","7","33","0","2","5","0","27","6","0","0","0","0","0.8181818181818182","0.2857142857142857","0.725","0.825"
"33","0.8","0.4","0","59","4","36","0","3","1","0","26","10","0","0","0","0","0.7222222222222222","0.75","0.725","0.9"
"36","0.8","0.6","1","20","17","22","1","13","3","1","14","7","1","1","0","0","0.6363636363636364","0.7647058823529411","0.7","0.55"
"35","0.8","0.6","0","28","17","22","1","13","3","1","14","7","1","1","0","0","0.6363636363636364","0.7647058823529411","0.7","0.55"
"34","0.8","0.4","1","47","12","27","1","9","3","0","18","9","0","1","0","0","0.6666666666666666","0.75","0.7","0.675"
"33","0.8","0.4","0","60","4","36","0","3","1","0","26","10","0","0","0","0","0.7222222222222222","0.75","0.725","0.9"
"28","0.6","0.8","1","86","7","33","0","2","5","0","27","6","0","0","0","0","0.8181818181818182","0.2857142857142857","0.725","0.825"
"31","0.8","0.2","0","67","40","0","0","24","13","3","0","0","0","0","0","0","0","0.6","0.6","0"
"36","0.8","0.6","1","21","17","22","1","13","3","1","14","7","1","1","0","0","0.6363636363636364","0.7647058823529411","0.7","0.55"
"35","0.8","0.6","0","29","17","22","1","13","3","1","14","7","1","1","0","0","0.6363636363636364","0.7647058823529411","0.7","0.55"
"30","0.6","1","1","53","10","30","0","3","6","1","23","6","1","0","0","0","0.7666666666666667","0.3","0.65","0.75"
"33","0.8","0.4","0","61","1","39","0","1","0","0","28","11","0","0","0","0","0.717948717948718","1","0.725","0.975"
"31","0.8","0.2","0","68","40","0","0","24","13","3","0","0","0","0","0","0","0","0.6","0.6","0"
"34","0.8","0.4","1","48","11","28","1","9","2","0","19","9","0","1","0","0","0.6785714285714286","0.8181818181818182","0.725","0.7"
"36","0.8","0.6","1","22","17","22","1","13","3","1","14","7","1","1","0","0","0.6363636363636364","0.7647058823529411","0.7","0.55"
"28","0.6","0.8","1","87","7","33","0","2","5","0","27","6","0","0","0","0","0.8181818181818182","0.2857142857142857","0.725","0.825"
"35","0.8","0.6","0","30","17","22","1","13","3","1","14","7","1","1","0","0","0.6363636363636364","0.7647058823529411","0.7","0.55"
"33","0.8","0.4","0","62","1","39","0","1","0","0","28","11","0","0","0","0","0.717948717948718","1","0.725","0.975"
"36","0.8","0.6","1","23","17","22","1","13","3","1","14","7","1","1","0","0","0.6363636363636364","0.7647058823529411","0.7","0.55"
"31","0.8","0.2","0","69","40","0","0","24","13","3","0","0","0","0","0","0","0","0.6","0.6","0"
"35","0.8","0.6","0","31","17","22","1","13","3","1","14","7","1","1","0","0","0.6363636363636364","0.7647058823529411","0.7","0.55"
"34","0.8","0.4","1","49","11","28","1","9","2","0","19","9","0","1","0","0","0.6785714285714286","0.8181818181818182","0.725","0.7"
"28","0.6","0.8","1","88","7","33","0","2","5","0","27","6","0","0","0","0","0.8181818181818182","0.2857142857142857","0.725","0.825"
"35","0.8","0.6","0","32","17","22","1","13","3","1","14","7","1","1","0","0","0.6363636363636364","0.7647058823529411","0.7","0.55"
"36","0.8","0.6","1","24","17","22","1","13","3","1","14","7","1","1","0","0","0.6363636363636364","0.7647058823529411","0.7","0.55"
"34","0.8","0.4","1","50","11","28","1","9","2","0","19","9","0","1","0","0","0.6785714285714286","0.8181818181818182","0.725","0.7"
"33","0.8","0.4","0","63","1","39","0","1","0","0","28","11","0","0","0","0","0.717948717948718","1","0.725","0.975"
"30","0.6","1","1","54","10","30","0","3","6","1","24","6","0","0","0","0","0.8","0.3","0.675","0.75"
"31","0.8","0.2","0","70","40","0","0","24","13","3","0","0","0","0","0","0","0","0.6","0.6","0"
"28","0.6","0.8","1","89","7","33","0","2","5","0","27","6","0","0","0","0","0.8181818181818182","0.2857142857142857","0.725","0.825"
"36","0.8","0.6","1","25","17","22","1","13","3","1","14","7","1","1","0","0","0.6363636363636364","0.7647058823529411","0.7","0.55"
"35","0.8","0.6","0","33","17","22","1","13","3","1","14","7","1","1","0","0","0.6363636363636364","0.7647058823529411","0.7","0.55"
"33","0.8","0.4","0","64","1","39","0","1","0","0","28","11","0","0","0","0","0.717948717948718","1","0.725","0.975"
"31","0.8","0.2","0","71","40","0","0","24","13","3","0","0","0","0","0","0","0","0.6","0.6","0"
"36","0.8","0.6","1","26","17","22","1","13","3","1","14","7","1","1","0","0","0.6363636363636364","0.7647058823529411","0.7","0.55"
"35","0.8","0.6","0","34","17","22","1","13","3","1","14","7","1","1","0","0","0.6363636363636364","0.7647058823529411","0.7","0.55"
"30","0.6","1","1","55","10","30","0","3","6","1","24","6","0","0","0","0","0.8","0.3","0.675","0.75"
"33","0.8","0.4","0","65","1","39","0","1","0","0","28","11","0","0","0","0","0.717948717948718","1","0.725","0.975"
"36","0.8","0.6","1","27","17","22","1","13","3","1","14","7","1","1","0","0","0.6363636363636364","0.7647058823529411","0.7","0.55"
"28","0.6","0.8","1","90","7","33","0","2","5","0","27","6","0","0","0","0","0.8181818181818182","0.2857142857142857","0.725","0.825"
"31","0.8","0.2","0","72","40","0","0","24","13","3","0","0","0","0","0","0","0","0.6","0.6","0"
"35","0.8","0.6","0","35","17","22","1","13","3","1","14","7","1","1","0","0","0.6363636363636364","0.7647058823529411","0.7","0.55"
"33","0.8","0.4","0","66","1","39","0","1","0","0","28","11","0","0","0","0","0.717948717948718","1","0.725","0.975"
"36","0.8","0.6","1","28","17","22","1","13","3","1","14","7","1","1","0","0","0.6363636363636364","0.7647058823529411","0.7","0.55"
"35","0.8","0.6","0","36","17","22","1","13","3","1","14","7","1","1","0","0","0.6363636363636364","0.7647058823529411","0.7","0.55"
"30","0.6","1","1","56","10","30","0","3","6","1","24","6","0","0","0","0","0.8","0.3","0.675","0.75"
"31","0.8","0.2","0","73","40","0","0","24","13","3","0","0","0","0","0","0","0","0.6","0.6","0"
"28","0.6","0.8","1","91","7","33","0","2","5","0","27","6","0","0","0","0","0.8181818181818182","0.2857142857142857","0.725","0.825"
"36","0.8","0.6","1","29","17","22","1","13","3","1","14","7","1","1","0","0","0.6363636363636364","0.7647058823529411","0.7","0.55"
"33","0.8","0.4","0","67","1","39","0","1","0","0","28","11","0","0","0","0","0.717948717948718","1","0.725","0.975"
"35","0.8","0.6","0","37","17","22","1","13","3","1","14","7","1","1","0","0","0.6363636363636364","0.7647058823529411","0.7","0.55"
"36","0.8","0.6","1","30","17","22","1","13","3","1","14","7","1","1","0","0","0.6363636363636364","0.7647058823529411","0.7","0.55"
"28","0.6","0.8","1","92","7","33","0","2","5","0","27","6","0","0","0","0","0.8181818181818182","0.2857142857142857","0.725","0.825"
"33","0.8","0.4","0","68","1","39","0","1","0","0","28","11","0","0","0","0","0.717948717948718","1","0.725","0.975"
"31","0.8","0.2","0","74","40","0","0","24","13","3","0","0","0","0","0","0","0","0.6","0.6","0"
"35","0.8","0.6","0","38","17","22","1","13","3","1","14","7","1","1","0","0","0.6363636363636364","0.7647058823529411","0.7","0.55"
"36","0.8","0.6","1","31","17","22","1","13","3","1","14","7","1","1","0","0","0.6363636363636364","0.7647058823529411","0.7","0.55"
"30","0.6","1","1","57","10","30","0","3","6","1","24","6","0","0","0","0","0.8","0.3","0.675","0.75"
"28","0.6","0.8","1","93","7","33","0","2","5","0","27","6","0","0","0","0","0.8181818181818182","0.2857142857142857","0.725","0.825"
"33","0.8","0.4","0","69","1","39","0","1","0","0","28","11","0","0","0","0","0.717948717948718","1","0.725","0.975"
"36","0.8","0.6","1","32","17","22","1","13","3","1","14","7","1","1","0","0","0.6363636363636364","0.7647058823529411","0.7","0.55"
"35","0.8","0.6","0","39","17","22","1","13","3","1","14","7","1","1","0","0","0.6363636363636364","0.7647058823529411","0.7","0.55"
"31","0.8","0.2","0","75","40","0","0","24","13","3","0","0","0","0","0","0","0","0.6","0.6","0"
"36","0.8","0.6","1","33","17","22","1","13","3","1","14","7","1","1","0","0","0.6363636363636364","0.7647058823529411","0.7","0.55"
"28","0.6","0.8","1","94","7","33","0","2","5","0","27","6","0","0","0","0","0.8181818181818182","0.2857142857142857","0.725","0.825"
"33","0.8","0.4","0","70","1","39","0","1","0","0","28","11","0","0","0","0","0.717948717948718","1","0.725","0.975"
"31","0.8","0.2","0","76","40","0","0","24","13","3","0","0","0","0","0","0","0","0.6","0.6","0"
"35","0.8","0.6","0","40","17","22","1","13","3","1","14","7","1","1","0","0","0.6363636363636364","0.7647058823529411","0.7","0.55"
"30","0.6","1","1","58","10","30","0","3","6","1","24","6","0","0","0","0","0.8","0.3","0.675","0.75"
"36","0.8","0.6","1","34","17","22","1","13","3","1","14","7","1","1","0","0","0.6363636363636364","0.7647058823529411","0.7","0.55"
"28","0.6","0.8","1","95","7","33","0","2","5","0","27","6","0","0","0","0","0.8181818181818182","0.2857142857142857","0.725","0.825"
"35","0.8","0.6","0","41","19","20","1","14","4","1","13","6","1","1","0","0","0.65","0.7368421052631579","0.7","0.5"
"31","0.8","0.2","0","77","40","0","0","24","13","3","0","0","0","0","0","0","0","0.6","0.6","0"
"33","0.8","0.4","0","71","0","40","0","0","0","0","29","11","0","0","0","0","0.725","0","0.725","1"
"36","0.8","0.6","1","35","17","22","1","13","3","1","14","7","1","1","0","0","0.6363636363636364","0.7647058823529411","0.7","0.55"
"30","0.6","1","1","59","10","30","0","3","6","1","24","6","0","0","0","0","0.8","0.3","0.675","0.75"
"35","0.8","0.6","0","42","19","20","1","14","4","1","13","6","1","1","0","0","0.65","0.7368421052631579","0.7","0.5"
"28","0.6","0.8","1","96","7","33","0","2","5","0","27","6","0","0","0","0","0.8181818181818182","0.2857142857142857","0.725","0.825"
"31","0.8","0.2","0","78","40","0","0","24","13","3","0","0","0","0","0","0","0","0.6","0.6","0"
"33","0.8","0.4","0","72","0","40","0","0","0","0","29","11","0","0","0","0","0.725","0","0.725","1"
"36","0.8","0.6","1","36","17","22","1","13","3","1","14","7","1","1","0","0","0.6363636363636364","0.7647058823529411","0.7","0.55"
"35","0.8","0.6","0","43","19","20","1","14","4","1","13","6","1","1","0","0","0.65","0.7368421052631579","0.7","0.5"
"28","0.6","0.8","1","97","7","33","0","2","5","0","27","6","0","0","0","0","0.8181818181818182","0.2857142857142857","0.725","0.825"
"33","0.8","0.4","0","73","0","40","0","0","0","0","29","11","0","0","0","0","0.725","0","0.725","1"
"31","0.8","0.2","0","79","40","0","0","24","13","3","0","0","0","0","0","0","0","0.6","0.6","0"
"36","0.8","0.6","1","37","17","22","1","13","3","1","14","7","1","1","0","0","0.6363636363636364","0.7647058823529411","0.7","0.55"
"30","0.6","1","1","60","10","30","0","3","6","1","24","6","0","0","0","0","0.8","0.3","0.675","0.75"
"35","0.8","0.6","0","44","19","20","1","14","4","1","13","6","1","1","0","0","0.65","0.7368421052631579","0.7","0.5"
"31","0.8","0.2","0","80","40","0","0","24","13","3","0","0","0","0","0","0","0","0.6","0.6","0"
"36","0.8","0.6","1","38","17","22","1","13","3","1","14","7","1","1","0","0","0.6363636363636364","0.7647058823529411","0.7","0.55"
"28","0.6","0.8","1","98","7","33","0","2","5","0","27","6","0","0","0","0","0.8181818181818182","0.2857142857142857","0.725","0.825"
"35","0.8","0.6","0","45","19","20","1","14","4","1","13","6","1","1","0","0","0.65","0.7368421052631579","0.7","0.5"
"36","0.8","0.6","1","39","17","22","1","13","3","1","14","7","1","1","0","0","0.6363636363636364","0.7647058823529411","0.7","0.55"
"33","0.8","0.4","0","74","0","40","0","0","0","0","29","11","0","0","0","0","0.725","0","0.725","1"
"31","0.8","0.2","0","81","40","0","0","24","13","3","0","0","0","0","0","0","0","0.6","0.6","0"
"28","0.6","0.8","1","99","7","33","0","2","5","0","27","6","0","0","0","0","0.8181818181818182","0.2857142857142857","0.725","0.825"
"36","0.8","0.6","1","40","17","22","1","13","3","1","14","7","1","1","0","0","0.6363636363636364","0.7647058823529411","0.7","0.55"
"30","0.6","1","1","61","10","30","0","3","6","1","24","6","0","0","0","0","0.8","0.3","0.675","0.75"
"35","0.8","0.6","0","46","19","20","1","14","4","1","13","6","1","1","0","0","0.65","0.7368421052631579","0.7","0.5"
"33","0.8","0.4","0","75","0","40","0","0","0","0","29","11","0","0","0","0","0.725","0","0.725","1"
"28","0.6","0.8","1","100","7","33","0","2","5","0","27","6","0","0","0","0","0.8181818181818182","0.2857142857142857","0.725","0.825"
"31","0.8","0.2","0","82","40","0","0","24","13","3","0","0","0","0","0","0","0","0.6","0.6","0"
"36","0.8","0.6","1","41","19","20","1","14","4","1","13","6","1","1","0","0","0.65","0.7368421052631579","0.7","0.5"
"35","0.8","0.6","0","47","19","20","1","14","4","1","13","6","1","1","0","0","0.65","0.7368421052631579","0.7","0.5"
"31","0.8","0.2","0","83","40","0","0","24","13","3","0","0","0","0","0","0","0","0.6","0.6","0"
"33","0.8","0.4","0","76","0","40","0","0","0","0","29","11","0","0","0","0","0.725","0","0.725","1"
"32","0.8","0.2","1","51","21","19","0","14","7","0","6","12","1","0","0","0","0.3157894736842105","0.6666666666666666","0.5","0.475"
"36","0.8","0.6","1","42","19","20","1","14","4","1","13","6","1","1","0","0","0.65","0.7368421052631579","0.7","0.5"
"30","0.6","1","1","62","9","31","0","3","6","0","25","6","0","0","0","0","0.8064516129032258","0.3333333333333333","0.7","0.775"
"35","0.8","0.6","0","48","19","20","1","14","4","1","13","6","1","1","0","0","0.65","0.7368421052631579","0.7","0.5"
"33","0.8","0.4","0","77","0","40","0","0","0","0","29","11","0","0","0","0","0.725","0","0.725","1"
"36","0.8","0.6","1","43","19","20","1","14","4","1","13","6","1","1","0","0","0.65","0.7368421052631579","0.7","0.5"
"31","0.8","0.2","0","84","40","0","0","24","13","3","0","0","0","0","0","0","0","0.6","0.6","0"
"35","0.8","0.6","0","49","19","20","1","14","4","1","13","6","1","1","0","0","0.65","0.7368421052631579","0.7","0.5"
"33","0.8","0.4","0","78","0","40","0","0","0","0","29","11","0","0","0","0","0.725","0","0.725","1"
"36","0.8","0.6","1","44","19","20","1","14","4","1","13","6","1","1","0","0","0.65","0.7368421052631579","0.7","0.5"
"32","0.8","0.2","1","52","18","22","0","14","4","0","9","12","1","0","0","0","0.4090909090909091","0.7777777777777778","0.575","0.55"
"35","0.8","0.6","0","50","19","20","1","14","4","1","13","6","1","1","0","0","0.65","0.7368421052631579","0.7","0.5"
"31","0.8","0.2","0","85","40","0","0","24","13","3","0","0","0","0","0","0","0","0.6","0.6","0"
"33","0.8","0.4","0","79","0","40","0","0","0","0","29","11","0","0","0","0","0.725","0","0.725","1"
"35","0.8","0.6","0","51","20","19","1","14","5","1","12","6","1","1","0","0","0.631578947368421","0.7","0.675","0.475"
"30","0.6","1","1","63","8","32","0","2","6","0","26","6","0","0","0","0","0.8125","0.25","0.7","0.8"
"36","0.8","0.6","1","45","19","20","1","14","4","1","13","6","1","1","0","0","0.65","0.7368421052631579","0.7","0.5"
"37","0.8","0.8","0","0","0","0","0","0","0","0","0","0","0","0","0","0","0","0","0","0"
"31","0.8","0.2","0","86","40","0","0","24","13","3","0","0","0","0","0","0","0","0.6","0.6","0"
"33","0.8","0.4","0","80","0","40","0","0","0","0","29","11","0","0","0","0","0.725","0","0.725","1"
"35","0.8","0.6","0","52","20","19","1","14","5","1","12","6","1","1","0","0","0.631578947368421","0.7","0.675","0.475"
"36","0.8","0.6","1","46","19","20","1","14","4","1","13","6","1","1","0","0","0.65","0.7368421052631579","0.7","0.5"
"32","0.8","0.2","1","53","14","26","0","10","4","0","11","13","2","0","0","0","0.4230769230769231","0.7142857142857143","0.525","0.65"
"37","0.8","0.8","0","1","16","20","4","11","5","0","15","4","1","4","0","0","0.75","0.6875","0.75","0.5"
"30","0.6","1","1","64","7","33","0","2","5","0","27","6","0","0","0","0","0.8181818181818182","0.2857142857142857","0.725","0.825"
"33","0.8","0.4","0","81","0","40","0","0","0","0","29","11","0","0","0","0","0.725","0","0.725","1"
"35","0.8","0.6","0","53","20","19","1","14","5","1","12","6","1","1","0","0","0.631578947368421","0.7","0.675","0.475"
"31","0.8","0.2","0","87","40","0","0","24","13","3","0","0","0","0","0","0","0","0.6","0.6","0"
"36","0.8","0.6","1","47","19","20","1","14","4","1","13","6","1","1","0","0","0.65","0.7368421052631579","0.7","0.5"
"37","0.8","0.8","0","2","18","21","1","14","3","1","14","6","1","1","0","0","0.6666666666666666","0.7777777777777778","0.725","0.525"
"35","0.8","0.6","0","54","20","19","1","14","5","1","12","6","1","1","0","0","0.631578947368421","0.7","0.675","0.475"
"32","0.8","0.2","1","54","10","30","0","7","3","0","14","14","2","0","0","0","0.4666666666666667","0.7","0.525","0.75"
"33","0.8","0.4","0","82","0","40","0","0","0","0","29","11","0","0","0","0","0.725","0","0.725","1"
"36","0.8","0.6","1","48","19","20","1","14","4","1","13","6","1","1","0","0","0.65","0.7368421052631579","0.7","0.5"
"37","0.8","0.8","0","3","17","22","1","13","3","1","14","7","1","1","0","0","0.6363636363636364","0.7647058823529411","0.7","0.55"
"30","0.6","1","1","65","7","33","0","2","5","0","27","6","0","0","0","0","0.8181818181818182","0.2857142857142857","0.725","0.825"
"35","0.8","0.6","0","55","20","19","1","14","5","1","12","6","1","1","0","0","0.631578947368421","0.7","0.675","0.475"
"31","0.8","0.2","0","88","40","0","0","24","13","3","0","0","0","0","0","0","0","0.6","0.6","0"
"36","0.8","0.6","1","49","19","20","1","14","4","1","13","6","1","1","0","0","0.65","0.7368421052631579","0.7","0.5"
"37","0.8","0.8","0","4","17","22","1","13","3","1","14","7","1","1","0","0","0.6363636363636364","0.7647058823529411","0.7","0.55"
"33","0.8","0.4","0","83","0","40","0","0","0","0","29","11","0","0","0","0","0.725","0","0.725","1"
"32","0.8","0.2","1","55","8","32","0","5","3","0","16","14","2","0","0","0","0.5","0.625","0.525","0.8"
"35","0.8","0.6","0","56","20","19","1","14","5","1","12","6","1","1","0","0","0.631578947368421","0.7","0.675","0.475"
"36","0.8","0.6","1","50","19","20","1","14","4","1","13","6","1","1","0","0","0.65","0.7368421052631579","0.7","0.5"
"31","0.8","0.2","0","89","40","0","0","24","13","3","0","0","0","0","0","0","0","0.6","0.6","0"
"30","0.6","1","1","66","7","33","0","2","5","0","27","6","0","0","0","0","0.8181818181818182","0.2857142857142857","0.725","0.825"
"33","0.8","0.4","0","84","0","40","0","0","0","0","29","11","0","0","0","0","0.725","0","0.725","1"
"37","0.8","0.8","0","5","17","22","1","13","3","1","14","7","1","1","0","0","0.6363636363636364","0.7647058823529411","0.7","0.55"
"35","0.8","0.6","0","57","20","19","1","14","5","1","12","6","1","1","0","0","0.631578947368421","0.7","0.675","0.475"
"32","0.8","0.2","1","56","8","32","0","5","3","0","16","14","2","0","0","0","0.5","0.625","0.525","0.8"
"31","0.8","0.2","0","90","40","0","0","24","13","3","0","0","0","0","0","0","0","0.6","0.6","0"
"37","0.8","0.8","0","6","17","22","1","13","3","1","14","7","1","1","0","0","0.6363636363636364","0.7647058823529411","0.7","0.55"
"33","0.8","0.4","0","85","0","40","0","0","0","0","29","11","0","0","0","0","0.725","0","0.725","1"
"30","0.6","1","1","67","7","33","0","2","5","0","27","6","0","0","0","0","0.8181818181818182","0.2857142857142857","0.725","0.825"
"33","0.8","0.4","0","86","0","40","0","0","0","0","29","11","0","0","0","0","0.725","0","0.725","1"
"32","0.8","0.2","1","57","8","32","0","5","3","0","16","15","1","0","0","0","0.5","0.625","0.525","0.8"
"37","0.8","0.8","0","7","17","22","1","13","3","1","14","7","1","1","0","0","0.6363636363636364","0.7647058823529411","0.7","0.55"
"31","0.8","0.2","0","91","40","0","0","24","13","3","0","0","0","0","0","0","0","0.6","0.6","0"
"35","0.8","0.6","0","58","20","19","1","14","5","1","12","6","1","1","0","0","0.631578947368421","0.7","0.675","0.475"
"33","0.8","0.4","0","87","0","40","0","0","0","0","29","11","0","0","0","0","0.725","0","0.725","1"
"37","0.8","0.8","0","8","17","22","1","13","3","1","14","7","1","1","0","0","0.6363636363636364","0.7647058823529411","0.7","0.55"
"31","0.8","0.2","0","92","40","0","0","24","13","3","0","0","0","0","0","0","0","0.6","0.6","0"
"35","0.8","0.6","0","59","20","19","1","14","5","1","12","6","1","1","0","0","0.631578947368421","0.7","0.675","0.475"
"32","0.8","0.2","1","58","8","32","0","5","3","0","16","15","1","0","0","0","0.5","0.625","0.525","0.8"
"30","0.6","1","1","68","7","33","0","2","5","0","27","6","0","0","0","0","0.8181818181818182","0.2857142857142857","0.725","0.825"
"33","0.8","0.4","0","88","0","40","0","0","0","0","29","11","0","0","0","0","0.725","0","0.725","1"
"37","0.8","0.8","0","9","17","22","1","13","3","1","14","7","1","1","0","0","0.6363636363636364","0.7647058823529411","0.7","0.55"
"31","0.8","0.2","0","93","40","0","0","24","13","3","0","0","0","0","0","0","0","0.6","0.6","0"
"35","0.8","0.6","0","60","20","19","1","14","5","1","12","6","1","1","0","0","0.631578947368421","0.7","0.675","0.475"
"33","0.8","0.4","0","89","0","40","0","0","0","0","29","11","0","0","0","0","0.725","0","0.725","1"
"37","0.8","0.8","0","10","17","22","1","13","3","1","14","7","1","1","0","0","0.6363636363636364","0.7647058823529411","0.7","0.55"
"32","0.8","0.2","1","59","8","32","0","5","3","0","16","15","1","0","0","0","0.5","0.625","0.525","0.8"
"31","0.8","0.2","0","94","40","0","0","24","13","3","0","0","0","0","0","0","0","0.6","0.6","0"
"30","0.6","1","1","69","7","33","0","2","5","0","27","6","0","0","0","0","0.8181818181818182","0.2857142857142857","0.725","0.825"
"35","0.8","0.6","0","61","19","20","1","12","6","1","12","8","0","1","0","0","0.6","0.631578947368421","0.625","0.5"
"37","0.8","0.8","0","11","17","22","1","13","3","1","14","7","1","1","0","0","0.6363636363636364","0.7647058823529411","0.7","0.55"
"33","0.8","0.4","0","90","0","40","0","0","0","0","29","11","0","0","0","0","0.725","0","0.725","1"
"31","0.8","0.2","0","95","40","0","0","24","13","3","0","0","0","0","0","0","0","0.6","0.6","0"
"32","0.8","0.2","1","60","8","32","0","5","3","0","16","15","1","0","0","0","0.5","0.625","0.525","0.8"
"35","0.8","0.6","0","62","17","22","1","12","4","1","15","7","0","1","0","0","0.6818181818181818","0.7058823529411765","0.7","0.55"
"30","0.6","1","1","70","7","33","0","2","5","0","27","6","0","0","0","0","0.8181818181818182","0.2857142857142857","0.725","0.825"
"37","0.8","0.8","0","12","17","22","1","13","3","1","14","7","1","1","0","0","0.6363636363636364","0.7647058823529411","0.7","0.55"
"33","0.8","0.4","0","91","0","40","0","0","0","0","29","11","0","0","0","0","0.725","0","0.725","1"
"31","0.8","0.2","0","96","40","0","0","24","13","3","0","0","0","0","0","0","0","0.6","0.6","0"
"35","0.8","0.6","0","63","16","23","1","11","5","0","15","8","0","1","0","0","0.6521739130434783","0.6875","0.675","0.575"
"37","0.8","0.8","0","13","17","22","1","13","3","1","14","7","1","1","0","0","0.6363636363636364","0.7647058823529411","0.7","0.55"
"33","0.8","0.4","0","92","0","40","0","0","0","0","29","11","0","0","0","0","0.725","0","0.725","1"
"31","0.8","0.2","0","97","40","0","0","24","13","3","0","0","0","0","0","0","0","0.6","0.6","0"
"32","0.8","0.2","1","61","2","38","0","0","2","0","21","16","1","0","0","0","0.5526315789473685","0","0.525","0.95"
"37","0.8","0.8","0","14","17","22","1","13","3","1","14","7","1","1","0","0","0.6363636363636364","0.7647058823529411","0.7","0.55"
"35","0.8","0.6","0","64","13","26","1","9","4","0","18","8","0","1","0","0","0.6923076923076923","0.6923076923076923","0.7","0.65"
"30","0.6","1","1","71","7","33","0","2","5","0","27","6","0","0","0","0","0.8181818181818182","0.2857142857142857","0.725","0.825"
"33","0.8","0.4","0","93","0","40","0","0","0","0","29","11","0","0","0","0","0.725","0","0.725","1"
"31","0.8","0.2","0","98","40","0","0","24","13","3","0","0","0","0","0","0","0","0.6","0.6","0"
"37","0.8","0.8","0","15","17","22","1","13","3","1","14","7","1","1","0","0","0.6363636363636364","0.7647058823529411","0.7","0.55"
"35","0.8","0.6","0","65","12","27","1","9","3","0","18","9","0","1","0","0","0.6666666666666666","0.75","0.7","0.675"
"33","0.8","0.4","0","94","0","40","0","0","0","0","29","11","0","0","0","0","0.725","0","0.725","1"
"32","0.8","0.2","1","62","1","39","0","0","1","0","25","13","1","0","0","0","0.6410256410256411","0","0.625","0.975"
"30","0.6","1","1","72","7","33","0","2","5","0","27","6","0","0","0","0","0.8181818181818182","0.2857142857142857","0.725","0.825"
"37","0.8","0.8","0","16","17","22","1","13","3","1","14","7","1","1","0","0","0.6363636363636364","0.7647058823529411","0.7","0.55"
"31","0.8","0.2","0","99","40","0","0","24","13","3","0","0","0","0","0","0","0","0.6","0.6","0"
"35","0.8","0.6","0","66","11","28","1","9","2","0","19","9","0","1","0","0","0.6785714285714286","0.8181818181818182","0.725","0.7"
"33","0.8","0.4","0","95","0","40","0","0","0","0","29","11","0","0","0","0","0.725","0","0.725","1"
"37","0.8","0.8","0","17","17","22","1","13","3","1","14","7","1","1","0","0","0.6363636363636364","0.7647058823529411","0.7","0.55"
"34","0.8","0.4","1","51","8","32","0","1","6","1","30","2","0","0","0","0","0.9375","0.125","0.775","0.8"
"31","0.8","0.2","0","100","40","0","0","24","13","3","0","0","0","0","0","0","0","0.6","0.6","0"
"30","0.6","1","1","73","7","33","0","2","5","0","27","6","0","0","0","0","0.8181818181818182","0.2857142857142857","0.725","0.825"
"35","0.8","0.6","0","67","11","28","1","9","2","0","19","9","0","1","0","0","0.6785714285714286","0.8181818181818182","0.725","0.7"
"32","0.8","0.2","1","63","1","39","0","0","1","0","25","13","1","0","0","0","0.6410256410256411","0","0.625","0.975"
"37","0.8","0.8","0","18","17","22","1","13","3","1","14","7","1","1","0","0","0.6363636363636364","0.7647058823529411","0.7","0.55"
"33","0.8","0.4","0","96","0","40","0","0","0","0","29","11","0","0","0","0","0.725","0","0.725","1"
"35","0.8","0.6","0","68","11","28","1","9","2","0","19","9","0","1","0","0","0.6785714285714286","0.8181818181818182","0.725","0.7"
"37","0.8","0.8","0","19","17","22","1","13","3","1","14","7","1","1","0","0","0.6363636363636364","0.7647058823529411","0.7","0.55"
"33","0.8","0.4","0","97","0","40","0","0","0","0","29","11","0","0","0","0","0.725","0","0.725","1"
"34","0.8","0.4","1","52","8","32","0","1","7","0","31","1","0","0","0","0","0.96875","0.125","0.8","0.8"
"30","0.6","1","1","74","7","33","0","2","5","0","27","6","0","0","0","0","0.8181818181818182","0.2857142857142857","0.725","0.825"
"32","0.8","0.2","1","64","1","39","0","0","1","0","25","13","1","0","0","0","0.6410256410256411","0","0.625","0.975"
"37","0.8","0.8","0","20","17","22","1","13","3","1","14","7","1","1","0","0","0.6363636363636364","0.7647058823529411","0.7","0.55"
"33","0.8","0.4","0","98","0","40","0","0","0","0","29","11","0","0","0","0","0.725","0","0.725","1"
"35","0.8","0.6","0","69","11","28","1","9","2","0","19","9","0","1","0","0","0.6785714285714286","0.8181818181818182","0.725","0.7"
"34","0.8","0.4","1","53","8","32","0","1","7","0","31","1","0","0","0","0","0.96875","0.125","0.8","0.8"
"33","0.8","0.4","0","99","0","40","0","0","0","0","29","11","0","0","0","0","0.725","0","0.725","1"
"38","0.8","0.8","1","0","0","0","0","0","0","0","0","0","0","0","0","0","0","0","0","0"
"35","0.8","0.6","0","70","11","28","1","9","2","0","19","9","0","1","0","0","0.6785714285714286","0.8181818181818182","0.725","0.7"
"34","0.8","0.4","1","54","8","32","0","0","8","0","31","1","0","0","0","0","0.96875","0","0.775","0.8"
"32","0.8","0.2","1","65","1","39","0","0","1","0","25","13","1","0","0","0","0.6410256410256411","0","0.625","0.975"
"30","0.6","1","1","75","7","33","0","2","5","0","27","6","0","0","0","0","0.8181818181818182","0.2857142857142857","0.725","0.825"
"33","0.8","0.4","0","100","0","40","0","0","0","0","29","11","0","0","0","0","0.725","0","0.725","1"
"35","0.8","0.6","0","71","6","33","1","5","1","0","23","10","0","1","0","0","0.696969696969697","0.8333333333333334","0.725","0.825"
"38","0.8","0.8","1","1","16","20","4","11","5","0","15","4","1","4","0","0","0.75","0.6875","0.75","0.5"
"37","0.8","0.8","0","21","17","22","1","13","3","1","14","7","1","1","0","0","0.6363636363636364","0.7647058823529411","0.7","0.55"
"34","0.8","0.4","1","55","7","32","1","0","7","0","31","1","0","1","0","0","0.96875","0","0.8","0.8"
"35","0.8","0.6","0","72","5","34","1","4","1","0","24","10","0","1","0","0","0.7058823529411765","0.8","0.725","0.85"
"38","0.8","0.8","1","2","18","21","1","14","3","1","14","6","1","1","0","0","0.6666666666666666","0.7777777777777778","0.725","0.525"
"32","0.8","0.2","1","66","1","39","0","0","1","0","25","13","1","0","0","0","0.6410256410256411","0","0.625","0.975"
"30","0.6","1","1","76","7","33","0","2","5","0","27","6","0","0","0","0","0.8181818181818182","0.2857142857142857","0.725","0.825"
"37","0.8","0.8","0","22","17","22","1","13","3","1","14","7","1","1","0","0","0.6363636363636364","0.7647058823529411","0.7","0.55"
"34","0.8","0.4","1","56","8","32","0","0","8","0","31","1","0","0","0","0","0.96875","0","0.775","0.8"
"38","0.8","0.8","1","3","17","22","1","13","3","1","14","7","1","1","0","0","0.6363636363636364","0.7647058823529411","0.7","0.55"
"35","0.8","0.6","0","73","6","34","0","4","2","0","24","10","0","0","0","0","0.7058823529411765","0.6666666666666666","0.7","0.85"
"37","0.8","0.8","0","23","17","22","1","13","3","1","14","7","1","1","0","0","0.6363636363636364","0.7647058823529411","0.7","0.55"
"32","0.8","0.2","1","67","1","39","0","0","1","0","25","13","1","0","0","0","0.6410256410256411","0","0.625","0.975"
"39","0.8","1","0","0","0","0","0","0","0","0","0","0","0","0","0","0","0","0","0","0"
"38","0.8","0.8","1","4","17","22","1","13","3","1","14","7","1","1","0","0","0.6363636363636364","0.7647058823529411","0.7","0.55"
"34","0.8","0.4","1","57","8","32","0","0","8","0","31","1","0","0","0","0","0.96875","0","0.775","0.8"
"30","0.6","1","1","77","7","33","0","2","5","0","27","6","0","0","0","0","0.8181818181818182","0.2857142857142857","0.725","0.825"
"37","0.8","0.8","0","24","17","22","1","13","3","1","14","7","1","1","0","0","0.6363636363636364","0.7647058823529411","0.7","0.55"
"35","0.8","0.6","0","74","5","35","0","4","1","0","26","9","0","0","0","0","0.7428571428571429","0.8","0.75","0.875"
"34","0.8","0.4","1","58","8","32","0","0","8","0","31","1","0","0","0","0","0.96875","0","0.775","0.8"
"38","0.8","0.8","1","5","17","22","1","13","3","1","14","7","1","1","0","0","0.6363636363636364","0.7647058823529411","0.7","0.55"
"39","0.8","1","0","1","16","20","4","11","5","0","15","4","1","4","0","0","0.75","0.6875","0.75","0.5"
"37","0.8","0.8","0","25","17","22","1","13","3","1","14","7","1","1","0","0","0.6363636363636364","0.7647058823529411","0.7","0.55"
"32","0.8","0.2","1","68","1","39","0","0","1","0","25","13","1","0","0","0","0.6410256410256411","0","0.625","0.975"
"35","0.8","0.6","0","75","5","35","0","4","1","0","26","9","0","0","0","0","0.7428571428571429","0.8","0.75","0.875"
"38","0.8","0.8","1","6","17","22","1","13","3","1","14","7","1","1","0","0","0.6363636363636364","0.7647058823529411","0.7","0.55"
"34","0.8","0.4","1","59","8","32","0","0","8","0","31","1","0","0","0","0","0.96875","0","0.775","0.8"
"39","0.8","1","0","2","18","21","1","14","3","1","14","6","1","1","0","0","0.6666666666666666","0.7777777777777778","0.725","0.525"
"30","0.6","1","1","78","7","33","0","2","5","0","27","6","0","0","0","0","0.8181818181818182","0.2857142857142857","0.725","0.825"
"37","0.8","0.8","0","26","17","22","1","13","3","1","14","7","1","1","0","0","0.6363636363636364","0.7647058823529411","0.7","0.55"
"39","0.8","1","0","3","17","22","1","13","3","1","14","7","1","1","0","0","0.6363636363636364","0.7647058823529411","0.7","0.55"
"35","0.8","0.6","0","76","5","35","0","4","1","0","26","9","0","0","0","0","0.7428571428571429","0.8","0.75","0.875"
"38","0.8","0.8","1","7","17","22","1","13","3","1","14","7","1","1","0","0","0.6363636363636364","0.7647058823529411","0.7","0.55"
"37","0.8","0.8","0","27","17","22","1","13","3","1","14","7","1","1","0","0","0.6363636363636364","0.7647058823529411","0.7","0.55"
"34","0.8","0.4","1","60","8","32","0","0","8","0","31","1","0","0","0","0","0.96875","0","0.775","0.8"
"32","0.8","0.2","1","69","1","39","0","0","1","0","25","13","1","0","0","0","0.6410256410256411","0","0.625","0.975"
"39","0.8","1","0","4","17","22","1","13","3","1","14","7","1","1","0","0","0.6363636363636364","0.7647058823529411","0.7","0.55"
"35","0.8","0.6","0","77","5","35","0","4","1","0","26","9","0","0","0","0","0.7428571428571429","0.8","0.75","0.875"
"30","0.6","1","1","79","7","33","0","2","5","0","27","6","0","0","0","0","0.8181818181818182","0.2857142857142857","0.725","0.825"
"38","0.8","0.8","1","8","17","22","1","13","3","1","14","7","1","1","0","0","0.6363636363636364","0.7647058823529411","0.7","0.55"
"37","0.8","0.8","0","28","17","22","1","13","3","1","14","7","1","1","0","0","0.6363636363636364","0.7647058823529411","0.7","0.55"
"34","0.8","0.4","1","61","8","32","0","0","8","0","31","1","0","0","0","0","0.96875","0","0.775","0.8"
"39","0.8","1","0","5","17","22","1","13","3","1","14","7","1","1","0","0","0.6363636363636364","0.7647058823529411","0.7","0.55"
"35","0.8","0.6","0","78","5","35","0","4","1","0","26","9","0","0","0","0","0.7428571428571429","0.8","0.75","0.875"
"38","0.8","0.8","1","9","17","22","1","13","3","1","14","7","1","1","0","0","0.6363636363636364","0.7647058823529411","0.7","0.55"
"32","0.8","0.2","1","70","1","39","0","0","1","0","25","13","1","0","0","0","0.6410256410256411","0","0.625","0.975"
"37","0.8","0.8","0","29","17","22","1","13","3","1","14","7","1","1","0","0","0.6363636363636364","0.7647058823529411","0.7","0.55"
"34","0.8","0.4","1","62","8","32","0","0","8","0","31","1","0","0","0","0","0.96875","0","0.775","0.8"
"39","0.8","1","0","6","17","22","1","13","3","1","14","7","1","1","0","0","0.6363636363636364","0.7647058823529411","0.7","0.55"
"30","0.6","1","1","80","7","33","0","2","5","0","27","6","0","0","0","0","0.8181818181818182","0.2857142857142857","0.725","0.825"
"35","0.8","0.6","0","79","5","35","0","4","1","0","26","9","0","0","0","0","0.7428571428571429","0.8","0.75","0.875"
"37","0.8","0.8","0","30","17","22","1","13","3","1","14","7","1","1","0","0","0.6363636363636364","0.7647058823529411","0.7","0.55"
"38","0.8","0.8","1","10","17","22","1","13","3","1","14","7","1","1","0","0","0.6363636363636364","0.7647058823529411","0.7","0.55"
"34","0.8","0.4","1","63","8","32","0","0","8","0","31","1","0","0","0","0","0.96875","0","0.775","0.8"
"39","0.8","1","0","7","17","22","1","13","3","1","14","7","1","1","0","0","0.6363636363636364","0.7647058823529411","0.7","0.55"
"37","0.8","0.8","0","31","17","22","1","13","3","1","14","7","1","1","0","0","0.6363636363636364","0.7647058823529411","0.7","0.55"
"32","0.8","0.2","1","71","0","40","0","0","0","0","26","13","1","0","0","0","0.65","0","0.65","1"
"35","0.8","0.6","0","80","5","35","0","4","1","0","26","9","0","0","0","0","0.7428571428571429","0.8","0.75","0.875"
"30","0.6","1","1","81","7","33","0","2","5","0","27","6","0","0","0","0","0.8181818181818182","0.2857142857142857","0.725","0.825"
"37","0.8","0.8","0","32","17","22","1","13","3","1","14","7","1","1","0","0","0.6363636363636364","0.7647058823529411","0.7","0.55"
"39","0.8","1","0","8","17","22","1","13","3","1","14","7","1","1","0","0","0.6363636363636364","0.7647058823529411","0.7","0.55"
"34","0.8","0.4","1","64","8","32","0","0","8","0","31","1","0","0","0","0","0.96875","0","0.775","0.8"
"38","0.8","0.8","1","11","17","22","1","13","3","1","14","7","1","1","0","0","0.6363636363636364","0.7647058823529411","0.7","0.55"
"35","0.8","0.6","0","81","4","36","0","3","1","0","26","10","0","0","0","0","0.7222222222222222","0.75","0.725","0.9"
"32","0.8","0.2","1","72","0","40","0","0","0","0","26","13","1","0","0","0","0.65","0","0.65","1"
"37","0.8","0.8","0","33","17","22","1","13","3","1","14","7","1","1","0","0","0.6363636363636364","0.7647058823529411","0.7","0.55"
"39","0.8","1","0","9","17","22","1","13","3","1","14","7","1","1","0","0","0.6363636363636364","0.7647058823529411","0.7","0.55"
"34","0.8","0.4","1","65","8","32","0","0","8","0","31","1","0","0","0","0","0.96875","0","0.775","0.8"
"30","0.6","1","1","82","7","33","0","2","5","0","27","6","0","0","0","0","0.8181818181818182","0.2857142857142857","0.725","0.825"
"38","0.8","0.8","1","12","17","22","1","13","3","1","14","7","1","1","0","0","0.6363636363636364","0.7647058823529411","0.7","0.55"
"35","0.8","0.6","0","82","4","36","0","3","1","0","26","10","0","0","0","0","0.7222222222222222","0.75","0.725","0.9"
"39","0.8","1","0","10","17","22","1","13","3","1","14","7","1","1","0","0","0.6363636363636364","0.7647058823529411","0.7","0.55"
"37","0.8","0.8","0","34","17","22","1","13","3","1","14","7","1","1","0","0","0.6363636363636364","0.7647058823529411","0.7","0.55"
"34","0.8","0.4","1","66","8","32","0","0","8","0","31","1","0","0","0","0","0.96875","0","0.775","0.8"
"35","0.8","0.6","0","83","4","36","0","3","1","0","26","10","0","0","0","0","0.7222222222222222","0.75","0.725","0.9"
"32","0.8","0.2","1","73","0","40","0","0","0","0","26","13","1","0","0","0","0.65","0","0.65","1"
"39","0.8","1","0","11","17","22","1","13","3","1","14","7","1","1","0","0","0.6363636363636364","0.7647058823529411","0.7","0.55"
"37","0.8","0.8","0","35","17","22","1","13","3","1","14","7","1","1","0","0","0.6363636363636364","0.7647058823529411","0.7","0.55"
"38","0.8","0.8","1","13","17","22","1","13","3","1","14","7","1","1","0","0","0.6363636363636364","0.7647058823529411","0.7","0.55"
"30","0.6","1","1","83","7","33","0","2","5","0","27","6","0","0","0","0","0.8181818181818182","0.2857142857142857","0.725","0.825"
"34","0.8","0.4","1","67","8","32","0","0","8","0","31","1","0","0","0","0","0.96875","0","0.775","0.8"
"39","0.8","1","0","12","17","22","1","13","3","1","14","7","1","1","0","0","0.6363636363636364","0.7647058823529411","0.7","0.55"
"35","0.8","0.6","0","84","4","36","0","3","1","0","26","10","0","0","0","0","0.7222222222222222","0.75","0.725","0.9"
"37","0.8","0.8","0","36","17","22","1","13","3","1","14","7","1","1","0","0","0.6363636363636364","0.7647058823529411","0.7","0.55"
"38","0.8","0.8","1","14","17","22","1","13","3","1","14","7","1","1","0","0","0.6363636363636364","0.7647058823529411","0.7","0.55"
"32","0.8","0.2","1","74","0","40","0","0","0","0","26","13","1","0","0","0","0.65","0","0.65","1"
"34","0.8","0.4","1","68","8","32","0","0","8","0","31","1","0","0","0","0","0.96875","0","0.775","0.8"
"30","0.6","1","1","84","7","33","0","2","5","0","27","6","0","0","0","0","0.8181818181818182","0.2857142857142857","0.725","0.825"
"37","0.8","0.8","0","37","17","22","1","13","3","1","14","7","1","1","0","0","0.6363636363636364","0.7647058823529411","0.7","0.55"
"39","0.8","1","0","13","17","22","1","13","3","1","14","7","1","1","0","0","0.6363636363636364","0.7647058823529411","0.7","0.55"
"35","0.8","0.6","0","85","4","36","0","3","1","0","26","10","0","0","0","0","0.7222222222222222","0.75","0.725","0.9"
"38","0.8","0.8","1","15","17","22","1","13","3","1","14","7","1","1","0","0","0.6363636363636364","0.7647058823529411","0.7","0.55"
"34","0.8","0.4","1","69","8","32","0","0","8","0","31","1","0","0","0","0","0.96875","0","0.775","0.8"
"39","0.8","1","0","14","17","22","1","13","3","1","14","7","1","1","0","0","0.6363636363636364","0.7647058823529411","0.7","0.55"
"37","0.8","0.8","0","38","17","22","1","13","3","1","14","7","1","1","0","0","0.6363636363636364","0.7647058823529411","0.7","0.55"
"35","0.8","0.6","0","86","4","36","0","3","1","0","26","10","0","0","0","0","0.7222222222222222","0.75","0.725","0.9"
"38","0.8","0.8","1","16","17","22","1","13","3","1","14","7","1","1","0","0","0.6363636363636364","0.7647058823529411","0.7","0.55"
"32","0.8","0.2","1","75","0","40","0","0","0","0","26","13","1","0","0","0","0.65","0","0.65","1"
"30","0.6","1","1","85","7","33","0","2","5","0","27","6","0","0","0","0","0.8181818181818182","0.2857142857142857","0.725","0.825"
"34","0.8","0.4","1","70","8","32","0","0","8","0","31","1","0","0","0","0","0.96875","0","0.775","0.8"
"37","0.8","0.8","0","39","17","22","1","13","3","1","14","7","1","1","0","0","0.6363636363636364","0.7647058823529411","0.7","0.55"
"39","0.8","1","0","15","17","22","1","13","3","1","14","7","1","1","0","0","0.6363636363636364","0.7647058823529411","0.7","0.55"
"38","0.8","0.8","1","17","17","22","1","13","3","1","14","7","1","1","0","0","0.6363636363636364","0.7647058823529411","0.7","0.55"
"35","0.8","0.6","0","87","4","36","0","3","1","0","26","10","0","0","0","0","0.7222222222222222","0.75","0.725","0.9"
"34","0.8","0.4","1","71","7","33","0","0","7","0","31","2","0","0","0","0","0.9393939393939394","0","0.775","0.825"
"36","0.8","0.6","1","51","11","29","0","4","7","0","20","9","0","0","0","0","0.6896551724137931","0.36363636363636365","0.6","0.725"
"32","0.8","0.2","1","76","0","40","0","0","0","0","26","13","1","0","0","0","0.65","0","0.65","1"
"39","0.8","1","0","16","17","22","1","13","3","1","14","7","1","1","0","0","0.6363636363636364","0.7647058823529411","0.7","0.55"
"37","0.8","0.8","0","40","17","22","1","13","3","1","14","7","1","1","0","0","0.6363636363636364","0.7647058823529411","0.7","0.55"
"38","0.8","0.8","1","18","17","22","1","13","3","1","14","7","1","1","0","0","0.6363636363636364","0.7647058823529411","0.7","0.55"
"30","0.6","1","1","86","7","33","0","2","5","0","27","6","0","0","0","0","0.8181818181818182","0.2857142857142857","0.725","0.825"
"35","0.8","0.6","0","88","4","36","0","3","1","0","26","10","0","0","0","0","0.7222222222222222","0.75","0.725","0.9"
"34","0.8","0.4","1","72","7","33","0","0","7","0","31","2","0","0","0","0","0.9393939393939394","0","0.775","0.825"
"36","0.8","0.6","1","52","8","32","0","3","5","0","22","10","0","0","0","0","0.6875","0.375","0.625","0.8"
"39","0.8","1","0","17","17","22","1","13","3","1","14","7","1","1","0","0","0.6363636363636364","0.7647058823529411","0.7","0.55"
"38","0.8","0.8","1","19","17","22","1","13","3","1","14","7","1","1","0","0","0.6363636363636364","0.7647058823529411","0.7","0.55"
"37","0.8","0.8","0","41","17","22","1","13","3","1","14","7","1","1","0","0","0.6363636363636364","0.7647058823529411","0.7","0.55"
"32","0.8","0.2","1","77","0","40","0","0","0","0","26","13","1","0","0","0","0.65","0","0.65","1"
"35","0.8","0.6","0","89","4","36","0","3","1","0","26","10","0","0","0","0","0.7222222222222222","0.75","0.725","0.9"
"30","0.6","1","1","87","7","33","0","2","5","0","27","6","0","0","0","0","0.8181818181818182","0.2857142857142857","0.725","0.825"
"34","0.8","0.4","1","73","7","33","0","0","7","0","31","2","0","0","0","0","0.9393939393939394","0","0.775","0.825"
"39","0.8","1","0","18","17","22","1","13","3","1","14","7","1","1","0","0","0.6363636363636364","0.7647058823529411","0.7","0.55"
"36","0.8","0.6","1","53","7","33","0","3","4","0","23","10","0","0","0","0","0.696969696969697","0.42857142857142855","0.65","0.825"
"38","0.8","0.8","1","20","17","22","1","13","3","1","14","7","1","1","0","0","0.6363636363636364","0.7647058823529411","0.7","0.55"
"37","0.8","0.8","0","42","17","22","1","13","3","1","14","7","1","1","0","0","0.6363636363636364","0.7647058823529411","0.7","0.55"
"35","0.8","0.6","0","90","4","36","0","3","1","0","26","10","0","0","0","0","0.7222222222222222","0.75","0.725","0.9"
"34","0.8","0.4","1","74","7","33","0","0","7","0","31","2","0","0","0","0","0.9393939393939394","0","0.775","0.825"
"39","0.8","1","0","19","17","22","1","13","3","1","14","7","1","1","0","0","0.6363636363636364","0.7647058823529411","0.7","0.55"
"32","0.8","0.2","1","78","0","40","0","0","0","0","26","13","1","0","0","0","0.65","0","0.65","1"
"38","0.8","0.8","1","21","17","22","1","13","3","1","14","7","1","1","0","0","0.6363636363636364","0.7647058823529411","0.7","0.55"
"36","0.8","0.6","1","54","7","33","0","3","4","0","23","10","0","0","0","0","0.696969696969697","0.42857142857142855","0.65","0.825"
"37","0.8","0.8","0","43","17","22","1","13","3","1","14","7","1","1","0","0","0.6363636363636364","0.7647058823529411","0.7","0.55"
"30","0.6","1","1","88","7","33","0","2","5","0","27","6","0","0","0","0","0.8181818181818182","0.2857142857142857","0.725","0.825"
"35","0.8","0.6","0","91","1","39","0","1","0","0","28","11","0","0","0","0","0.717948717948718","1","0.725","0.975"
"39","0.8","1","0","20","17","22","1","13","3","1","14","7","1","1","0","0","0.6363636363636364","0.7647058823529411","0.7","0.55"
"38","0.8","0.8","1","22","17","22","1","13","3","1","14","7","1","1","0","0","0.6363636363636364","0.7647058823529411","0.7","0.55"
"34","0.8","0.4","1","75","7","33","0","0","7","0","31","2","0","0","0","0","0.9393939393939394","0","0.775","0.825"
"36","0.8","0.6","1","55","7","33","0","3","4","0","23","10","0","0","0","0","0.696969696969697","0.42857142857142855","0.65","0.825"
"37","0.8","0.8","0","44","17","22","1","13","3","1","14","7","1","1","0","0","0.6363636363636364","0.7647058823529411","0.7","0.55"
"32","0.8","0.2","1","79","0","40","0","0","0","0","26","13","1","0","0","0","0.65","0","0.65","1"
"35","0.8","0.6","0","92","1","39","0","1","0","0","28","11","0","0","0","0","0.717948717948718","1","0.725","0.975"
"39","0.8","1","0","21","17","22","1","13","3","1","14","7","1","1","0","0","0.6363636363636364","0.7647058823529411","0.7","0.55"
"38","0.8","0.8","1","23","17","22","1","13","3","1","14","7","1","1","0","0","0.6363636363636364","0.7647058823529411","0.7","0.55"
"34","0.8","0.4","1","76","7","33","0","0","7","0","31","2","0","0","0","0","0.9393939393939394","0","0.775","0.825"
"37","0.8","0.8","0","45","17","22","1","13","3","1","14","7","1","1","0","0","0.6363636363636364","0.7647058823529411","0.7","0.55"
"36","0.8","0.6","1","56","7","33","0","3","4","0","23","10","0","0","0","0","0.696969696969697","0.42857142857142855","0.65","0.825"
"30","0.6","1","1","89","7","33","0","2","5","0","27","6","0","0","0","0","0.8181818181818182","0.2857142857142857","0.725","0.825"
"35","0.8","0.6","0","93","1","39","0","1","0","0","28","11","0","0","0","0","0.717948717948718","1","0.725","0.975"
"38","0.8","0.8","1","24","17","22","1","13","3","1","14","7","1","1","0","0","0.6363636363636364","0.7647058823529411","0.7","0.55"
"39","0.8","1","0","22","17","22","1","13","3","1","14","7","1","1","0","0","0.6363636363636364","0.7647058823529411","0.7","0.55"
"34","0.8","0.4","1","77","7","33","0","0","7","0","31","2","0","0","0","0","0.9393939393939394","0","0.775","0.825"
"37","0.8","0.8","0","46","17","22","1","13","3","1","14","7","1","1","0","0","0.6363636363636364","0.7647058823529411","0.7","0.55"
"36","0.8","0.6","1","57","7","33","0","3","4","0","23","10","0","0","0","0","0.696969696969697","0.42857142857142855","0.65","0.825"
"32","0.8","0.2","1","80","0","40","0","0","0","0","26","13","1","0","0","0","0.65","0","0.65","1"
"39","0.8","1","0","23","17","22","1","13","3","1","14","7","1","1","0","0","0.6363636363636364","0.7647058823529411","0.7","0.55"
"38","0.8","0.8","1","25","17","22","1","13","3","1","14","7","1","1","0","0","0.6363636363636364","0.7647058823529411","0.7","0.55"
"35","0.8","0.6","0","94","1","39","0","1","0","0","28","11","0","0","0","0","0.717948717948718","1","0.725","0.975"
"34","0.8","0.4","1","78","7","33","0","0","7","0","31","2","0","0","0","0","0.9393939393939394","0","0.775","0.825"
"37","0.8","0.8","0","47","17","22","1","13","3","1","14","7","1","1","0","0","0.6363636363636364","0.7647058823529411","0.7","0.55"
"36","0.8","0.6","1","58","7","33","0","3","4","0","23","10","0","0","0","0","0.696969696969697","0.42857142857142855","0.65","0.825"
"30","0.6","1","1","90","7","33","0","2","5","0","27","6","0","0","0","0","0.8181818181818182","0.2857142857142857","0.725","0.825"
"39","0.8","1","0","24","17","22","1","13","3","1","14","7","1","1","0","0","0.6363636363636364","0.7647058823529411","0.7","0.55"
"38","0.8","0.8","1","26","17","22","1","13","3","1","14","7","1","1","0","0","0.6363636363636364","0.7647058823529411","0.7","0.55"
"35","0.8","0.6","0","95","1","39","0","1","0","0","28","11","0","0","0","0","0.717948717948718","1","0.725","0.975"
"34","0.8","0.4","1","79","7","33","0","0","7","0","31","2","0","0","0","0","0.9393939393939394","0","0.775","0.825"
"37","0.8","0.8","0","48","17","22","1","13","3","1","14","7","1","1","0","0","0.6363636363636364","0.7647058823529411","0.7","0.55"
"36","0.8","0.6","1","59","7","33","0","3","4","0","23","10","0","0","0","0","0.696969696969697","0.42857142857142855","0.65","0.825"
"32","0.8","0.2","1","81","0","40","0","0","0","0","26","13","1","0","0","0","0.65","0","0.65","1"
"39","0.8","1","0","25","17","22","1","13","3","1","14","7","1","1","0","0","0.6363636363636364","0.7647058823529411","0.7","0.55"
"35","0.8","0.6","0","96","1","39","0","1","0","0","28","11","0","0","0","0","0.717948717948718","1","0.725","0.975"
"38","0.8","0.8","1","27","17","22","1","13","3","1","14","7","1","1","0","0","0.6363636363636364","0.7647058823529411","0.7","0.55"
"34","0.8","0.4","1","80","7","33","0","0","7","0","31","2","0","0","0","0","0.9393939393939394","0","0.775","0.825"
"30","0.6","1","1","91","7","33","0","2","5","0","27","6","0","0","0","0","0.8181818181818182","0.2857142857142857","0.725","0.825"
"36","0.8","0.6","1","60","7","33","0","3","4","0","23","10","0","0","0","0","0.696969696969697","0.42857142857142855","0.65","0.825"
"39","0.8","1","0","26","17","22","1","13","3","1","14","7","1","1","0","0","0.6363636363636364","0.7647058823529411","0.7","0.55"
"35","0.8","0.6","0","97","1","39","0","1","0","0","28","11","0","0","0","0","0.717948717948718","1","0.725","0.975"
"32","0.8","0.2","1","82","0","40","0","0","0","0","26","13","1","0","0","0","0.65","0","0.65","1"
"38","0.8","0.8","1","28","17","22","1","13","3","1","14","7","1","1","0","0","0.6363636363636364","0.7647058823529411","0.7","0.55"
"34","0.8","0.4","1","81","5","35","0","0","5","0","33","2","0","0","0","0","0.9428571428571428","0","0.825","0.875"
"36","0.8","0.6","1","61","7","33","0","3","4","0","23","10","0","0","0","0","0.696969696969697","0.42857142857142855","0.65","0.825"
"37","0.8","0.8","0","49","17","22","1","13","3","1","14","7","1","1","0","0","0.6363636363636364","0.7647058823529411","0.7","0.55"
"30","0.6","1","1","92","7","33","0","2","5","0","27","6","0","0","0","0","0.8181818181818182","0.2857142857142857","0.725","0.825"
"39","0.8","1","0","27","17","22","1","13","3","1","14","7","1","1","0","0","0.6363636363636364","0.7647058823529411","0.7","0.55"
"35","0.8","0.6","0","98","1","39","0","1","0","0","28","11","0","0","0","0","0.717948717948718","1","0.725","0.975"
"38","0.8","0.8","1","29","17","22","1","13","3","1","14","7","1","1","0","0","0.6363636363636364","0.7647058823529411","0.7","0.55"
"36","0.8","0.6","1","62","7","33","0","3","4","0","23","9","1","0","0","0","0.696969696969697","0.42857142857142855","0.65","0.825"
"37","0.8","0.8","0","50","17","22","1","13","3","1","14","7","1","1","0","0","0.6363636363636364","0.7647058823529411","0.7","0.55"
"34","0.8","0.4","1","82","4","36","0","0","4","0","34","2","0","0","0","0","0.9444444444444444","0","0.85","0.9"
"39","0.8","1","0","28","17","22","1","13","3","1","14","7","1","1","0","0","0.6363636363636364","0.7647058823529411","0.7","0.55"
"38","0.8","0.8","1","30","17","22","1","13","3","1","14","7","1","1","0","0","0.6363636363636364","0.7647058823529411","0.7","0.55"
"32","0.8","0.2","1","83","0","40","0","0","0","0","26","13","1","0","0","0","0.65","0","0.65","1"
"35","0.8","0.6","0","99","1","39","0","1","0","0","28","11","0","0","0","0","0.717948717948718","1","0.725","0.975"
"30","0.6","1","1","93","7","33","0","2","5","0","27","6","0","0","0","0","0.8181818181818182","0.2857142857142857","0.725","0.825"
"38","0.8","0.8","1","31","17","22","1","13","3","1","14","7","1","1","0","0","0.6363636363636364","0.7647058823529411","0.7","0.55"
"37","0.8","0.8","0","51","19","20","1","14","4","1","13","6","1","1","0","0","0.65","0.7368421052631579","0.7","0.5"
"39","0.8","1","0","29","17","22","1","13","3","1","14","7","1","1","0","0","0.6363636363636364","0.7647058823529411","0.7","0.55"
"36","0.8","0.6","1","63","7","33","0","3","4","0","24","9","0","0","0","0","0.7272727272727273","0.42857142857142855","0.675","0.825"
"35","0.8","0.6","0","100","1","39","0","1","0","0","28","11","0","0","0","0","0.717948717948718","1","0.725","0.975"
"34","0.8","0.4","1","83","3","37","0","0","3","0","35","2","0","0","0","0","0.9459459459459459","0","0.875","0.925"
"32","0.8","0.2","1","84","0","40","0","0","0","0","26","13","1","0","0","0","0.65","0","0.65","1"
"38","0.8","0.8","1","32","17","22","1","13","3","1","14","7","1","1","0","0","0.6363636363636364","0.7647058823529411","0.7","0.55"
"37","0.8","0.8","0","52","19","20","1","14","4","1","13","6","1","1","0","0","0.65","0.7368421052631579","0.7","0.5"
"36","0.8","0.6","1","64","7","33","0","3","4","0","24","9","0","0","0","0","0.7272727272727273","0.42857142857142855","0.675","0.825"
"30","0.6","1","1","94","7","33","0","2","5","0","27","6","0","0","0","0","0.8181818181818182","0.2857142857142857","0.725","0.825"
"38","0.8","0.8","1","33","17","22","1","13","3","1","14","7","1","1","0","0","0.6363636363636364","0.7647058823529411","0.7","0.55"
"39","0.8","1","0","30","17","22","1","13","3","1","14","7","1","1","0","0","0.6363636363636364","0.7647058823529411","0.7","0.55"
"37","0.8","0.8","0","53","19","20","1","14","4","1","13","6","1","1","0","0","0.65","0.7368421052631579","0.7","0.5"
"34","0.8","0.4","1","84","2","38","0","0","2","0","36","2","0","0","0","0","0.9473684210526315","0","0.9","0.95"
"38","0.8","0.8","1","34","17","22","1","13","3","1","14","7","1","1","0","0","0.6363636363636364","0.7647058823529411","0.7","0.55"
"37","0.8","0.8","0","54","19","20","1","14","4","1","13","6","1","1","0","0","0.65","0.7368421052631579","0.7","0.5"
"39","0.8","1","0","31","17","22","1","13","3","1","14","7","1","1","0","0","0.6363636363636364","0.7647058823529411","0.7","0.55"
"36","0.8","0.6","1","65","7","33","0","3","4","0","24","9","0","0","0","0","0.7272727272727273","0.42857142857142855","0.675","0.825"
"32","0.8","0.2","1","85","0","40","0","0","0","0","26","13","1","0","0","0","0.65","0","0.65","1"
"38","0.8","0.8","1","35","17","22","1","13","3","1","14","7","1","1","0","0","0.6363636363636364","0.7647058823529411","0.7","0.55"
"30","0.6","1","1","95","7","33","0","2","5","0","27","6","0","0","0","0","0.8181818181818182","0.2857142857142857","0.725","0.825"
"39","0.8","1","0","32","17","22","1","13","3","1","14","7","1","1","0","0","0.6363636363636364","0.7647058823529411","0.7","0.55"
"34","0.8","0.4","1","85","2","38","0","0","2","0","36","2","0","0","0","0","0.9473684210526315","0","0.9","0.95"
"37","0.8","0.8","0","55","19","20","1","14","4","1","13","6","1","1","0","0","0.65","0.7368421052631579","0.7","0.5"
"38","0.8","0.8","1","36","17","22","1","13","3","1","14","7","1","1","0","0","0.6363636363636364","0.7647058823529411","0.7","0.55"
"36","0.8","0.6","1","66","7","33","0","3","4","0","24","9","0","0","0","0","0.7272727272727273","0.42857142857142855","0.675","0.825"
"39","0.8","1","0","33","17","22","1","13","3","1","14","7","1","1","0","0","0.6363636363636364","0.7647058823529411","0.7","0.55"
"40","0.8","1","1","0","0","0","0","0","0","0","0","0","0","0","0","0","0","0","0","0"
"30","0.6","1","1","96","7","33","0","2","5","0","27","6","0","0","0","0","0.8181818181818182","0.2857142857142857","0.725","0.825"
"32","0.8","0.2","1","86","0","40","0","0","0","0","26","13","1","0","0","0","0.65","0","0.65","1"
"37","0.8","0.8","0","56","19","20","1","14","4","1","13","6","1","1","0","0","0.65","0.7368421052631579","0.7","0.5"
"38","0.8","0.8","1","37","17","22","1","13","3","1","14","7","1","1","0","0","0.6363636363636364","0.7647058823529411","0.7","0.55"
"34","0.8","0.4","1","86","2","38","0","0","2","0","36","2","0","0","0","0","0.9473684210526315","0","0.9","0.95"
"39","0.8","1","0","34","17","22","1","13","3","1","14","7","1","1","0","0","0.6363636363636364","0.7647058823529411","0.7","0.55"
"36","0.8","0.6","1","67","7","33","0","3","4","0","24","9","0","0","0","0","0.7272727272727273","0.42857142857142855","0.675","0.825"
"37","0.8","0.8","0","57","19","20","1","14","4","1","13","6","1","1","0","0","0.65","0.7368421052631579","0.7","0.5"
"40","0.8","1","1","1","16","20","4","11","5","0","15","4","1","4","0","0","0.75","0.6875","0.75","0.5"
"38","0.8","0.8","1","38","17","22","1","13","3","1","14","7","1","1","0","0","0.6363636363636364","0.7647058823529411","0.7","0.55"
"39","0.8","1","0","35","17","22","1","13","3","1","14","7","1","1","0","0","0.6363636363636364","0.7647058823529411","0.7","0.55"
"37","0.8","0.8","0","58","19","20","1","14","4","1","13","6","1","1","0","0","0.65","0.7368421052631579","0.7","0.5"
"32","0.8","0.2","1","87","0","40","0","0","0","0","26","13","1","0","0","0","0.65","0","0.65","1"
"34","0.8","0.4","1","87","2","38","0","0","2","0","36","2","0","0","0","0","0.9473684210526315","0","0.9","0.95"
"36","0.8","0.6","1","68","7","33","0","3","4","0","24","9","0","0","0","0","0.7272727272727273","0.42857142857142855","0.675","0.825"
"40","0.8","1","1","2","18","21","1","14","3","1","14","6","1","1","0","0","0.6666666666666666","0.7777777777777778","0.725","0.525"
"38","0.8","0.8","1","39","17","22","1","13","3","1","14","7","1","1","0","0","0.6363636363636364","0.7647058823529411","0.7","0.55"
"39","0.8","1","0","36","17","22","1","13","3","1","14","7","1","1","0","0","0.6363636363636364","0.7647058823529411","0.7","0.55"
"30","0.6","1","1","97","7","33","0","2","5","0","27","6","0","0","0","0","0.8181818181818182","0.2857142857142857","0.725","0.825"
"37","0.8","0.8","0","59","19","20","1","14","4","1","13","6","1","1","0","0","0.65","0.7368421052631579","0.7","0.5"
"38","0.8","0.8","1","40","17","22","1","13","3","1","14","7","1","1","0","0","0.6363636363636364","0.7647058823529411","0.7","0.55"
"39","0.8","1","0","37","17","22","1","13","3","1","14","7","1","1","0","0","0.6363636363636364","0.7647058823529411","0.7","0.55"
"40","0.8","1","1","3","17","22","1","13","3","1","14","7","1","1","0","0","0.6363636363636364","0.7647058823529411","0.7","0.55"
"34","0.8","0.4","1","88","2","38","0","0","2","0","36","2","0","0","0","0","0.9473684210526315","0","0.9","0.95"
"37","0.8","0.8","0","60","19","20","1","14","4","1","13","6","1","1","0","0","0.65","0.7368421052631579","0.7","0.5"
"36","0.8","0.6","1","69","7","33","0","3","4","0","24","9","0","0","0","0","0.7272727272727273","0.42857142857142855","0.675","0.825"
"38","0.8","0.8","1","41","17","22","1","13","3","1","14","7","1","1","0","0","0.6363636363636364","0.7647058823529411","0.7","0.55"
"32","0.8","0.2","1","88","0","40","0","0","0","0","26","13","1","0","0","0","0.65","0","0.65","1"
"39","0.8","1","0","38","17","22","1","13","3","1","14","7","1","1","0","0","0.6363636363636364","0.7647058823529411","0.7","0.55"
"30","0.6","1","1","98","7","33","0","2","5","0","27","6","0","0","0","0","0.8181818181818182","0.2857142857142857","0.725","0.825"
"36","0.8","0.6","1","70","7","33","0","3","4","0","24","9","0","0","0","0","0.7272727272727273","0.42857142857142855","0.675","0.825"
"39","0.8","1","0","39","17","22","1","13","3","1","14","7","1","1","0","0","0.6363636363636364","0.7647058823529411","0.7","0.55"
"38","0.8","0.8","1","42","17","22","1","13","3","1","14","7","1","1","0","0","0.6363636363636364","0.7647058823529411","0.7","0.55"
"37","0.8","0.8","0","61","19","20","1","14","4","1","13","6","1","1","0","0","0.65","0.7368421052631579","0.7","0.5"
"34","0.8","0.4","1","89","2","38","0","0","2","0","36","2","0","0","0","0","0.9473684210526315","0","0.9","0.95"
"40","0.8","1","1","4","17","22","1","13","3","1","14","7","1","1","0","0","0.6363636363636364","0.7647058823529411","0.7","0.55"
"32","0.8","0.2","1","89","0","40","0","0","0","0","26","13","1","0","0","0","0.65","0","0.65","1"
"38","0.8","0.8","1","43","17","22","1","13","3","1","14","7","1","1","0","0","0.6363636363636364","0.7647058823529411","0.7","0.55"
"39","0.8","1","0","40","17","22","1","13","3","1","14","7","1","1","0","0","0.6363636363636364","0.7647058823529411","0.7","0.55"
"37","0.8","0.8","0","62","19","20","1","14","4","1","13","6","1","1","0","0","0.65","0.7368421052631579","0.7","0.5"
"40","0.8","1","1","5","17","22","1","13","3","1","14","7","1","1","0","0","0.6363636363636364","0.7647058823529411","0.7","0.55"
"36","0.8","0.6","1","71","7","33","0","3","4","0","24","9","0","0","0","0","0.7272727272727273","0.42857142857142855","0.675","0.825"
"38","0.8","0.8","1","44","17","22","1","13","3","1","14","7","1","1","0","0","0.6363636363636364","0.7647058823529411","0.7","0.55"
"34","0.8","0.4","1","90","2","38","0","0","2","0","36","2","0","0","0","0","0.9473684210526315","0","0.9","0.95"
"39","0.8","1","0","41","17","22","1","13","3","1","14","7","1","1","0","0","0.6363636363636364","0.7647058823529411","0.7","0.55"
"37","0.8","0.8","0","63","19","20","1","14","4","1","13","6","1","1","0","0","0.65","0.7368421052631579","0.7","0.5"
"40","0.8","1","1","6","17","22","1","13","3","1","14","7","1","1","0","0","0.6363636363636364","0.7647058823529411","0.7","0.55"
"30","0.6","1","1","99","7","33","0","2","5","0","27","6","0","0","0","0","0.8181818181818182","0.2857142857142857","0.725","0.825"
"38","0.8","0.8","1","45","17","22","1","13","3","1","14","7","1","1","0","0","0.6363636363636364","0.7647058823529411","0.7","0.55"
"36","0.8","0.6","1","72","7","33","0","3","4","0","24","9","0","0","0","0","0.7272727272727273","0.42857142857142855","0.675","0.825"
"37","0.8","0.8","0","64","19","20","1","14","4","1","13","6","1","1","0","0","0.65","0.7368421052631579","0.7","0.5"
"32","0.8","0.2","1","90","0","40","0","0","0","0","26","13","1","0","0","0","0.65","0","0.65","1"
"39","0.8","1","0","42","17","22","1","13","3","1","14","7","1","1","0","0","0.6363636363636364","0.7647058823529411","0.7","0.55"
"40","0.8","1","1","7","17","22","1","13","3","1","14","7","1","1","0","0","0.6363636363636364","0.7647058823529411","0.7","0.55"
"34","0.8","0.4","1","91","1","39","0","0","1","0","37","2","0","0","0","0","0.9487179487179487","0","0.925","0.975"
"38","0.8","0.8","1","46","17","22","1","13","3","1","14","7","1","1","0","0","0.6363636363636364","0.7647058823529411","0.7","0.55"
"37","0.8","0.8","0","65","19","20","1","14","4","1","13","6","1","1","0","0","0.65","0.7368421052631579","0.7","0.5"
"39","0.8","1","0","43","17","22","1","13","3","1","14","7","1","1","0","0","0.6363636363636364","0.7647058823529411","0.7","0.55"
"36","0.8","0.6","1","73","7","33","0","3","4","0","24","9","0","0","0","0","0.7272727272727273","0.42857142857142855","0.675","0.825"
"30","0.6","1","1","100","7","33","0","2","5","0","27","6","0","0","0","0","0.8181818181818182","0.2857142857142857","0.725","0.825"
"40","0.8","1","1","8","17","22","1","13","3","1","14","7","1","1","0","0","0.6363636363636364","0.7647058823529411","0.7","0.55"
"38","0.8","0.8","1","47","17","22","1","13","3","1","14","7","1","1","0","0","0.6363636363636364","0.7647058823529411","0.7","0.55"
"37","0.8","0.8","0","66","19","20","1","14","4","1","13","6","1","1","0","0","0.65","0.7368421052631579","0.7","0.5"
"39","0.8","1","0","44","17","22","1","13","3","1","14","7","1","1","0","0","0.6363636363636364","0.7647058823529411","0.7","0.55"
"34","0.8","0.4","1","92","1","39","0","0","1","0","37","2","0","0","0","0","0.9487179487179487","0","0.925","0.975"
"32","0.8","0.2","1","91","0","40","0","0","0","0","26","13","1","0","0","0","0.65","0","0.65","1"
"40","0.8","1","1","9","17","22","1","13","3","1","14","7","1","1","0","0","0.6363636363636364","0.7647058823529411","0.7","0.55"
"38","0.8","0.8","1","48","17","22","1","13","3","1","14","7","1","1","0","0","0.6363636363636364","0.7647058823529411","0.7","0.55"
"36","0.8","0.6","1","74","7","33","0","3","4","0","24","9","0","0","0","0","0.7272727272727273","0.42857142857142855","0.675","0.825"
"37","0.8","0.8","0","67","19","20","1","14","4","1","13","6","1","1","0","0","0.65","0.7368421052631579","0.7","0.5"
"39","0.8","1","0","45","17","22","1","13","3","1","14","7","1","1","0","0","0.6363636363636364","0.7647058823529411","0.7","0.55"
"38","0.8","0.8","1","49","17","22","1","13","3","1","14","7","1","1","0","0","0.6363636363636364","0.7647058823529411","0.7","0.55"
"40","0.8","1","1","10","17","22","1","13","3","1","14","7","1","1","0","0","0.6363636363636364","0.7647058823529411","0.7","0.55"
"34","0.8","0.4","1","93","1","39","0","0","1","0","37","2","0","0","0","0","0.9487179487179487","0","0.925","0.975"
"36","0.8","0.6","1","75","7","33","0","3","4","0","24","9","0","0","0","0","0.7272727272727273","0.42857142857142855","0.675","0.825"
"37","0.8","0.8","0","68","19","20","1","14","4","1","13","6","1","1","0","0","0.65","0.7368421052631579","0.7","0.5"
"39","0.8","1","0","46","17","22","1","13","3","1","14","7","1","1","0","0","0.6363636363636364","0.7647058823529411","0.7","0.55"
"32","0.8","0.2","1","92","0","40","0","0","0","0","26","13","1","0","0","0","0.65","0","0.65","1"
"38","0.8","0.8","1","50","17","22","1","13","3","1","14","7","1","1","0","0","0.6363636363636364","0.7647058823529411","0.7","0.55"
"40","0.8","1","1","11","17","22","1","13","3","1","14","7","1","1","0","0","0.6363636363636364","0.7647058823529411","0.7","0.55"
"34","0.8","0.4","1","94","1","39","0","0","1","0","37","2","0","0","0","0","0.9487179487179487","0","0.925","0.975"
"39","0.8","1","0","47","17","22","1","13","3","1","14","7","1","1","0","0","0.6363636363636364","0.7647058823529411","0.7","0.55"
"36","0.8","0.6","1","76","7","33","0","3","4","0","24","9","0","0","0","0","0.7272727272727273","0.42857142857142855","0.675","0.825"
"37","0.8","0.8","0","69","19","20","1","14","4","1","13","6","1","1","0","0","0.65","0.7368421052631579","0.7","0.5"
"40","0.8","1","1","12","17","22","1","13","3","1","14","7","1","1","0","0","0.6363636363636364","0.7647058823529411","0.7","0.55"
"39","0.8","1","0","48","17","22","1","13","3","1","14","7","1","1","0","0","0.6363636363636364","0.7647058823529411","0.7","0.55"
"34","0.8","0.4","1","95","1","39","0","0","1","0","37","2","0","0","0","0","0.9487179487179487","0","0.925","0.975"
"32","0.8","0.2","1","93","0","40","0","0","0","0","26","13","1","0","0","0","0.65","0","0.65","1"
"37","0.8","0.8","0","70","19","20","1","14","4","1","13","6","1","1","0","0","0.65","0.7368421052631579","0.7","0.5"
"36","0.8","0.6","1","77","7","33","0","3","4","0","24","9","0","0","0","0","0.7272727272727273","0.42857142857142855","0.675","0.825"
"40","0.8","1","1","13","17","22","1","13","3","1","14","7","1","1","0","0","0.6363636363636364","0.7647058823529411","0.7","0.55"
"39","0.8","1","0","49","17","22","1","13","3","1","14","7","1","1","0","0","0.6363636363636364","0.7647058823529411","0.7","0.55"
"37","0.8","0.8","0","71","20","19","1","14","5","1","12","6","1","1","0","0","0.631578947368421","0.7","0.675","0.475"
"34","0.8","0.4","1","96","1","39","0","0","1","0","37","2","0","0","0","0","0.9487179487179487","0","0.925","0.975"
"36","0.8","0.6","1","78","7","33","0","3","4","0","24","9","0","0","0","0","0.7272727272727273","0.42857142857142855","0.675","0.825"
"32","0.8","0.2","1","94","0","40","0","0","0","0","26","13","1","0","0","0","0.65","0","0.65","1"
"37","0.8","0.8","0","72","20","19","1","14","5","1","12","6","1","1","0","0","0.631578947368421","0.7","0.675","0.475"
"40","0.8","1","1","14","17","22","1","13","3","1","14","7","1","1","0","0","0.6363636363636364","0.7647058823529411","0.7","0.55"
"39","0.8","1","0","50","17","22","1","13","3","1","14","7","1","1","0","0","0.6363636363636364","0.7647058823529411","0.7","0.55"
"41","1","0.2","0","0","0","0","0","0","0","0","0","0","0","0","0","0","0","0","0","0"
"36","0.8","0.6","1","79","7","33","0","3","4","0","24","9","0","0","0","0","0.7272727272727273","0.42857142857142855","0.675","0.825"
"40","0.8","1","1","15","17","22","1","13","3","1","14","7","1","1","0","0","0.6363636363636364","0.7647058823529411","0.7","0.55"
"39","0.8","1","0","51","17","22","1","13","3","1","14","7","1","1","0","0","0.6363636363636364","0.7647058823529411","0.7","0.55"
"34","0.8","0.4","1","97","1","39","0","0","1","0","37","2","0","0","0","0","0.9487179487179487","0","0.925","0.975"
"32","0.8","0.2","1","95","0","40","0","0","0","0","26","13","1","0","0","0","0.65","0","0.65","1"
"40","0.8","1","1","16","17","22","1","13","3","1","14","7","1","1","0","0","0.6363636363636364","0.7647058823529411","0.7","0.55"
"39","0.8","1","0","52","17","22","1","13","3","1","14","7","1","1","0","0","0.6363636363636364","0.7647058823529411","0.7","0.55"
"36","0.8","0.6","1","80","7","33","0","3","4","0","24","9","0","0","0","0","0.7272727272727273","0.42857142857142855","0.675","0.825"
"37","0.8","0.8","0","73","20","19","1","14","5","1","12","6","1","1","0","0","0.631578947368421","0.7","0.675","0.475"
"34","0.8","0.4","1","98","1","39","0","0","1","0","37","2","0","0","0","0","0.9487179487179487","0","0.925","0.975"
"41","1","0.2","0","1","16","20","4","11","5","0","15","4","1","4","0","0","0.75","0.6875","0.75","0.5"
"40","0.8","1","1","17","17","22","1","13","3","1","14","7","1","1","0","0","0.6363636363636364","0.7647058823529411","0.7","0.55"
"39","0.8","1","0","53","17","22","1","13","3","1","14","7","1","1","0","0","0.6363636363636364","0.7647058823529411","0.7","0.55"
"37","0.8","0.8","0","74","20","19","1","14","5","1","12","6","1","1","0","0","0.631578947368421","0.7","0.675","0.475"
"36","0.8","0.6","1","81","7","33","0","3","4","0","24","9","0","0","0","0","0.7272727272727273","0.42857142857142855","0.675","0.825"
"32","0.8","0.2","1","96","0","40","0","0","0","0","26","13","1","0","0","0","0.65","0","0.65","1"
"34","0.8","0.4","1","99","1","39","0","0","1","0","37","2","0","0","0","0","0.9487179487179487","0","0.925","0.975"
"40","0.8","1","1","18","17","22","1","13","3","1","14","7","1","1","0","0","0.6363636363636364","0.7647058823529411","0.7","0.55"
"39","0.8","1","0","54","17","22","1","13","3","1","14","7","1","1","0","0","0.6363636363636364","0.7647058823529411","0.7","0.55"
"37","0.8","0.8","0","75","20","19","1","14","5","1","12","6","1","1","0","0","0.631578947368421","0.7","0.675","0.475"
"36","0.8","0.6","1","82","7","33","0","3","4","0","24","9","0","0","0","0","0.7272727272727273","0.42857142857142855","0.675","0.825"
"40","0.8","1","1","19","17","22","1","13","3","1","14","7","1","1","0","0","0.6363636363636364","0.7647058823529411","0.7","0.55"
"41","1","0.2","0","2","18","21","1","14","3","1","14","6","1","1","0","0","0.6666666666666666","0.7777777777777778","0.725","0.525"
"37","0.8","0.8","0","76","20","19","1","14","5","1","12","6","1","1","0","0","0.631578947368421","0.7","0.675","0.475"
"34","0.8","0.4","1","100","1","39","0","0","1","0","37","2","0","0","0","0","0.9487179487179487","0","0.925","0.975"
"32","0.8","0.2","1","97","0","40","0","0","0","0","26","13","1","0","0","0","0.65","0","0.65","1"
"36","0.8","0.6","1","83","7","33","0","3","4","0","24","9","0","0","0","0","0.7272727272727273","0.42857142857142855","0.675","0.825"
"40","0.8","1","1","20","17","22","1","13","3","1","14","7","1","1","0","0","0.6363636363636364","0.7647058823529411","0.7","0.55"
"37","0.8","0.8","0","77","20","19","1","14","5","1","12","6","1","1","0","0","0.631578947368421","0.7","0.675","0.475"
"39","0.8","1","0","55","17","22","1","13","3","1","14","7","1","1","0","0","0.6363636363636364","0.7647058823529411","0.7","0.55"
"36","0.8","0.6","1","84","7","33","0","3","4","0","24","9","0","0","0","0","0.7272727272727273","0.42857142857142855","0.675","0.825"
"40","0.8","1","1","21","17","22","1","13","3","1","14","7","1","1","0","0","0.6363636363636364","0.7647058823529411","0.7","0.55"
"32","0.8","0.2","1","98","0","40","0","0","0","0","26","13","1","0","0","0","0.65","0","0.65","1"
"37","0.8","0.8","0","78","20","19","1","14","5","1","12","6","1","1","0","0","0.631578947368421","0.7","0.675","0.475"
"41","1","0.2","0","3","17","22","1","13","3","1","14","7","1","1","0","0","0.6363636363636364","0.7647058823529411","0.7","0.55"
"39","0.8","1","0","56","17","22","1","13","3","1","14","7","1","1","0","0","0.6363636363636364","0.7647058823529411","0.7","0.55"
"40","0.8","1","1","22","17","22","1","13","3","1","14","7","1","1","0","0","0.6363636363636364","0.7647058823529411","0.7","0.55"
"36","0.8","0.6","1","85","7","33","0","3","4","0","24","9","0","0","0","0","0.7272727272727273","0.42857142857142855","0.675","0.825"
"37","0.8","0.8","0","79","20","19","1","14","5","1","12","6","1","1","0","0","0.631578947368421","0.7","0.675","0.475"
"39","0.8","1","0","57","17","22","1","13","3","1","14","7","1","1","0","0","0.6363636363636364","0.7647058823529411","0.7","0.55"
"32","0.8","0.2","1","99","0","40","0","0","0","0","26","13","1","0","0","0","0.65","0","0.65","1"
"40","0.8","1","1","23","17","22","1","13","3","1","14","7","1","1","0","0","0.6363636363636364","0.7647058823529411","0.7","0.55"
"41","1","0.2","0","4","17","22","1","13","3","1","14","7","1","1","0","0","0.6363636363636364","0.7647058823529411","0.7","0.55"
"36","0.8","0.6","1","86","7","33","0","3","4","0","24","9","0","0","0","0","0.7272727272727273","0.42857142857142855","0.675","0.825"
"42","1","0.2","1","0","0","0","0","0","0","0","0","0","0","0","0","0","0","0","0","0"
"37","0.8","0.8","0","80","20","19","1","14","5","1","12","6","1","1","0","0","0.631578947368421","0.7","0.675","0.475"
"39","0.8","1","0","58","17","22","1","13","3","1","14","7","1","1","0","0","0.6363636363636364","0.7647058823529411","0.7","0.55"
"40","0.8","1","1","24","17","22","1","13","3","1","14","7","1","1","0","0","0.6363636363636364","0.7647058823529411","0.7","0.55"
"36","0.8","0.6","1","87","7","33","0","3","4","0","24","9","0","0","0","0","0.7272727272727273","0.42857142857142855","0.675","0.825"
"39","0.8","1","0","59","17","22","1","13","3","1","14","7","1","1","0","0","0.6363636363636364","0.7647058823529411","0.7","0.55"
"32","0.8","0.2","1","100","0","40","0","0","0","0","26","13","1","0","0","0","0.65","0","0.65","1"
"42","1","0.2","1","1","16","20","4","11","5","0","15","4","1","4","0","0","0.75","0.6875","0.75","0.5"
"37","0.8","0.8","0","81","19","20","1","12","6","1","12","8","0","1","0","0","0.6","0.631578947368421","0.625","0.5"
"40","0.8","1","1","25","17","22","1","13","3","1","14","7","1","1","0","0","0.6363636363636364","0.7647058823529411","0.7","0.55"
"41","1","0.2","0","5","17","22","1","13","3","1","14","7","1","1","0","0","0.6363636363636364","0.7647058823529411","0.7","0.55"
"39","0.8","1","0","60","17","22","1","13","3","1","14","7","1","1","0","0","0.6363636363636364","0.7647058823529411","0.7","0.55"
"36","0.8","0.6","1","88","7","33","0","3","4","0","24","9","0","0","0","0","0.7272727272727273","0.42857142857142855","0.675","0.825"
"42","1","0.2","1","2","18","21","1","14","3","1","14","6","1","1","0","0","0.6666666666666666","0.7777777777777778","0.725","0.525"
"37","0.8","0.8","0","82","17","22","1","12","4","1","15","7","0","1","0","0","0.6818181818181818","0.7058823529411765","0.7","0.55"
"40","0.8","1","1","26","17","22","1","13","3","1","14","7","1","1","0","0","0.6363636363636364","0.7647058823529411","0.7","0.55"
"39","0.8","1","0","61","19","20","1","14","4","1","13","6","1","1","0","0","0.65","0.7368421052631579","0.7","0.5"
"36","0.8","0.6","1","89","7","33","0","3","4","0","24","9","0","0","0","0","0.7272727272727273","0.42857142857142855","0.675","0.825"
"41","1","0.2","0","6","17","22","1","13","3","1","14","7","1","1","0","0","0.6363636363636364","0.7647058823529411","0.7","0.55"
"40","0.8","1","1","27","17","22","1","13","3","1","14","7","1","1","0","0","0.6363636363636364","0.7647058823529411","0.7","0.55"
"37","0.8","0.8","0","83","16","23","1","11","5","0","15","8","0","1","0","0","0.6521739130434783","0.6875","0.675","0.575"
"39","0.8","1","0","62","19","20","1","14","4","1","13","6","1","1","0","0","0.65","0.7368421052631579","0.7","0.5"
"42","1","0.2","1","3","17","22","1","13","3","1","14","7","1","1","0","0","0.6363636363636364","0.7647058823529411","0.7","0.55"
"36","0.8","0.6","1","90","7","33","0","3","4","0","24","9","0","0","0","0","0.7272727272727273","0.42857142857142855","0.675","0.825"
"39","0.8","1","0","63","19","20","1","14","4","1","13","6","1","1","0","0","0.65","0.7368421052631579","0.7","0.5"
"37","0.8","0.8","0","84","13","26","1","9","4","0","18","8","0","1","0","0","0.6923076923076923","0.6923076923076923","0.7","0.65"
"42","1","0.2","1","4","17","22","1","13","3","1","14","7","1","1","0","0","0.6363636363636364","0.7647058823529411","0.7","0.55"
"41","1","0.2","0","7","17","22","1","13","3","1","14","7","1","1","0","0","0.6363636363636364","0.7647058823529411","0.7","0.55"
"40","0.8","1","1","28","17","22","1","13","3","1","14","7","1","1","0","0","0.6363636363636364","0.7647058823529411","0.7","0.55"
"39","0.8","1","0","64","19","20","1","14","4","1","13","6","1","1","0","0","0.65","0.7368421052631579","0.7","0.5"
"36","0.8","0.6","1","91","6","34","0","3","3","0","24","10","0","0","0","0","0.7058823529411765","0.5","0.675","0.85"
"42","1","0.2","1","5","17","22","1","13","3","1","14","7","1","1","0","0","0.6363636363636364","0.7647058823529411","0.7","0.55"
"43","1","0.4","0","0","0","0","0","0","0","0","0","0","0","0","0","0","0","0","0","0"
"37","0.8","0.8","0","85","11","28","1","9","2","0","19","9","0","1","0","0","0.6785714285714286","0.8181818181818182","0.725","0.7"
"40","0.8","1","1","29","17","22","1","13","3","1","14","7","1","1","0","0","0.6363636363636364","0.7647058823529411","0.7","0.55"
"39","0.8","1","0","65","19","20","1","14","4","1","13","6","1","1","0","0","0.65","0.7368421052631579","0.7","0.5"
"42","1","0.2","1","6","17","22","1","13","3","1","14","7","1","1","0","0","0.6363636363636364","0.7647058823529411","0.7","0.55"
"37","0.8","0.8","0","86","11","28","1","9","2","0","19","9","0","1","0","0","0.6785714285714286","0.8181818181818182","0.725","0.7"
"36","0.8","0.6","1","92","5","35","0","3","2","0","24","11","0","0","0","0","0.6857142857142857","0.6","0.675","0.875"
"41","1","0.2","0","8","17","22","1","13","3","1","14","7","1","1","0","0","0.6363636363636364","0.7647058823529411","0.7","0.55"
"40","0.8","1","1","30","17","22","1","13","3","1","14","7","1","1","0","0","0.6363636363636364","0.7647058823529411","0.7","0.55"
"37","0.8","0.8","0","87","11","28","1","9","2","0","19","9","0","1","0","0","0.6785714285714286","0.8181818181818182","0.725","0.7"
"39","0.8","1","0","66","19","20","1","14","4","1","13","6","1","1","0","0","0.65","0.7368421052631579","0.7","0.5"
"43","1","0.4","0","1","16","20","4","11","5","0","15","4","1","4","0","0","0.75","0.6875","0.75","0.5"
"42","1","0.2","1","7","17","22","1","13","3","1","14","7","1","1","0","0","0.6363636363636364","0.7647058823529411","0.7","0.55"
"36","0.8","0.6","1","93","3","37","0","0","3","0","27","10","0","0","0","0","0.7297297297297297","0","0.675","0.925"
"39","0.8","1","0","67","19","20","1","14","4","1","13","6","1","1","0","0","0.65","0.7368421052631579","0.7","0.5"
"40","0.8","1","1","31","17","22","1","13","3","1","14","7","1","1","0","0","0.6363636363636364","0.7647058823529411","0.7","0.55"
"43","1","0.4","0","2","18","21","1","14","3","1","14","6","1","1","0","0","0.6666666666666666","0.7777777777777778","0.725","0.525"
"37","0.8","0.8","0","88","11","28","1","9","2","0","19","9","0","1","0","0","0.6785714285714286","0.8181818181818182","0.725","0.7"
"42","1","0.2","1","8","17","22","1","13","3","1","14","7","1","1","0","0","0.6363636363636364","0.7647058823529411","0.7","0.55"
"41","1","0.2","0","9","17","22","1","13","3","1","14","7","1","1","0","0","0.6363636363636364","0.7647058823529411","0.7","0.55"
"39","0.8","1","0","68","19","20","1","14","4","1","13","6","1","1","0","0","0.65","0.7368421052631579","0.7","0.5"
"36","0.8","0.6","1","94","2","38","0","0","2","0","29","9","0","0","0","0","0.7631578947368421","0","0.725","0.95"
"40","0.8","1","1","32","17","22","1","13","3","1","14","7","1","1","0","0","0.6363636363636364","0.7647058823529411","0.7","0.55"
"43","1","0.4","0","3","17","22","1","13","3","1","14","7","1","1","0","0","0.6363636363636364","0.7647058823529411","0.7","0.55"
"37","0.8","0.8","0","89","11","28","1","9","2","0","19","9","0","1","0","0","0.6785714285714286","0.8181818181818182","0.725","0.7"
"42","1","0.2","1","9","17","22","1","13","3","1","14","7","1","1","0","0","0.6363636363636364","0.7647058823529411","0.7","0.55"
"39","0.8","1","0","69","19","20","1","14","4","1","13","6","1","1","0","0","0.65","0.7368421052631579","0.7","0.5"
"40","0.8","1","1","33","17","22","1","13","3","1","14","7","1","1","0","0","0.6363636363636364","0.7647058823529411","0.7","0.55"
"41","1","0.2","0","10","17","22","1","13","3","1","14","7","1","1","0","0","0.6363636363636364","0.7647058823529411","0.7","0.55"
"43","1","0.4","0","4","17","22","1","13","3","1","14","7","1","1","0","0","0.6363636363636364","0.7647058823529411","0.7","0.55"
"36","0.8","0.6","1","95","2","38","0","0","2","0","29","9","0","0","0","0","0.7631578947368421","0","0.725","0.95"
"42","1","0.2","1","10","17","22","1","13","3","1","14","7","1","1","0","0","0.6363636363636364","0.7647058823529411","0.7","0.55"
"40","0.8","1","1","34","17","22","1","13","3","1","14","7","1","1","0","0","0.6363636363636364","0.7647058823529411","0.7","0.55"
"39","0.8","1","0","70","19","20","1","14","4","1","13","6","1","1","0","0","0.65","0.7368421052631579","0.7","0.5"
"43","1","0.4","0","5","17","22","1","13","3","1","14","7","1","1","0","0","0.6363636363636364","0.7647058823529411","0.7","0.55"
"37","0.8","0.8","0","90","11","28","1","9","2","0","19","9","0","1","0","0","0.6785714285714286","0.8181818181818182","0.725","0.7"
"42","1","0.2","1","11","20","19","1","14","5","1","12","6","1","1","0","0","0.631578947368421","0.7","0.675","0.475"
"36","0.8","0.6","1","96","2","38","0","0","2","0","29","9","0","0","0","0","0.7631578947368421","0","0.725","0.95"
"41","1","0.2","0","11","20","19","1","14","5","1","12","6","1","1","0","0","0.631578947368421","0.7","0.675","0.475"
"40","0.8","1","1","35","17","22","1","13","3","1","14","7","1","1","0","0","0.6363636363636364","0.7647058823529411","0.7","0.55"
"39","0.8","1","0","71","19","20","1","14","4","1","13","6","1","1","0","0","0.65","0.7368421052631579","0.7","0.5"
"43","1","0.4","0","6","17","22","1","13","3","1","14","7","1","1","0","0","0.6363636363636364","0.7647058823529411","0.7","0.55"
"42","1","0.2","1","12","20","19","1","14","5","1","12","6","1","1","0","0","0.631578947368421","0.7","0.675","0.475"
"37","0.8","0.8","0","91","11","28","1","9","2","0","19","9","0","1","0","0","0.6785714285714286","0.8181818181818182","0.725","0.7"
"36","0.8","0.6","1","97","2","38","0","0","2","0","29","9","0","0","0","0","0.7631578947368421","0","0.725","0.95"
"43","1","0.4","0","7","17","22","1","13","3","1","14","7","1","1","0","0","0.6363636363636364","0.7647058823529411","0.7","0.55"
"40","0.8","1","1","36","17","22","1","13","3","1","14","7","1","1","0","0","0.6363636363636364","0.7647058823529411","0.7","0.55"
"39","0.8","1","0","72","19","20","1","14","4","1","13","6","1","1","0","0","0.65","0.7368421052631579","0.7","0.5"
"42","1","0.2","1","13","20","19","1","14","5","1","12","6","1","1","0","0","0.631578947368421","0.7","0.675","0.475"
"41","1","0.2","0","12","20","19","1","14","5","1","12","6","1","1","0","0","0.631578947368421","0.7","0.675","0.475"
"37","0.8","0.8","0","92","11","28","1","9","2","0","19","9","0","1","0","0","0.6785714285714286","0.8181818181818182","0.725","0.7"
"36","0.8","0.6","1","98","2","38","0","0","2","0","29","9","0","0","0","0","0.7631578947368421","0","0.725","0.95"
"40","0.8","1","1","37","17","22","1","13","3","1","14","7","1","1","0","0","0.6363636363636364","0.7647058823529411","0.7","0.55"
"43","1","0.4","0","8","17","22","1","13","3","1","14","7","1","1","0","0","0.6363636363636364","0.7647058823529411","0.7","0.55"
"39","0.8","1","0","73","19","20","1","14","4","1","13","6","1","1","0","0","0.65","0.7368421052631579","0.7","0.5"
"42","1","0.2","1","14","20","19","1","14","5","1","12","6","1","1","0","0","0.631578947368421","0.7","0.675","0.475"
"37","0.8","0.8","0","93","11","28","1","9","2","0","19","9","0","1","0","0","0.6785714285714286","0.8181818181818182","0.725","0.7"
"36","0.8","0.6","1","99","2","38","0","0","2","0","29","9","0","0","0","0","0.7631578947368421","0","0.725","0.95"
"41","1","0.2","0","13","20","19","1","14","5","1","12","6","1","1","0","0","0.631578947368421","0.7","0.675","0.475"
"39","0.8","1","0","74","19","20","1","14","4","1","13","6","1","1","0","0","0.65","0.7368421052631579","0.7","0.5"
"43","1","0.4","0","9","17","22","1","13","3","1","14","7","1","1","0","0","0.6363636363636364","0.7647058823529411","0.7","0.55"
"40","0.8","1","1","38","17","22","1","13","3","1","14","7","1","1","0","0","0.6363636363636364","0.7647058823529411","0.7","0.55"
"42","1","0.2","1","15","20","19","1","14","5","1","12","6","1","1","0","0","0.631578947368421","0.7","0.675","0.475"
"36","0.8","0.6","1","100","2","38","0","0","2","0","29","9","0","0","0","0","0.7631578947368421","0","0.725","0.95"
"37","0.8","0.8","0","94","11","28","1","9","2","0","19","9","0","1","0","0","0.6785714285714286","0.8181818181818182","0.725","0.7"
"42","1","0.2","1","16","20","19","1","14","5","1","12","6","1","1","0","0","0.631578947368421","0.7","0.675","0.475"
"39","0.8","1","0","75","19","20","1","14","4","1","13","6","1","1","0","0","0.65","0.7368421052631579","0.7","0.5"
"41","1","0.2","0","14","20","19","1","14","5","1","12","6","1","1","0","0","0.631578947368421","0.7","0.675","0.475"
"40","0.8","1","1","39","17","22","1","13","3","1","14","7","1","1","0","0","0.6363636363636364","0.7647058823529411","0.7","0.55"
"43","1","0.4","0","10","17","22","1","13","3","1","14","7","1","1","0","0","0.6363636363636364","0.7647058823529411","0.7","0.55"
"42","1","0.2","1","17","20","19","1","14","5","1","12","6","1","1","0","0","0.631578947368421","0.7","0.675","0.475"
"37","0.8","0.8","0","95","11","28","1","9","2","0","19","9","0","1","0","0","0.6785714285714286","0.8181818181818182","0.725","0.7"
"39","0.8","1","0","76","19","20","1","14","4","1","13","6","1","1","0","0","0.65","0.7368421052631579","0.7","0.5"
"43","1","0.4","0","11","17","22","1","13","3","1","14","7","1","1","0","0","0.6363636363636364","0.7647058823529411","0.7","0.55"
"40","0.8","1","1","40","17","22","1","13","3","1","14","7","1","1","0","0","0.6363636363636364","0.7647058823529411","0.7","0.55"
"42","1","0.2","1","18","20","19","1","14","5","1","12","6","1","1","0","0","0.631578947368421","0.7","0.675","0.475"
"41","1","0.2","0","15","20","19","1","14","5","1","12","6","1","1","0","0","0.631578947368421","0.7","0.675","0.475"
"37","0.8","0.8","0","96","11","28","1","9","2","0","19","9","0","1","0","0","0.6785714285714286","0.8181818181818182","0.725","0.7"
"40","0.8","1","1","41","17","22","1","13","3","1","14","7","1","1","0","0","0.6363636363636364","0.7647058823529411","0.7","0.55"
"39","0.8","1","0","77","19","20","1","14","4","1","13","6","1","1","0","0","0.65","0.7368421052631579","0.7","0.5"
"43","1","0.4","0","12","17","22","1","13","3","1","14","7","1","1","0","0","0.6363636363636364","0.7647058823529411","0.7","0.55"
"42","1","0.2","1","19","20","19","1","14","5","1","12","6","1","1","0","0","0.631578947368421","0.7","0.675","0.475"
"39","0.8","1","0","78","19","20","1","14","4","1","13","6","1","1","0","0","0.65","0.7368421052631579","0.7","0.5"
"43","1","0.4","0","13","17","22","1","13","3","1","14","7","1","1","0","0","0.6363636363636364","0.7647058823529411","0.7","0.55"
"37","0.8","0.8","0","97","11","28","1","9","2","0","19","9","0","1","0","0","0.6785714285714286","0.8181818181818182","0.725","0.7"
"44","1","0.4","1","0","0","0","0","0","0","0","0","0","0","0","0","0","0","0","0","0"
"40","0.8","1","1","42","17","22","1","13","3","1","14","7","1","1","0","0","0.6363636363636364","0.7647058823529411","0.7","0.55"
"42","1","0.2","1","20","20","19","1","14","5","1","12","6","1","1","0","0","0.631578947368421","0.7","0.675","0.475"
"41","1","0.2","0","16","20","19","1","14","5","1","12","6","1","1","0","0","0.631578947368421","0.7","0.675","0.475"
"39","0.8","1","0","79","19","20","1","14","4","1","13","6","1","1","0","0","0.65","0.7368421052631579","0.7","0.5"
"43","1","0.4","0","14","17","22","1","13","3","1","14","7","1","1","0","0","0.6363636363636364","0.7647058823529411","0.7","0.55"
"40","0.8","1","1","43","17","22","1","13","3","1","14","7","1","1","0","0","0.6363636363636364","0.7647058823529411","0.7","0.55"
"37","0.8","0.8","0","98","11","28","1","9","2","0","19","9","0","1","0","0","0.6785714285714286","0.8181818181818182","0.725","0.7"
"44","1","0.4","1","1","16","20","4","11","5","0","15","4","1","4","0","0","0.75","0.6875","0.75","0.5"
"39","0.8","1","0","80","19","20","1","14","4","1","13","6","1","1","0","0","0.65","0.7368421052631579","0.7","0.5"
"43","1","0.4","0","15","17","22","1","13","3","1","14","7","1","1","0","0","0.6363636363636364","0.7647058823529411","0.7","0.55"
"40","0.8","1","1","44","17","22","1","13","3","1","14","7","1","1","0","0","0.6363636363636364","0.7647058823529411","0.7","0.55"
"42","1","0.2","1","21","25","14","1","14","7","4","9","5","0","1","0","0","0.6428571428571429","0.56","0.6","0.35"
"41","1","0.2","0","17","20","19","1","14","5","1","12","6","1","1","0","0","0.631578947368421","0.7","0.675","0.475"
"43","1","0.4","0","16","17","22","1","13","3","1","14","7","1","1","0","0","0.6363636363636364","0.7647058823529411","0.7","0.55"
"39","0.8","1","0","81","19","20","1","14","4","1","13","6","1","1","0","0","0.65","0.7368421052631579","0.7","0.5"
"37","0.8","0.8","0","99","11","28","1","9","2","0","19","9","0","1","0","0","0.6785714285714286","0.8181818181818182","0.725","0.7"
"44","1","0.4","1","2","18","21","1","14","3","1","14","6","1","1","0","0","0.6666666666666666","0.7777777777777778","0.725","0.525"
"40","0.8","1","1","45","17","22","1","13","3","1","14","7","1","1","0","0","0.6363636363636364","0.7647058823529411","0.7","0.55"
"42","1","0.2","1","22","29","11","0","17","10","2","7","4","0","0","0","0","0.6363636363636364","0.5862068965517241","0.6","0.275"
"43","1","0.4","0","17","17","22","1","13","3","1","14","7","1","1","0","0","0.6363636363636364","0.7647058823529411","0.7","0.55"
"37","0.8","0.8","0","100","11","28","1","9","2","0","19","9","0","1","0","0","0.6785714285714286","0.8181818181818182","0.725","0.7"
"39","0.8","1","0","82","19","20","1","14","4","1","13","6","1","1","0","0","0.65","0.7368421052631579","0.7","0.5"
"44","1","0.4","1","3","17","22","1","13","3","1","14","7","1","1","0","0","0.6363636363636364","0.7647058823529411","0.7","0.55"
"41","1","0.2","0","18","20","19","1","14","5","1","12","6","1","1","0","0","0.631578947368421","0.7","0.675","0.475"
"40","0.8","1","1","46","17","22","1","13","3","1","14","7","1","1","0","0","0.6363636363636364","0.7647058823529411","0.7","0.55"
"39","0.8","1","0","83","19","20","1","14","4","1","13","6","1","1","0","0","0.65","0.7368421052631579","0.7","0.5"
"43","1","0.4","0","18","17","22","1","13","3","1","14","7","1","1","0","0","0.6363636363636364","0.7647058823529411","0.7","0.55"
"44","1","0.4","1","4","17","22","1","13","3","1","14","7","1","1","0","0","0.6363636363636364","0.7647058823529411","0.7","0.55"
"42","1","0.2","1","23","30","10","0","18","10","2","6","4","0","0","0","0","0.6","0.6","0.6","0.25"
"40","0.8","1","1","47","17","22","1","13","3","1","14","7","1","1","0","0","0.6363636363636364","0.7647058823529411","0.7","0.55"
"39","0.8","1","0","84","19","20","1","14","4","1","13","6","1","1","0","0","0.65","0.7368421052631579","0.7","0.5"
"44","1","0.4","1","5","17","22","1","13","3","1","14","7","1","1","0","0","0.6363636363636364","0.7647058823529411","0.7","0.55"
"41","1","0.2","0","19","20","19","1","14","5","1","12","6","1","1","0","0","0.631578947368421","0.7","0.675","0.475"
"38","0.8","0.8","1","51","12","28","0","3","8","1","22","6","0","0","0","0","0.7857142857142857","0.25","0.625","0.7"
"40","0.8","1","1","48","17","22","1","13","3","1","14","7","1","1","0","0","0.6363636363636364","0.7647058823529411","0.7","0.55"
"43","1","0.4","0","19","17","22","1","13","3","1","14","7","1","1","0","0","0.6363636363636364","0.7647058823529411","0.7","0.55"
"42","1","0.2","1","24","30","10","0","18","10","2","5","5","0","0","0","0","0.5","0.6","0.575","0.25"
"39","0.8","1","0","85","19","20","1","14","4","1","13","6","1","1","0","0","0.65","0.7368421052631579","0.7","0.5"
"43","1","0.4","0","20","17","22","1","13","3","1","14","7","1","1","0","0","0.6363636363636364","0.7647058823529411","0.7","0.55"
"40","0.8","1","1","49","17","22","1","13","3","1","14","7","1","1","0","0","0.6363636363636364","0.7647058823529411","0.7","0.55"
"44","1","0.4","1","6","17","22","1","13","3","1","14","7","1","1","0","0","0.6363636363636364","0.7647058823529411","0.7","0.55"
"39","0.8","1","0","86","19","20","1","14","4","1","13","6","1","1","0","0","0.65","0.7368421052631579","0.7","0.5"
"38","0.8","0.8","1","52","10","30","0","3","6","1","23","7","0","0","0","0","0.7666666666666667","0.3","0.65","0.75"
"42","1","0.2","1","25","31","9","0","19","10","2","5","4","0","0","0","0","0.5555555555555556","0.6129032258064516","0.6","0.225"
"41","1","0.2","0","20","20","19","1","14","5","1","12","6","1","1","0","0","0.631578947368421","0.7","0.675","0.475"
"43","1","0.4","0","21","19","20","1","14","4","1","13","6","1","1","0","0","0.65","0.7368421052631579","0.7","0.5"
"40","0.8","1","1","50","17","22","1","13","3","1","14","7","1","1","0","0","0.6363636363636364","0.7647058823529411","0.7","0.55"
"39","0.8","1","0","87","19","20","1","14","4","1","13","6","1","1","0","0","0.65","0.7368421052631579","0.7","0.5"
"45","1","0.6","0","0","0","0","0","0","0","0","0","0","0","0","0","0","0","0","0","0"
"42","1","0.2","1","26","32","8","0","19","10","3","5","3","0","0","0","0","0.625","0.59375","0.6","0.2"
"38","0.8","0.8","1","53","10","30","0","3","6","1","23","6","1","0","0","0","0.7666666666666667","0.3","0.65","0.75"
"43","1","0.4","0","22","19","20","1","14","4","1","13","6","1","1","0","0","0.65","0.7368421052631579","0.7","0.5"
"39","0.8","1","0","88","19","20","1","14","4","1","13","6","1","1","0","0","0.65","0.7368421052631579","0.7","0.5"
"44","1","0.4","1","7","17","22","1","13","3","1","14","7","1","1","0","0","0.6363636363636364","0.7647058823529411","0.7","0.55"
"45","1","0.6","0","1","16","20","4","11","5","0","15","4","1","4","0","0","0.75","0.6875","0.75","0.5"
"42","1","0.2","1","27","32","8","0","19","10","3","5","3","0","0","0","0","0.625","0.59375","0.6","0.2"
"39","0.8","1","0","89","19","20","1","14","4","1","13","6","1","1","0","0","0.65","0.7368421052631579","0.7","0.5"
"41","1","0.2","0","21","25","14","1","14","7","4","9","5","0","1","0","0","0.6428571428571429","0.56","0.6","0.35"
"43","1","0.4","0","23","19","20","1","14","4","1","13","6","1","1","0","0","0.65","0.7368421052631579","0.7","0.5"
"38","0.8","0.8","1","54","10","30","0","3","6","1","24","6","0","0","0","0","0.8","0.3","0.675","0.75"
"44","1","0.4","1","8","17","22","1","13","3","1","14","7","1","1","0","0","0.6363636363636364","0.7647058823529411","0.7","0.55"
"45","1","0.6","0","2","18","21","1","14","3","1","14","6","1","1","0","0","0.6666666666666666","0.7777777777777778","0.725","0.525"
"42","1","0.2","1","28","32","8","0","19","10","3","5","3","0","0","0","0","0.625","0.59375","0.6","0.2"
"39","0.8","1","0","90","19","20","1","14","4","1","13","6","1","1","0","0","0.65","0.7368421052631579","0.7","0.5"
"43","1","0.4","0","24","19","20","1","14","4","1","13","6","1","1","0","0","0.65","0.7368421052631579","0.7","0.5"
"45","1","0.6","0","3","17","22","1","13","3","1","14","7","1","1","0","0","0.6363636363636364","0.7647058823529411","0.7","0.55"
"44","1","0.4","1","9","17","22","1","13","3","1","14","7","1","1","0","0","0.6363636363636364","0.7647058823529411","0.7","0.55"
"38","0.8","0.8","1","55","10","30","0","3","6","1","24","6","0","0","0","0","0.8","0.3","0.675","0.75"
"39","0.8","1","0","91","20","19","1","14","5","1","12","6","1","1","0","0","0.631578947368421","0.7","0.675","0.475"
"42","1","0.2","1","29","32","8","0","19","10","3","5","3","0","0","0","0","0.625","0.59375","0.6","0.2"
"43","1","0.4","0","25","19","20","1","14","4","1","13","6","1","1","0","0","0.65","0.7368421052631579","0.7","0.5"
"44","1","0.4","1","10","17","22","1","13","3","1","14","7","1","1","0","0","0.6363636363636364","0.7647058823529411","0.7","0.55"
"42","1","0.2","1","30","32","8","0","19","10","3","5","3","0","0","0","0","0.625","0.59375","0.6","0.2"
"39","0.8","1","0","92","20","19","1","14","5","1","12","6","1","1","0","0","0.631578947368421","0.7","0.675","0.475"
"38","0.8","0.8","1","56","10","30","0","3","6","1","24","6","0","0","0","0","0.8","0.3","0.675","0.75"
"45","1","0.6","0","4","17","22","1","13","3","1","14","7","1","1","0","0","0.6363636363636364","0.7647058823529411","0.7","0.55"
"41","1","0.2","0","22","29","11","0","17","10","2","7","4","0","0","0","0","0.6363636363636364","0.5862068965517241","0.6","0.275"
"43","1","0.4","0","26","19","20","1","14","4","1","13","6","1","1","0","0","0.65","0.7368421052631579","0.7","0.5"
"44","1","0.4","1","11","17","22","1","13","3","1","14","7","1","1","0","0","0.6363636363636364","0.7647058823529411","0.7","0.55"
"45","1","0.6","0","5","17","22","1","13","3","1","14","7","1","1","0","0","0.6363636363636364","0.7647058823529411","0.7","0.55"
"42","1","0.2","1","31","37","3","0","22","12","3","0","3","0","0","0","0","0","0.5945945945945946","0.55","0.075"
"39","0.8","1","0","93","20","19","1","14","5","1","12","6","1","1","0","0","0.631578947368421","0.7","0.675","0.475"
"38","0.8","0.8","1","57","10","30","0","3","6","1","24","6","0","0","0","0","0.8","0.3","0.675","0.75"
"44","1","0.4","1","12","17","22","1","13","3","1","14","7","1","1","0","0","0.6363636363636364","0.7647058823529411","0.7","0.55"
"43","1","0.4","0","27","19","20","1","14","4","1","13","6","1","1","0","0","0.65","0.7368421052631579","0.7","0.5"
"39","0.8","1","0","94","20","19","1","14","5","1","12","6","1","1","0","0","0.631578947368421","0.7","0.675","0.475"
"45","1","0.6","0","6","17","22","1","13","3","1","14","7","1","1","0","0","0.6363636363636364","0.7647058823529411","0.7","0.55"
"44","1","0.4","1","13","17","22","1","13","3","1","14","7","1","1","0","0","0.6363636363636364","0.7647058823529411","0.7","0.55"
"42","1","0.2","1","32","38","2","0","23","12","3","0","2","0","0","0","0","0","0.6052631578947368","0.575","0.05"
"41","1","0.2","0","23","30","10","0","18","10","2","6","4","0","0","0","0","0.6","0.6","0.6","0.25"
"38","0.8","0.8","1","58","10","30","0","3","6","1","24","6","0","0","0","0","0.8","0.3","0.675","0.75"
"43","1","0.4","0","28","19","20","1","14","4","1","13","6","1","1","0","0","0.65","0.7368421052631579","0.7","0.5"
"39","0.8","1","0","95","20","19","1","14","5","1","12","6","1","1","0","0","0.631578947368421","0.7","0.675","0.475"
"44","1","0.4","1","14","17","22","1","13","3","1","14","7","1","1","0","0","0.6363636363636364","0.7647058823529411","0.7","0.55"
"42","1","0.2","1","33","38","2","0","23","12","3","0","2","0","0","0","0","0","0.6052631578947368","0.575","0.05"
"45","1","0.6","0","7","17","22","1","13","3","1","14","7","1","1","0","0","0.6363636363636364","0.7647058823529411","0.7","0.55"
"43","1","0.4","0","29","19","20","1","14","4","1","13","6","1","1","0","0","0.65","0.7368421052631579","0.7","0.5"
"39","0.8","1","0","96","20","19","1","14","5","1","12","6","1","1","0","0","0.631578947368421","0.7","0.675","0.475"
"38","0.8","0.8","1","59","10","30","0","3","6","1","24","6","0","0","0","0","0.8","0.3","0.675","0.75"
"44","1","0.4","1","15","17","22","1","13","3","1","14","7","1","1","0","0","0.6363636363636364","0.7647058823529411","0.7","0.55"
"45","1","0.6","0","8","17","22","1","13","3","1","14","7","1","1","0","0","0.6363636363636364","0.7647058823529411","0.7","0.55"
"41","1","0.2","0","24","30","10","0","18","10","2","5","5","0","0","0","0","0.5","0.6","0.575","0.25"
"42","1","0.2","1","34","38","2","0","23","12","3","0","2","0","0","0","0","0","0.6052631578947368","0.575","0.05"
"43","1","0.4","0","30","19","20","1","14","4","1","13","6","1","1","0","0","0.65","0.7368421052631579","0.7","0.5"
"39","0.8","1","0","97","20","19","1","14","5","1","12","6","1","1","0","0","0.631578947368421","0.7","0.675","0.475"
"44","1","0.4","1","16","17","22","1","13","3","1","14","7","1","1","0","0","0.6363636363636364","0.7647058823529411","0.7","0.55"
"38","0.8","0.8","1","60","10","30","0","3","6","1","24","6","0","0","0","0","0.8","0.3","0.675","0.75"
"43","1","0.4","0","31","20","19","1","14","5","1","12","6","1","1","0","0","0.631578947368421","0.7","0.675","0.475"
"45","1","0.6","0","9","17","22","1","13","3","1","14","7","1","1","0","0","0.6363636363636364","0.7647058823529411","0.7","0.55"
"42","1","0.2","1","35","38","2","0","23","12","3","0","2","0","0","0","0","0","0.6052631578947368","0.575","0.05"
"39","0.8","1","0","98","20","19","1","14","5","1","12","6","1","1","0","0","0.631578947368421","0.7","0.675","0.475"
"41","1","0.2","0","25","31","9","0","19","10","2","5","4","0","0","0","0","0.5555555555555556","0.6129032258064516","0.6","0.225"
"43","1","0.4","0","32","20","19","1","14","5","1","12","6","1","1","0","0","0.631578947368421","0.7","0.675","0.475"
"38","0.8","0.8","1","61","10","30","0","3","6","1","24","6","0","0","0","0","0.8","0.3","0.675","0.75"
"45","1","0.6","0","10","17","22","1","13","3","1","14","7","1","1","0","0","0.6363636363636364","0.7647058823529411","0.7","0.55"
"44","1","0.4","1","17","17","22","1","13","3","1","14","7","1","1","0","0","0.6363636363636364","0.7647058823529411","0.7","0.55"
"42","1","0.2","1","36","38","2","0","23","12","3","0","2","0","0","0","0","0","0.6052631578947368","0.575","0.05"
"39","0.8","1","0","99","20","19","1","14","5","1","12","6","1","1","0","0","0.631578947368421","0.7","0.675","0.475"
"43","1","0.4","0","33","20","19","1","14","5","1","12","6","1","1","0","0","0.631578947368421","0.7","0.675","0.475"
"45","1","0.6","0","11","17","22","1","13","3","1","14","7","1","1","0","0","0.6363636363636364","0.7647058823529411","0.7","0.55"
"38","0.8","0.8","1","62","9","31","0","3","6","0","25","6","0","0","0","0","0.8064516129032258","0.3333333333333333","0.7","0.775"
"44","1","0.4","1","18","17","22","1","13","3","1","14","7","1","1","0","0","0.6363636363636364","0.7647058823529411","0.7","0.55"
"39","0.8","1","0","100","20","19","1","14","5","1","12","6","1","1","0","0","0.631578947368421","0.7","0.675","0.475"
"42","1","0.2","1","37","38","2","0","23","12","3","0","2","0","0","0","0","0","0.6052631578947368","0.575","0.05"
"43","1","0.4","0","34","20","19","1","14","5","1","12","6","1","1","0","0","0.631578947368421","0.7","0.675","0.475"
"41","1","0.2","0","26","32","8","0","19","10","3","5","3","0","0","0","0","0.625","0.59375","0.6","0.2"
"44","1","0.4","1","19","17","22","1","13","3","1","14","7","1","1","0","0","0.6363636363636364","0.7647058823529411","0.7","0.55"
"45","1","0.6","0","12","17","22","1","13","3","1","14","7","1","1","0","0","0.6363636363636364","0.7647058823529411","0.7","0.55"
"38","0.8","0.8","1","63","8","32","0","2","6","0","26","6","0","0","0","0","0.8125","0.25","0.7","0.8"
"43","1","0.4","0","35","20","19","1","14","5","1","12","6","1","1","0","0","0.631578947368421","0.7","0.675","0.475"
"42","1","0.2","1","38","38","2","0","23","12","3","0","2","0","0","0","0","0","0.6052631578947368","0.575","0.05"
"45","1","0.6","0","13","17","22","1","13","3","1","14","7","1","1","0","0","0.6363636363636364","0.7647058823529411","0.7","0.55"
"44","1","0.4","1","20","17","22","1","13","3","1","14","7","1","1","0","0","0.6363636363636364","0.7647058823529411","0.7","0.55"
"38","0.8","0.8","1","64","7","33","0","2","5","0","27","6","0","0","0","0","0.8181818181818182","0.2857142857142857","0.725","0.825"
"43","1","0.4","0","36","20","19","1","14","5","1","12","6","1","1","0","0","0.631578947368421","0.7","0.675","0.475"
"41","1","0.2","0","27","32","8","0","19","10","3","5","3","0","0","0","0","0.625","0.59375","0.6","0.2"
"42","1","0.2","1","39","38","2","0","23","12","3","0","2","0","0","0","0","0","0.6052631578947368","0.575","0.05"
"44","1","0.4","1","21","19","20","1","14","4","1","13","6","1","1","0","0","0.65","0.7368421052631579","0.7","0.5"
"45","1","0.6","0","14","17","22","1","13","3","1","14","7","1","1","0","0","0.6363636363636364","0.7647058823529411","0.7","0.55"
"38","0.8","0.8","1","65","7","33","0","2","5","0","27","6","0","0","0","0","0.8181818181818182","0.2857142857142857","0.725","0.825"
"43","1","0.4","0","37","20","19","1","14","5","1","12","6","1","1","0","0","0.631578947368421","0.7","0.675","0.475"
"42","1","0.2","1","40","38","2","0","23","12","3","0","2","0","0","0","0","0","0.6052631578947368","0.575","0.05"
"45","1","0.6","0","15","17","22","1","13","3","1","14","7","1","1","0","0","0.6363636363636364","0.7647058823529411","0.7","0.55"
"44","1","0.4","1","22","19","20","1","14","4","1","13","6","1","1","0","0","0.65","0.7368421052631579","0.7","0.5"
"41","1","0.2","0","28","32","8","0","19","10","3","5","3","0","0","0","0","0.625","0.59375","0.6","0.2"
"43","1","0.4","0","38","20","19","1","14","5","1","12","6","1","1","0","0","0.631578947368421","0.7","0.675","0.475"
"42","1","0.2","1","41","40","0","0","24","13","3","0","0","0","0","0","0","0","0.6","0.6","0"
"46","1","0.6","1","0","0","0","0","0","0","0","0","0","0","0","0","0","0","0","0","0"
"45","1","0.6","0","16","17","22","1","13","3","1","14","7","1","1","0","0","0.6363636363636364","0.7647058823529411","0.7","0.55"
"44","1","0.4","1","23","19","20","1","14","4","1","13","6","1","1","0","0","0.65","0.7368421052631579","0.7","0.5"
"38","0.8","0.8","1","66","7","33","0","2","5","0","27","6","0","0","0","0","0.8181818181818182","0.2857142857142857","0.725","0.825"
"43","1","0.4","0","39","20","19","1","14","5","1","12","6","1","1","0","0","0.631578947368421","0.7","0.675","0.475"
"45","1","0.6","0","17","17","22","1","13","3","1","14","7","1","1","0","0","0.6363636363636364","0.7647058823529411","0.7","0.55"
"42","1","0.2","1","42","40","0","0","24","13","3","0","0","0","0","0","0","0","0.6","0.6","0"
"44","1","0.4","1","24","19","20","1","14","4","1","13","6","1","1","0","0","0.65","0.7368421052631579","0.7","0.5"
"38","0.8","0.8","1","67","7","33","0","2","5","0","27","6","0","0","0","0","0.8181818181818182","0.2857142857142857","0.725","0.825"
"41","1","0.2","0","29","32","8","0","19","10","3","5","3","0","0","0","0","0.625","0.59375","0.6","0.2"
"46","1","0.6","1","1","16","20","4","11","5","0","15","4","1","4","0","0","0.75","0.6875","0.75","0.5"
"45","1","0.6","0","18","17","22","1","13","3","1","14","7","1","1","0","0","0.6363636363636364","0.7647058823529411","0.7","0.55"
"44","1","0.4","1","25","19","20","1","14","4","1","13","6","1","1","0","0","0.65","0.7368421052631579","0.7","0.5"
"42","1","0.2","1","43","40","0","0","24","13","3","0","0","0","0","0","0","0","0.6","0.6","0"
"46","1","0.6","1","2","18","21","1","14","3","1","14","6","1","1","0","0","0.6666666666666666","0.7777777777777778","0.725","0.525"
"38","0.8","0.8","1","68","7","33","0","2","5","0","27","6","0","0","0","0","0.8181818181818182","0.2857142857142857","0.725","0.825"
"43","1","0.4","0","40","20","19","1","14","5","1","12","6","1","1","0","0","0.631578947368421","0.7","0.675","0.475"
"44","1","0.4","1","26","19","20","1","14","4","1","13","6","1","1","0","0","0.65","0.7368421052631579","0.7","0.5"
"45","1","0.6","0","19","17","22","1","13","3","1","14","7","1","1","0","0","0.6363636363636364","0.7647058823529411","0.7","0.55"
"42","1","0.2","1","44","40","0","0","24","13","3","0","0","0","0","0","0","0","0.6","0.6","0"
"46","1","0.6","1","3","17","22","1","13","3","1","14","7","1","1","0","0","0.6363636363636364","0.7647058823529411","0.7","0.55"
"43","1","0.4","0","41","19","20","1","12","6","1","12","8","0","1","0","0","0.6","0.631578947368421","0.625","0.5"
"44","1","0.4","1","27","19","20","1","14","4","1","13","6","1","1","0","0","0.65","0.7368421052631579","0.7","0.5"
"45","1","0.6","0","20","17","22","1","13","3","1","14","7","1","1","0","0","0.6363636363636364","0.7647058823529411","0.7","0.55"
"38","0.8","0.8","1","69","7","33","0","2","5","0","27","6","0","0","0","0","0.8181818181818182","0.2857142857142857","0.725","0.825"
"41","1","0.2","0","30","32","8","0","19","10","3","5","3","0","0","0","0","0.625","0.59375","0.6","0.2"
"42","1","0.2","1","45","40","0","0","24","13","3","0","0","0","0","0","0","0","0.6","0.6","0"
"44","1","0.4","1","28","19","20","1","14","4","1","13","6","1","1","0","0","0.65","0.7368421052631579","0.7","0.5"
"46","1","0.6","1","4","17","22","1","13","3","1","14","7","1","1","0","0","0.6363636363636364","0.7647058823529411","0.7","0.55"
"43","1","0.4","0","42","17","22","1","12","4","1","15","7","0","1","0","0","0.6818181818181818","0.7058823529411765","0.7","0.55"
"38","0.8","0.8","1","70","7","33","0","2","5","0","27","6","0","0","0","0","0.8181818181818182","0.2857142857142857","0.725","0.825"
"45","1","0.6","0","21","17","22","1","13","3","1","14","7","1","1","0","0","0.6363636363636364","0.7647058823529411","0.7","0.55"
"46","1","0.6","1","5","17","22","1","13","3","1","14","7","1","1","0","0","0.6363636363636364","0.7647058823529411","0.7","0.55"
"42","1","0.2","1","46","40","0","0","24","13","3","0","0","0","0","0","0","0","0.6","0.6","0"
"44","1","0.4","1","29","19","20","1","14","4","1","13","6","1","1","0","0","0.65","0.7368421052631579","0.7","0.5"
"41","1","0.2","0","31","37","3","0","22","12","3","0","3","0","0","0","0","0","0.5945945945945946","0.55","0.075"
"43","1","0.4","0","43","16","23","1","11","5","0","15","8","0","1","0","0","0.6521739130434783","0.6875","0.675","0.575"
"45","1","0.6","0","22","17","22","1","13","3","1","14","7","1","1","0","0","0.6363636363636364","0.7647058823529411","0.7","0.55"
"46","1","0.6","1","6","17","22","1","13","3","1","14","7","1","1","0","0","0.6363636363636364","0.7647058823529411","0.7","0.55"
"38","0.8","0.8","1","71","7","33","0","2","5","0","27","6","0","0","0","0","0.8181818181818182","0.2857142857142857","0.725","0.825"
"44","1","0.4","1","30","19","20","1","14","4","1","13","6","1","1","0","0","0.65","0.7368421052631579","0.7","0.5"
"42","1","0.2","1","47","40","0","0","24","13","3","0","0","0","0","0","0","0","0.6","0.6","0"
"43","1","0.4","0","44","14","25","1","9","5","0","17","8","0","1","0","0","0.68","0.6428571428571429","0.675","0.625"
"45","1","0.6","0","23","17","22","1","13","3","1","14","7","1","1","0","0","0.6363636363636364","0.7647058823529411","0.7","0.55"
"44","1","0.4","1","31","20","19","1","14","5","1","12","6","1","1","0","0","0.631578947368421","0.7","0.675","0.475"
"46","1","0.6","1","7","17","22","1","13","3","1","14","7","1","1","0","0","0.6363636363636364","0.7647058823529411","0.7","0.55"
"38","0.8","0.8","1","72","7","33","0","2","5","0","27","6","0","0","0","0","0.8181818181818182","0.2857142857142857","0.725","0.825"
"41","1","0.2","0","32","38","2","0","23","12","3","0","2","0","0","0","0","0","0.6052631578947368","0.575","0.05"
"42","1","0.2","1","48","40","0","0","24","13","3","0","0","0","0","0","0","0","0.6","0.6","0"
"44","1","0.4","1","32","20","19","1","14","5","1","12","6","1","1","0","0","0.631578947368421","0.7","0.675","0.475"
"43","1","0.4","0","45","11","28","1","9","2","0","19","9","0","1","0","0","0.6785714285714286","0.8181818181818182","0.725","0.7"
"45","1","0.6","0","24","17","22","1","13","3","1","14","7","1","1","0","0","0.6363636363636364","0.7647058823529411","0.7","0.55"
"46","1","0.6","1","8","17","22","1","13","3","1","14","7","1","1","0","0","0.6363636363636364","0.7647058823529411","0.7","0.55"
"38","0.8","0.8","1","73","7","33","0","2","5","0","27","6","0","0","0","0","0.8181818181818182","0.2857142857142857","0.725","0.825"
"44","1","0.4","1","33","20","19","1","14","5","1","12","6","1","1","0","0","0.631578947368421","0.7","0.675","0.475"
"45","1","0.6","0","25","17","22","1","13","3","1","14","7","1","1","0","0","0.6363636363636364","0.7647058823529411","0.7","0.55"
"42","1","0.2","1","49","40","0","0","24","13","3","0","0","0","0","0","0","0","0.6","0.6","0"
"46","1","0.6","1","9","17","22","1","13","3","1","14","7","1","1","0","0","0.6363636363636364","0.7647058823529411","0.7","0.55"
"43","1","0.4","0","46","11","28","1","9","2","0","19","9","0","1","0","0","0.6785714285714286","0.8181818181818182","0.725","0.7"
"41","1","0.2","0","33","38","2","0","23","12","3","0","2","0","0","0","0","0","0.6052631578947368","0.575","0.05"
"44","1","0.4","1","34","20","19","1","14","5","1","12","6","1","1","0","0","0.631578947368421","0.7","0.675","0.475"
"38","0.8","0.8","1","74","7","33","0","2","5","0","27","6","0","0","0","0","0.8181818181818182","0.2857142857142857","0.725","0.825"
"45","1","0.6","0","26","17","22","1","13","3","1","14","7","1","1","0","0","0.6363636363636364","0.7647058823529411","0.7","0.55"
"46","1","0.6","1","10","17","22","1","13","3","1","14","7","1","1","0","0","0.6363636363636364","0.7647058823529411","0.7","0.55"
"42","1","0.2","1","50","40","0","0","24","13","3","0","0","0","0","0","0","0","0.6","0.6","0"
"43","1","0.4","0","47","12","27","1","9","3","0","18","9","0","1","0","0","0.6666666666666666","0.75","0.7","0.675"
"44","1","0.4","1","35","20","19","1","14","5","1","12","6","1","1","0","0","0.631578947368421","0.7","0.675","0.475"
"46","1","0.6","1","11","17","22","1","13","3","1","14","7","1","1","0","0","0.6363636363636364","0.7647058823529411","0.7","0.55"
"45","1","0.6","0","27","17","22","1","13","3","1","14","7","1","1","0","0","0.6363636363636364","0.7647058823529411","0.7","0.55"
"38","0.8","0.8","1","75","7","33","0","2","5","0","27","6","0","0","0","0","0.8181818181818182","0.2857142857142857","0.725","0.825"
"43","1","0.4","0","48","11","28","1","9","2","0","19","9","0","1","0","0","0.6785714285714286","0.8181818181818182","0.725","0.7"
"44","1","0.4","1","36","20","19","1","14","5","1","12","6","1","1","0","0","0.631578947368421","0.7","0.675","0.475"
"46","1","0.6","1","12","17","22","1","13","3","1","14","7","1","1","0","0","0.6363636363636364","0.7647058823529411","0.7","0.55"
"45","1","0.6","0","28","17","22","1","13","3","1","14","7","1","1","0","0","0.6363636363636364","0.7647058823529411","0.7","0.55"
"43","1","0.4","0","49","11","28","1","9","2","0","19","9","0","1","0","0","0.6785714285714286","0.8181818181818182","0.725","0.7"
"44","1","0.4","1","37","20","19","1","14","5","1","12","6","1","1","0","0","0.631578947368421","0.7","0.675","0.475"
"38","0.8","0.8","1","76","7","33","0","2","5","0","27","6","0","0","0","0","0.8181818181818182","0.2857142857142857","0.725","0.825"
"46","1","0.6","1","13","17","22","1","13","3","1","14","7","1","1","0","0","0.6363636363636364","0.7647058823529411","0.7","0.55"
"41","1","0.2","0","34","38","2","0","23","12","3","0","2","0","0","0","0","0","0.6052631578947368","0.575","0.05"
"45","1","0.6","0","29","17","22","1","13","3","1","14","7","1","1","0","0","0.6363636363636364","0.7647058823529411","0.7","0.55"
"43","1","0.4","0","50","11","28","1","9","2","0","19","9","0","1","0","0","0.6785714285714286","0.8181818181818182","0.725","0.7"
"44","1","0.4","1","38","20","19","1","14","5","1","12","6","1","1","0","0","0.631578947368421","0.7","0.675","0.475"
"38","0.8","0.8","1","77","7","33","0","2","5","0","27","6","0","0","0","0","0.8181818181818182","0.2857142857142857","0.725","0.825"
"45","1","0.6","0","30","17","22","1","13","3","1","14","7","1","1","0","0","0.6363636363636364","0.7647058823529411","0.7","0.55"
"41","1","0.2","0","35","38","2","0","23","12","3","0","2","0","0","0","0","0","0.6052631578947368","0.575","0.05"
"44","1","0.4","1","39","20","19","1","14","5","1","12","6","1","1","0","0","0.631578947368421","0.7","0.675","0.475"
"43","1","0.4","0","51","5","34","1","4","1","0","24","10","0","1","0","0","0.7058823529411765","0.8","0.725","0.85"
"46","1","0.6","1","14","17","22","1","13","3","1","14","7","1","1","0","0","0.6363636363636364","0.7647058823529411","0.7","0.55"
"38","0.8","0.8","1","78","7","33","0","2","5","0","27","6","0","0","0","0","0.8181818181818182","0.2857142857142857","0.725","0.825"
"45","1","0.6","0","31","17","22","1","13","3","1","14","7","1","1","0","0","0.6363636363636364","0.7647058823529411","0.7","0.55"
"44","1","0.4","1","40","20","19","1","14","5","1","12","6","1","1","0","0","0.631578947368421","0.7","0.675","0.475"
"46","1","0.6","1","15","17","22","1","13","3","1","14","7","1","1","0","0","0.6363636363636364","0.7647058823529411","0.7","0.55"
"43","1","0.4","0","52","5","35","0","3","2","0","24","11","0","0","0","0","0.6857142857142857","0.6","0.675","0.875"
"41","1","0.2","0","36","38","2","0","23","12","3","0","2","0","0","0","0","0","0.6052631578947368","0.575","0.05"
"38","0.8","0.8","1","79","7","33","0","2","5","0","27","6","0","0","0","0","0.8181818181818182","0.2857142857142857","0.725","0.825"
"45","1","0.6","0","32","17","22","1","13","3","1","14","7","1","1","0","0","0.6363636363636364","0.7647058823529411","0.7","0.55"
"46","1","0.6","1","16","17","22","1","13","3","1","14","7","1","1","0","0","0.6363636363636364","0.7647058823529411","0.7","0.55"
"43","1","0.4","0","53","4","36","0","3","1","0","26","10","0","0","0","0","0.7222222222222222","0.75","0.725","0.9"
"45","1","0.6","0","33","17","22","1","13","3","1","14","7","1","1","0","0","0.6363636363636364","0.7647058823529411","0.7","0.55"
"38","0.8","0.8","1","80","7","33","0","2","5","0","27","6","0","0","0","0","0.8181818181818182","0.2857142857142857","0.725","0.825"
"46","1","0.6","1","17","17","22","1","13","3","1","14","7","1","1","0","0","0.6363636363636364","0.7647058823529411","0.7","0.55"
"41","1","0.2","0","37","38","2","0","23","12","3","0","2","0","0","0","0","0","0.6052631578947368","0.575","0.05"
"45","1","0.6","0","34","17","22","1","13","3","1","14","7","1","1","0","0","0.6363636363636364","0.7647058823529411","0.7","0.55"
"43","1","0.4","0","54","4","36","0","3","1","0","26","10","0","0","0","0","0.7222222222222222","0.75","0.725","0.9"
"38","0.8","0.8","1","81","7","33","0","2","5","0","27","6","0","0","0","0","0.8181818181818182","0.2857142857142857","0.725","0.825"
"44","1","0.4","1","41","19","20","1","12","6","1","12","8","0","1","0","0","0.6","0.631578947368421","0.625","0.5"
"46","1","0.6","1","18","17","22","1","13","3","1","14","7","1","1","0","0","0.6363636363636364","0.7647058823529411","0.7","0.55"
"40","0.8","1","1","51","12","28","0","3","8","1","22","6","0","0","0","0","0.7857142857142857","0.25","0.625","0.7"
"45","1","0.6","0","35","17","22","1","13","3","1","14","7","1","1","0","0","0.6363636363636364","0.7647058823529411","0.7","0.55"
"43","1","0.4","0","55","4","36","0","3","1","0","26","10","0","0","0","0","0.7222222222222222","0.75","0.725","0.9"
"41","1","0.2","0","38","38","2","0","23","12","3","0","2","0","0","0","0","0","0.6052631578947368","0.575","0.05"
"46","1","0.6","1","19","17","22","1","13","3","1","14","7","1","1","0","0","0.6363636363636364","0.7647058823529411","0.7","0.55"
"38","0.8","0.8","1","82","7","33","0","2","5","0","27","6","0","0","0","0","0.8181818181818182","0.2857142857142857","0.725","0.825"
"44","1","0.4","1","42","17","22","1","12","4","1","15","7","0","1","0","0","0.6818181818181818","0.7058823529411765","0.7","0.55"
"40","0.8","1","1","52","10","30","0","3","6","1","23","7","0","0","0","0","0.7666666666666667","0.3","0.65","0.75"
"45","1","0.6","0","36","17","22","1","13","3","1","14","7","1","1","0","0","0.6363636363636364","0.7647058823529411","0.7","0.55"
"46","1","0.6","1","20","17","22","1","13","3","1","14","7","1","1","0","0","0.6363636363636364","0.7647058823529411","0.7","0.55"
"43","1","0.4","0","56","4","36","0","3","1","0","26","10","0","0","0","0","0.7222222222222222","0.75","0.725","0.9"
"38","0.8","0.8","1","83","7","33","0","2","5","0","27","6","0","0","0","0","0.8181818181818182","0.2857142857142857","0.725","0.825"
"44","1","0.4","1","43","16","23","1","11","5","0","15","8","0","1","0","0","0.6521739130434783","0.6875","0.675","0.575"
"41","1","0.2","0","39","38","2","0","23","12","3","0","2","0","0","0","0","0","0.6052631578947368","0.575","0.05"
"46","1","0.6","1","21","17","22","1","13","3","1","14","7","1","1","0","0","0.6363636363636364","0.7647058823529411","0.7","0.55"
"45","1","0.6","0","37","17","22","1","13","3","1","14","7","1","1","0","0","0.6363636363636364","0.7647058823529411","0.7","0.55"
"43","1","0.4","0","57","4","36","0","3","1","0","26","10","0","0","0","0","0.7222222222222222","0.75","0.725","0.9"
"40","0.8","1","1","53","10","30","0","3","6","1","23","6","1","0","0","0","0.7666666666666667","0.3","0.65","0.75"
"44","1","0.4","1","44","14","25","1","9","5","0","17","8","0","1","0","0","0.68","0.6428571428571429","0.675","0.625"
"46","1","0.6","1","22","17","22","1","13","3","1","14","7","1","1","0","0","0.6363636363636364","0.7647058823529411","0.7","0.55"
"38","0.8","0.8","1","84","7","33","0","2","5","0","27","6","0","0","0","0","0.8181818181818182","0.2857142857142857","0.725","0.825"
"45","1","0.6","0","38","17","22","1","13","3","1","14","7","1","1","0","0","0.6363636363636364","0.7647058823529411","0.7","0.55"
"43","1","0.4","0","58","4","36","0","3","1","0","26","10","0","0","0","0","0.7222222222222222","0.75","0.725","0.9"
"40","0.8","1","1","54","10","30","0","3","6","1","24","6","0","0","0","0","0.8","0.3","0.675","0.75"
"41","1","0.2","0","40","38","2","0","23","12","3","0","2","0","0","0","0","0","0.6052631578947368","0.575","0.05"
"44","1","0.4","1","45","11","28","1","9","2","0","19","9","0","1","0","0","0.6785714285714286","0.8181818181818182","0.725","0.7"
"45","1","0.6","0","39","17","22","1","13","3","1","14","7","1","1","0","0","0.6363636363636364","0.7647058823529411","0.7","0.55"
"46","1","0.6","1","23","17","22","1","13","3","1","14","7","1","1","0","0","0.6363636363636364","0.7647058823529411","0.7","0.55"
"38","0.8","0.8","1","85","7","33","0","2","5","0","27","6","0","0","0","0","0.8181818181818182","0.2857142857142857","0.725","0.825"
"43","1","0.4","0","59","4","36","0","3","1","0","26","10","0","0","0","0","0.7222222222222222","0.75","0.725","0.9"
"40","0.8","1","1","55","10","30","0","3","6","1","24","6","0","0","0","0","0.8","0.3","0.675","0.75"
"45","1","0.6","0","40","17","22","1","13","3","1","14","7","1","1","0","0","0.6363636363636364","0.7647058823529411","0.7","0.55"
"46","1","0.6","1","24","17","22","1","13","3","1","14","7","1","1","0","0","0.6363636363636364","0.7647058823529411","0.7","0.55"
"44","1","0.4","1","46","11","28","1","9","2","0","19","9","0","1","0","0","0.6785714285714286","0.8181818181818182","0.725","0.7"
"38","0.8","0.8","1","86","7","33","0","2","5","0","27","6","0","0","0","0","0.8181818181818182","0.2857142857142857","0.725","0.825"
"43","1","0.4","0","60","4","36","0","3","1","0","26","10","0","0","0","0","0.7222222222222222","0.75","0.725","0.9"
"41","1","0.2","0","41","40","0","0","24","13","3","0","0","0","0","0","0","0","0.6","0.6","0"
"46","1","0.6","1","25","17","22","1","13","3","1","14","7","1","1","0","0","0.6363636363636364","0.7647058823529411","0.7","0.55"
"45","1","0.6","0","41","19","20","1","14","4","1","13","6","1","1","0","0","0.65","0.7368421052631579","0.7","0.5"
"44","1","0.4","1","47","12","27","1","9","3","0","18","9","0","1","0","0","0.6666666666666666","0.75","0.7","0.675"
"40","0.8","1","1","56","10","30","0","3","6","1","24","6","0","0","0","0","0.8","0.3","0.675","0.75"
"38","0.8","0.8","1","87","7","33","0","2","5","0","27","6","0","0","0","0","0.8181818181818182","0.2857142857142857","0.725","0.825"
"43","1","0.4","0","61","1","39","0","1","0","0","28","11","0","0","0","0","0.717948717948718","1","0.725","0.975"
"46","1","0.6","1","26","17","22","1","13","3","1","14","7","1","1","0","0","0.6363636363636364","0.7647058823529411","0.7","0.55"
"38","0.8","0.8","1","88","7","33","0","2","5","0","27","6","0","0","0","0","0.8181818181818182","0.2857142857142857","0.725","0.825"
"44","1","0.4","1","48","11","28","1","9","2","0","19","9","0","1","0","0","0.6785714285714286","0.8181818181818182","0.725","0.7"
"41","1","0.2","0","42","40","0","0","24","13","3","0","0","0","0","0","0","0","0.6","0.6","0"
"40","0.8","1","1","57","10","30","0","3","6","1","24","6","0","0","0","0","0.8","0.3","0.675","0.75"
"45","1","0.6","0","42","19","20","1","14","4","1","13","6","1","1","0","0","0.65","0.7368421052631579","0.7","0.5"
"46","1","0.6","1","27","17","22","1","13","3","1","14","7","1","1","0","0","0.6363636363636364","0.7647058823529411","0.7","0.55"
"43","1","0.4","0","62","1","39","0","1","0","0","28","11","0","0","0","0","0.717948717948718","1","0.725","0.975"
"44","1","0.4","1","49","11","28","1","9","2","0","19","9","0","1","0","0","0.6785714285714286","0.8181818181818182","0.725","0.7"
"46","1","0.6","1","28","17","22","1","13","3","1","14","7","1","1","0","0","0.6363636363636364","0.7647058823529411","0.7","0.55"
"38","0.8","0.8","1","89","7","33","0","2","5","0","27","6","0","0","0","0","0.8181818181818182","0.2857142857142857","0.725","0.825"
"45","1","0.6","0","43","19","20","1","14","4","1","13","6","1","1","0","0","0.65","0.7368421052631579","0.7","0.5"
"43","1","0.4","0","63","1","39","0","1","0","0","28","11","0","0","0","0","0.717948717948718","1","0.725","0.975"
"40","0.8","1","1","58","10","30","0","3","6","1","24","6","0","0","0","0","0.8","0.3","0.675","0.75"
"41","1","0.2","0","43","40","0","0","24","13","3","0","0","0","0","0","0","0","0.6","0.6","0"
"46","1","0.6","1","29","17","22","1","13","3","1","14","7","1","1","0","0","0.6363636363636364","0.7647058823529411","0.7","0.55"
"45","1","0.6","0","44","19","20","1","14","4","1","13","6","1","1","0","0","0.65","0.7368421052631579","0.7","0.5"
"44","1","0.4","1","50","11","28","1","9","2","0","19","9","0","1","0","0","0.6785714285714286","0.8181818181818182","0.725","0.7"
"38","0.8","0.8","1","90","7","33","0","2","5","0","27","6","0","0","0","0","0.8181818181818182","0.2857142857142857","0.725","0.825"
"43","1","0.4","0","64","1","39","0","1","0","0","28","11","0","0","0","0","0.717948717948718","1","0.725","0.975"
"40","0.8","1","1","59","10","30","0","3","6","1","24","6","0","0","0","0","0.8","0.3","0.675","0.75"
"46","1","0.6","1","30","17","22","1","13","3","1","14","7","1","1","0","0","0.6363636363636364","0.7647058823529411","0.7","0.55"
"45","1","0.6","0","45","19","20","1","14","4","1","13","6","1","1","0","0","0.65","0.7368421052631579","0.7","0.5"
"41","1","0.2","0","44","40","0","0","24","13","3","0","0","0","0","0","0","0","0.6","0.6","0"
"43","1","0.4","0","65","1","39","0","1","0","0","28","11","0","0","0","0","0.717948717948718","1","0.725","0.975"
"38","0.8","0.8","1","91","7","33","0","2","5","0","27","6","0","0","0","0","0.8181818181818182","0.2857142857142857","0.725","0.825"
"40","0.8","1","1","60","10","30","0","3","6","1","24","6","0","0","0","0","0.8","0.3","0.675","0.75"
"46","1","0.6","1","31","17","22","1","13","3","1","14","7","1","1","0","0","0.6363636363636364","0.7647058823529411","0.7","0.55"
"45","1","0.6","0","46","19","20","1","14","4","1","13","6","1","1","0","0","0.65","0.7368421052631579","0.7","0.5"
"43","1","0.4","0","66","1","39","0","1","0","0","28","11","0","0","0","0","0.717948717948718","1","0.725","0.975"
"41","1","0.2","0","45","40","0","0","24","13","3","0","0","0","0","0","0","0","0.6","0.6","0"
"38","0.8","0.8","1","92","7","33","0","2","5","0","27","6","0","0","0","0","0.8181818181818182","0.2857142857142857","0.725","0.825"
"46","1","0.6","1","32","17","22","1","13","3","1","14","7","1","1","0","0","0.6363636363636364","0.7647058823529411","0.7","0.55"
"40","0.8","1","1","61","10","30","0","3","6","1","24","6","0","0","0","0","0.8","0.3","0.675","0.75"
"45","1","0.6","0","47","19","20","1","14","4","1","13","6","1","1","0","0","0.65","0.7368421052631579","0.7","0.5"
"43","1","0.4","0","67","1","39","0","1","0","0","28","11","0","0","0","0","0.717948717948718","1","0.725","0.975"
"46","1","0.6","1","33","17","22","1","13","3","1","14","7","1","1","0","0","0.6363636363636364","0.7647058823529411","0.7","0.55"
"38","0.8","0.8","1","93","7","33","0","2","5","0","27","6","0","0","0","0","0.8181818181818182","0.2857142857142857","0.725","0.825"
"40","0.8","1","1","62","9","31","0","3","6","0","25","6","0","0","0","0","0.8064516129032258","0.3333333333333333","0.7","0.775"
"45","1","0.6","0","48","19","20","1","14","4","1","13","6","1","1","0","0","0.65","0.7368421052631579","0.7","0.5"
"41","1","0.2","0","46","40","0","0","24","13","3","0","0","0","0","0","0","0","0.6","0.6","0"
"43","1","0.4","0","68","1","39","0","1","0","0","28","11","0","0","0","0","0.717948717948718","1","0.725","0.975"
"38","0.8","0.8","1","94","7","33","0","2","5","0","27","6","0","0","0","0","0.8181818181818182","0.2857142857142857","0.725","0.825"
"45","1","0.6","0","49","19","20","1","14","4","1","13","6","1","1","0","0","0.65","0.7368421052631579","0.7","0.5"
"46","1","0.6","1","34","17","22","1","13","3","1","14","7","1","1","0","0","0.6363636363636364","0.7647058823529411","0.7","0.55"
"40","0.8","1","1","63","8","32","0","2","6","0","26","6","0","0","0","0","0.8125","0.25","0.7","0.8"
"43","1","0.4","0","69","1","39","0","1","0","0","28","11","0","0","0","0","0.717948717948718","1","0.725","0.975"
"38","0.8","0.8","1","95","7","33","0","2","5","0","27","6","0","0","0","0","0.8181818181818182","0.2857142857142857","0.725","0.825"
"41","1","0.2","0","47","40","0","0","24","13","3","0","0","0","0","0","0","0","0.6","0.6","0"
"45","1","0.6","0","50","19","20","1","14","4","1","13","6","1","1","0","0","0.65","0.7368421052631579","0.7","0.5"
"46","1","0.6","1","35","17","22","1","13","3","1","14","7","1","1","0","0","0.6363636363636364","0.7647058823529411","0.7","0.55"
"40","0.8","1","1","64","7","33","0","2","5","0","27","6","0","0","0","0","0.8181818181818182","0.2857142857142857","0.725","0.825"
"43","1","0.4","0","70","1","39","0","1","0","0","28","11","0","0","0","0","0.717948717948718","1","0.725","0.975"
"45","1","0.6","0","51","20","19","1","14","5","1","12","6","1","1","0","0","0.631578947368421","0.7","0.675","0.475"
"38","0.8","0.8","1","96","7","33","0","2","5","0","27","6","0","0","0","0","0.8181818181818182","0.2857142857142857","0.725","0.825"
"46","1","0.6","1","36","17","22","1","13","3","1","14","7","1","1","0","0","0.6363636363636364","0.7647058823529411","0.7","0.55"
"41","1","0.2","0","48","40","0","0","24","13","3","0","0","0","0","0","0","0","0.6","0.6","0"
"45","1","0.6","0","52","20","19","1","14","5","1","12","6","1","1","0","0","0.631578947368421","0.7","0.675","0.475"
"40","0.8","1","1","65","7","33","0","2","5","0","27","6","0","0","0","0","0.8181818181818182","0.2857142857142857","0.725","0.825"
"43","1","0.4","0","71","0","40","0","0","0","0","29","11","0","0","0","0","0.725","0","0.725","1"
"38","0.8","0.8","1","97","7","33","0","2","5","0","27","6","0","0","0","0","0.8181818181818182","0.2857142857142857","0.725","0.825"
"46","1","0.6","1","37","17","22","1","13","3","1","14","7","1","1","0","0","0.6363636363636364","0.7647058823529411","0.7","0.55"
"45","1","0.6","0","53","20","19","1","14","5","1","12","6","1","1","0","0","0.631578947368421","0.7","0.675","0.475"
"40","0.8","1","1","66","7","33","0","2","5","0","27","6","0","0","0","0","0.8181818181818182","0.2857142857142857","0.725","0.825"
"41","1","0.2","0","49","40","0","0","24","13","3","0","0","0","0","0","0","0","0.6","0.6","0"
"43","1","0.4","0","72","0","40","0","0","0","0","29","11","0","0","0","0","0.725","0","0.725","1"
"38","0.8","0.8","1","98","7","33","0","2","5","0","27","6","0","0","0","0","0.8181818181818182","0.2857142857142857","0.725","0.825"
"45","1","0.6","0","54","20","19","1","14","5","1","12","6","1","1","0","0","0.631578947368421","0.7","0.675","0.475"
"46","1","0.6","1","38","17","22","1","13","3","1","14","7","1","1","0","0","0.6363636363636364","0.7647058823529411","0.7","0.55"
"38","0.8","0.8","1","99","7","33","0","2","5","0","27","6","0","0","0","0","0.8181818181818182","0.2857142857142857","0.725","0.825"
"43","1","0.4","0","73","0","40","0","0","0","0","29","11","0","0","0","0","0.725","0","0.725","1"
"40","0.8","1","1","67","7","33","0","2","5","0","27","6","0","0","0","0","0.8181818181818182","0.2857142857142857","0.725","0.825"
"45","1","0.6","0","55","20","19","1","14","5","1","12","6","1","1","0","0","0.631578947368421","0.7","0.675","0.475"
"41","1","0.2","0","50","40","0","0","24","13","3","0","0","0","0","0","0","0","0.6","0.6","0"
"46","1","0.6","1","39","17","22","1","13","3","1","14","7","1","1","0","0","0.6363636363636364","0.7647058823529411","0.7","0.55"
"38","0.8","0.8","1","100","7","33","0","2","5","0","27","6","0","0","0","0","0.8181818181818182","0.2857142857142857","0.725","0.825"
"45","1","0.6","0","56","20","19","1","14","5","1","12","6","1","1","0","0","0.631578947368421","0.7","0.675","0.475"
"40","0.8","1","1","68","7","33","0","2","5","0","27","6","0","0","0","0","0.8181818181818182","0.2857142857142857","0.725","0.825"
"43","1","0.4","0","74","0","40","0","0","0","0","29","11","0","0","0","0","0.725","0","0.725","1"
"46","1","0.6","1","40","17","22","1","13","3","1","14","7","1","1","0","0","0.6363636363636364","0.7647058823529411","0.7","0.55"
"41","1","0.2","0","51","40","0","0","24","13","3","0","0","0","0","0","0","0","0.6","0.6","0"
"45","1","0.6","0","57","20","19","1","14","5","1","12","6","1","1","0","0","0.631578947368421","0.7","0.675","0.475"
"43","1","0.4","0","75","0","40","0","0","0","0","29","11","0","0","0","0","0.725","0","0.725","1"
"40","0.8","1","1","69","7","33","0","2","5","0","27","6","0","0","0","0","0.8181818181818182","0.2857142857142857","0.725","0.825"
"46","1","0.6","1","41","19","20","1","14","4","1","13","6","1","1","0","0","0.65","0.7368421052631579","0.7","0.5"
"45","1","0.6","0","58","20","19","1","14","5","1","12","6","1","1","0","0","0.631578947368421","0.7","0.675","0.475"
"43","1","0.4","0","76","0","40","0","0","0","0","29","11","0","0","0","0","0.725","0","0.725","1"
"46","1","0.6","1","42","19","20","1","14","4","1","13","6","1","1","0","0","0.65","0.7368421052631579","0.7","0.5"
"40","0.8","1","1","70","7","33","0","2","5","0","27","6","0","0","0","0","0.8181818181818182","0.2857142857142857","0.725","0.825"
"41","1","0.2","0","52","40","0","0","24","13","3","0","0","0","0","0","0","0","0.6","0.6","0"
"45","1","0.6","0","59","20","19","1","14","5","1","12","6","1","1","0","0","0.631578947368421","0.7","0.675","0.475"
"47","1","0.8","0","0","0","0","0","0","0","0","0","0","0","0","0","0","0","0","0","0"
"43","1","0.4","0","77","0","40","0","0","0","0","29","11","0","0","0","0","0.725","0","0.725","1"
"46","1","0.6","1","43","19","20","1","14","4","1","13","6","1","1","0","0","0.65","0.7368421052631579","0.7","0.5"
"40","0.8","1","1","71","7","33","0","2","5","0","27","6","0","0","0","0","0.8181818181818182","0.2857142857142857","0.725","0.825"
"41","1","0.2","0","53","40","0","0","24","13","3","0","0","0","0","0","0","0","0.6","0.6","0"
"43","1","0.4","0","78","0","40","0","0","0","0","29","11","0","0","0","0","0.725","0","0.725","1"
"42","1","0.2","1","51","21","19","0","14","7","0","6","12","1","0","0","0","0.3157894736842105","0.6666666666666666","0.5","0.475"
"46","1","0.6","1","44","19","20","1","14","4","1","13","6","1","1","0","0","0.65","0.7368421052631579","0.7","0.5"
"47","1","0.8","0","1","16","20","4","11","5","0","15","4","1","4","0","0","0.75","0.6875","0.75","0.5"
"40","0.8","1","1","72","7","33","0","2","5","0","27","6","0","0","0","0","0.8181818181818182","0.2857142857142857","0.725","0.825"
"45","1","0.6","0","60","20","19","1","14","5","1","12","6","1","1","0","0","0.631578947368421","0.7","0.675","0.475"
"46","1","0.6","1","45","19","20","1","14","4","1","13","6","1","1","0","0","0.65","0.7368421052631579","0.7","0.5"
"43","1","0.4","0","79","0","40","0","0","0","0","29","11","0","0","0","0","0.725","0","0.725","1"
"41","1","0.2","0","54","40","0","0","24","13","3","0","0","0","0","0","0","0","0.6","0.6","0"
"47","1","0.8","0","2","18","21","1","14","3","1","14","6","1","1","0","0","0.6666666666666666","0.7777777777777778","0.725","0.525"
"42","1","0.2","1","52","18","22","0","14","4","0","9","12","1","0","0","0","0.4090909090909091","0.7777777777777778","0.575","0.55"
"45","1","0.6","0","61","19","20","1","12","6","1","12","8","0","1","0","0","0.6","0.631578947368421","0.625","0.5"
"40","0.8","1","1","73","7","33","0","2","5","0","27","6","0","0","0","0","0.8181818181818182","0.2857142857142857","0.725","0.825"
"47","1","0.8","0","3","17","22","1","13","3","1","14","7","1","1","0","0","0.6363636363636364","0.7647058823529411","0.7","0.55"
"46","1","0.6","1","46","19","20","1","14","4","1","13","6","1","1","0","0","0.65","0.7368421052631579","0.7","0.5"
"43","1","0.4","0","80","0","40","0","0","0","0","29","11","0","0","0","0","0.725","0","0.725","1"
"45","1","0.6","0","62","17","22","1","12","4","1","15","7","0","1","0","0","0.6818181818181818","0.7058823529411765","0.7","0.55"
"42","1","0.2","1","53","14","26","0","10","4","0","11","13","2","0","0","0","0.4230769230769231","0.7142857142857143","0.525","0.65"
"41","1","0.2","0","55","40","0","0","24","13","3","0","0","0","0","0","0","0","0.6","0.6","0"
"47","1","0.8","0","4","17","22","1","13","3","1","14","7","1","1","0","0","0.6363636363636364","0.7647058823529411","0.7","0.55"
"40","0.8","1","1","74","7","33","0","2","5","0","27","6","0","0","0","0","0.8181818181818182","0.2857142857142857","0.725","0.825"
"43","1","0.4","0","81","0","40","0","0","0","0","29","11","0","0","0","0","0.725","0","0.725","1"
"46","1","0.6","1","47","19","20","1","14","4","1","13","6","1","1","0","0","0.65","0.7368421052631579","0.7","0.5"
"45","1","0.6","0","63","16","23","1","11","5","0","15","8","0","1","0","0","0.6521739130434783","0.6875","0.675","0.575"
"47","1","0.8","0","5","17","22","1","13","3","1","14","7","1","1","0","0","0.6363636363636364","0.7647058823529411","0.7","0.55"
"43","1","0.4","0","82","0","40","0","0","0","0","29","11","0","0","0","0","0.725","0","0.725","1"
"46","1","0.6","1","48","19","20","1","14","4","1","13","6","1","1","0","0","0.65","0.7368421052631579","0.7","0.5"
"40","0.8","1","1","75","7","33","0","2","5","0","27","6","0","0","0","0","0.8181818181818182","0.2857142857142857","0.725","0.825"
"45","1","0.6","0","64","13","26","1","9","4","0","18","8","0","1","0","0","0.6923076923076923","0.6923076923076923","0.7","0.65"
"41","1","0.2","0","56","40","0","0","24","13","3","0","0","0","0","0","0","0","0.6","0.6","0"
"42","1","0.2","1","54","10","30","0","7","3","0","14","14","2","0","0","0","0.4666666666666667","0.7","0.525","0.75"
"47","1","0.8","0","6","17","22","1","13","3","1","14","7","1","1","0","0","0.6363636363636364","0.7647058823529411","0.7","0.55"
"46","1","0.6","1","49","19","20","1","14","4","1","13","6","1","1","0","0","0.65","0.7368421052631579","0.7","0.5"
"43","1","0.4","0","83","0","40","0","0","0","0","29","11","0","0","0","0","0.725","0","0.725","1"
"40","0.8","1","1","76","7","33","0","2","5","0","27","6","0","0","0","0","0.8181818181818182","0.2857142857142857","0.725","0.825"
"45","1","0.6","0","65","12","27","1","9","3","0","18","9","0","1","0","0","0.6666666666666666","0.75","0.7","0.675"
"47","1","0.8","0","7","17","22","1","13","3","1","14","7","1","1","0","0","0.6363636363636364","0.7647058823529411","0.7","0.55"
"46","1","0.6","1","50","19","20","1","14","4","1","13","6","1","1","0","0","0.65","0.7368421052631579","0.7","0.5"
"42","1","0.2","1","55","8","32","0","5","3","0","16","14","2","0","0","0","0.5","0.625","0.525","0.8"
"41","1","0.2","0","57","40","0","0","24","13","3","0","0","0","0","0","0","0","0.6","0.6","0"
"43","1","0.4","0","84","0","40","0","0","0","0","29","11","0","0","0","0","0.725","0","0.725","1"
"40","0.8","1","1","77","7","33","0","2","5","0","27","6","0","0","0","0","0.8181818181818182","0.2857142857142857","0.725","0.825"
"45","1","0.6","0","66","11","28","1","9","2","0","19","9","0","1","0","0","0.6785714285714286","0.8181818181818182","0.725","0.7"
"47","1","0.8","0","8","17","22","1","13","3","1","14","7","1","1","0","0","0.6363636363636364","0.7647058823529411","0.7","0.55"
"43","1","0.4","0","85","0","40","0","0","0","0","29","11","0","0","0","0","0.725","0","0.725","1"
"42","1","0.2","1","56","8","32","0","5","3","0","16","14","2","0","0","0","0.5","0.625","0.525","0.8"
"41","1","0.2","0","58","40","0","0","24","13","3","0","0","0","0","0","0","0","0.6","0.6","0"
"47","1","0.8","0","9","17","22","1","13","3","1","14","7","1","1","0","0","0.6363636363636364","0.7647058823529411","0.7","0.55"
"40","0.8","1","1","78","7","33","0","2","5","0","27","6","0","0","0","0","0.8181818181818182","0.2857142857142857","0.725","0.825"
"45","1","0.6","0","67","11","28","1","9","2","0","19","9","0","1","0","0","0.6785714285714286","0.8181818181818182","0.725","0.7"
"43","1","0.4","0","86","0","40","0","0","0","0","29","11","0","0","0","0","0.725","0","0.725","1"
"47","1","0.8","0","10","17","22","1","13","3","1","14","7","1","1","0","0","0.6363636363636364","0.7647058823529411","0.7","0.55"
"42","1","0.2","1","57","8","32","0","5","3","0","16","15","1","0","0","0","0.5","0.625","0.525","0.8"
"45","1","0.6","0","68","11","28","1","9","2","0","19","9","0","1","0","0","0.6785714285714286","0.8181818181818182","0.725","0.7"
"40","0.8","1","1","79","7","33","0","2","5","0","27","6","0","0","0","0","0.8181818181818182","0.2857142857142857","0.725","0.825"
"41","1","0.2","0","59","40","0","0","24","13","3","0","0","0","0","0","0","0","0.6","0.6","0"
"43","1","0.4","0","87","0","40","0","0","0","0","29","11","0","0","0","0","0.725","0","0.725","1"
"47","1","0.8","0","11","17","22","1","13","3","1","14","7","1","1","0","0","0.6363636363636364","0.7647058823529411","0.7","0.55"
"45","1","0.6","0","69","11","28","1","9","2","0","19","9","0","1","0","0","0.6785714285714286","0.8181818181818182","0.725","0.7"
"42","1","0.2","1","58","8","32","0","5","3","0","16","15","1","0","0","0","0.5","0.625","0.525","0.8"
"43","1","0.4","0","88","0","40","0","0","0","0","29","11","0","0","0","0","0.725","0","0.725","1"
"40","0.8","1","1","80","7","33","0","2","5","0","27","6","0","0","0","0","0.8181818181818182","0.2857142857142857","0.725","0.825"
"47","1","0.8","0","12","17","22","1","13","3","1","14","7","1","1","0","0","0.6363636363636364","0.7647058823529411","0.7","0.55"
"45","1","0.6","0","70","11","28","1","9","2","0","19","9","0","1","0","0","0.6785714285714286","0.8181818181818182","0.725","0.7"
"43","1","0.4","0","89","0","40","0","0","0","0","29","11","0","0","0","0","0.725","0","0.725","1"
"47","1","0.8","0","13","17","22","1","13","3","1","14","7","1","1","0","0","0.6363636363636364","0.7647058823529411","0.7","0.55"
"40","0.8","1","1","81","7","33","0","2","5","0","27","6","0","0","0","0","0.8181818181818182","0.2857142857142857","0.725","0.825"
"42","1","0.2","1","59","8","32","0","5","3","0","16","15","1","0","0","0","0.5","0.625","0.525","0.8"
"41","1","0.2","0","60","40","0","0","24","13","3","0","0","0","0","0","0","0","0.6","0.6","0"
"45","1","0.6","0","71","6","33","1","5","1","0","23","10","0","1","0","0","0.696969696969697","0.8333333333333334","0.725","0.825"
"43","1","0.4","0","90","0","40","0","0","0","0","29","11","0","0","0","0","0.725","0","0.725","1"
"47","1","0.8","0","14","17","22","1","13","3","1","14","7","1","1","0","0","0.6363636363636364","0.7647058823529411","0.7","0.55"
"40","0.8","1","1","82","7","33","0","2","5","0","27","6","0","0","0","0","0.8181818181818182","0.2857142857142857","0.725","0.825"
"42","1","0.2","1","60","8","32","0","5","3","0","16","15","1","0","0","0","0.5","0.625","0.525","0.8"
"47","1","0.8","0","15","17","22","1","13","3","1","14","7","1","1","0","0","0.6363636363636364","0.7647058823529411","0.7","0.55"
"45","1","0.6","0","72","5","34","1","4","1","0","24","10","0","1","0","0","0.7058823529411765","0.8","0.725","0.85"
"43","1","0.4","0","91","0","40","0","0","0","0","29","11","0","0","0","0","0.725","0","0.725","1"
"41","1","0.2","0","61","40","0","0","24","13","3","0","0","0","0","0","0","0","0.6","0.6","0"
"40","0.8","1","1","83","7","33","0","2","5","0","27","6","0","0","0","0","0.8181818181818182","0.2857142857142857","0.725","0.825"
"47","1","0.8","0","16","17","22","1","13","3","1","14","7","1","1","0","0","0.6363636363636364","0.7647058823529411","0.7","0.55"
"43","1","0.4","0","92","0","40","0","0","0","0","29","11","0","0","0","0","0.725","0","0.725","1"
"45","1","0.6","0","73","6","34","0","4","2","0","24","10","0","0","0","0","0.7058823529411765","0.6666666666666666","0.7","0.85"
"41","1","0.2","0","62","40","0","0","24","13","3","0","0","0","0","0","0","0","0.6","0.6","0"
"47","1","0.8","0","17","17","22","1","13","3","1","14","7","1","1","0","0","0.6363636363636364","0.7647058823529411","0.7","0.55"
"43","1","0.4","0","93","0","40","0","0","0","0","29","11","0","0","0","0","0.725","0","0.725","1"
"40","0.8","1","1","84","7","33","0","2","5","0","27","6","0","0","0","0","0.8181818181818182","0.2857142857142857","0.725","0.825"
"45","1","0.6","0","74","5","35","0","4","1","0","26","9","0","0","0","0","0.7428571428571429","0.8","0.75","0.875"
"42","1","0.2","1","61","2","38","0","0","2","0","21","16","1","0","0","0","0.5526315789473685","0","0.525","0.95"
"47","1","0.8","0","18","17","22","1","13","3","1","14","7","1","1","0","0","0.6363636363636364","0.7647058823529411","0.7","0.55"
"43","1","0.4","0","94","0","40","0","0","0","0","29","11","0","0","0","0","0.725","0","0.725","1"
"45","1","0.6","0","75","5","35","0","4","1","0","26","9","0","0","0","0","0.7428571428571429","0.8","0.75","0.875"
"41","1","0.2","0","63","40","0","0","24","13","3","0","0","0","0","0","0","0","0.6","0.6","0"
"40","0.8","1","1","85","7","33","0","2","5","0","27","6","0","0","0","0","0.8181818181818182","0.2857142857142857","0.725","0.825"
"47","1","0.8","0","19","17","22","1","13","3","1","14","7","1","1","0","0","0.6363636363636364","0.7647058823529411","0.7","0.55"
"45","1","0.6","0","76","5","35","0","4","1","0","26","9","0","0","0","0","0.7428571428571429","0.8","0.75","0.875"
"43","1","0.4","0","95","0","40","0","0","0","0","29","11","0","0","0","0","0.725","0","0.725","1"
"44","1","0.4","1","51","8","32","0","1","6","1","30","2","0","0","0","0","0.9375","0.125","0.775","0.8"
"42","1","0.2","1","62","1","39","0","0","1","0","25","13","1","0","0","0","0.6410256410256411","0","0.625","0.975"
"40","0.8","1","1","86","7","33","0","2","5","0","27","6","0","0","0","0","0.8181818181818182","0.2857142857142857","0.725","0.825"
"47","1","0.8","0","20","17","22","1","13","3","1","14","7","1","1","0","0","0.6363636363636364","0.7647058823529411","0.7","0.55"
"41","1","0.2","0","64","40","0","0","24","13","3","0","0","0","0","0","0","0","0.6","0.6","0"
"45","1","0.6","0","77","5","35","0","4","1","0","26","9","0","0","0","0","0.7428571428571429","0.8","0.75","0.875"
"43","1","0.4","0","96","0","40","0","0","0","0","29","11","0","0","0","0","0.725","0","0.725","1"
"47","1","0.8","0","21","17","22","1","13","3","1","14","7","1","1","0","0","0.6363636363636364","0.7647058823529411","0.7","0.55"
"44","1","0.4","1","52","8","32","0","1","7","0","31","1","0","0","0","0","0.96875","0.125","0.8","0.8"
"40","0.8","1","1","87","7","33","0","2","5","0","27","6","0","0","0","0","0.8181818181818182","0.2857142857142857","0.725","0.825"
"42","1","0.2","1","63","1","39","0","0","1","0","25","13","1","0","0","0","0.6410256410256411","0","0.625","0.975"
"45","1","0.6","0","78","5","35","0","4","1","0","26","9","0","0","0","0","0.7428571428571429","0.8","0.75","0.875"
"43","1","0.4","0","97","0","40","0","0","0","0","29","11","0","0","0","0","0.725","0","0.725","1"
"44","1","0.4","1","53","8","32","0","1","7","0","31","1","0","0","0","0","0.96875","0.125","0.8","0.8"
"47","1","0.8","0","22","17","22","1","13","3","1","14","7","1","1","0","0","0.6363636363636364","0.7647058823529411","0.7","0.55"
"41","1","0.2","0","65","40","0","0","24","13","3","0","0","0","0","0","0","0","0.6","0.6","0"
"40","0.8","1","1","88","7","33","0","2","5","0","27","6","0","0","0","0","0.8181818181818182","0.2857142857142857","0.725","0.825"
"45","1","0.6","0","79","5","35","0","4","1","0","26","9","0","0","0","0","0.7428571428571429","0.8","0.75","0.875"
"43","1","0.4","0","98","0","40","0","0","0","0","29","11","0","0","0","0","0.725","0","0.725","1"
"44","1","0.4","1","54","8","32","0","0","8","0","31","1","0","0","0","0","0.96875","0","0.775","0.8"
"47","1","0.8","0","23","17","22","1","13","3","1","14","7","1","1","0","0","0.6363636363636364","0.7647058823529411","0.7","0.55"
"42","1","0.2","1","64","1","39","0","0","1","0","25","13","1","0","0","0","0.6410256410256411","0","0.625","0.975"
"41","1","0.2","0","66","40","0","0","24","13","3","0","0","0","0","0","0","0","0.6","0.6","0"
"47","1","0.8","0","24","17","22","1","13","3","1","14","7","1","1","0","0","0.6363636363636364","0.7647058823529411","0.7","0.55"
"45","1","0.6","0","80","5","35","0","4","1","0","26","9","0","0","0","0","0.7428571428571429","0.8","0.75","0.875"
"43","1","0.4","0","99","0","40","0","0","0","0","29","11","0","0","0","0","0.725","0","0.725","1"
"44","1","0.4","1","55","7","32","1","0","7","0","31","1","0","1","0","0","0.96875","0","0.8","0.8"
"40","0.8","1","1","89","7","33","0","2","5","0","27","6","0","0","0","0","0.8181818181818182","0.2857142857142857","0.725","0.825"
"47","1","0.8","0","25","17","22","1","13","3","1","14","7","1","1","0","0","0.6363636363636364","0.7647058823529411","0.7","0.55"
"45","1","0.6","0","81","4","36","0","3","1","0","26","10","0","0","0","0","0.7222222222222222","0.75","0.725","0.9"
"44","1","0.4","1","56","8","32","0","0","8","0","31","1","0","0","0","0","0.96875","0","0.775","0.8"
"41","1","0.2","0","67","40","0","0","24","13","3","0","0","0","0","0","0","0","0.6","0.6","0"
"43","1","0.4","0","100","0","40","0","0","0","0","29","11","0","0","0","0","0.725","0","0.725","1"
"42","1","0.2","1","65","1","39","0","0","1","0","25","13","1","0","0","0","0.6410256410256411","0","0.625","0.975"
"40","0.8","1","1","90","7","33","0","2","5","0","27","6","0","0","0","0","0.8181818181818182","0.2857142857142857","0.725","0.825"
"47","1","0.8","0","26","17","22","1","13","3","1","14","7","1","1","0","0","0.6363636363636364","0.7647058823529411","0.7","0.55"
"45","1","0.6","0","82","4","36","0","3","1","0","26","10","0","0","0","0","0.7222222222222222","0.75","0.725","0.9"
"44","1","0.4","1","57","8","32","0","0","8","0","31","1","0","0","0","0","0.96875","0","0.775","0.8"
"40","0.8","1","1","91","7","33","0","2","5","0","27","6","0","0","0","0","0.8181818181818182","0.2857142857142857","0.725","0.825"
"41","1","0.2","0","68","40","0","0","24","13","3","0","0","0","0","0","0","0","0.6","0.6","0"
"47","1","0.8","0","27","17","22","1","13","3","1","14","7","1","1","0","0","0.6363636363636364","0.7647058823529411","0.7","0.55"
"42","1","0.2","1","66","1","39","0","0","1","0","25","13","1","0","0","0","0.6410256410256411","0","0.625","0.975"
"45","1","0.6","0","83","4","36","0","3","1","0","26","10","0","0","0","0","0.7222222222222222","0.75","0.725","0.9"
"44","1","0.4","1","58","8","32","0","0","8","0","31","1","0","0","0","0","0.96875","0","0.775","0.8"
"47","1","0.8","0","28","17","22","1","13","3","1","14","7","1","1","0","0","0.6363636363636364","0.7647058823529411","0.7","0.55"
"40","0.8","1","1","92","7","33","0","2","5","0","27","6","0","0","0","0","0.8181818181818182","0.2857142857142857","0.725","0.825"
"45","1","0.6","0","84","4","36","0","3","1","0","26","10","0","0","0","0","0.7222222222222222","0.75","0.725","0.9"
"44","1","0.4","1","59","8","32","0","0","8","0","31","1","0","0","0","0","0.96875","0","0.775","0.8"
"48","1","0.8","1","0","0","0","0","0","0","0","0","0","0","0","0","0","0","0","0","0"
"42","1","0.2","1","67","1","39","0","0","1","0","25","13","1","0","0","0","0.6410256410256411","0","0.625","0.975"
"41","1","0.2","0","69","40","0","0","24","13","3","0","0","0","0","0","0","0","0.6","0.6","0"
"47","1","0.8","0","29","17","22","1","13","3","1","14","7","1","1","0","0","0.6363636363636364","0.7647058823529411","0.7","0.55"
"45","1","0.6","0","85","4","36","0","3","1","0","26","10","0","0","0","0","0.7222222222222222","0.75","0.725","0.9"
"40","0.8","1","1","93","7","33","0","2","5","0","27","6","0","0","0","0","0.8181818181818182","0.2857142857142857","0.725","0.825"
"44","1","0.4","1","60","8","32","0","0","8","0","31","1","0","0","0","0","0.96875","0","0.775","0.8"
"47","1","0.8","0","30","17","22","1","13","3","1","14","7","1","1","0","0","0.6363636363636364","0.7647058823529411","0.7","0.55"
"48","1","0.8","1","1","16","20","4","11","5","0","15","4","1","4","0","0","0.75","0.6875","0.75","0.5"
"44","1","0.4","1","61","8","32","0","0","8","0","31","1","0","0","0","0","0.96875","0","0.775","0.8"
"41","1","0.2","0","70","40","0","0","24","13","3","0","0","0","0","0","0","0","0.6","0.6","0"
"40","0.8","1","1","94","7","33","0","2","5","0","27","6","0","0","0","0","0.8181818181818182","0.2857142857142857","0.725","0.825"
"45","1","0.6","0","86","4","36","0","3","1","0","26","10","0","0","0","0","0.7222222222222222","0.75","0.725","0.9"
"42","1","0.2","1","68","1","39","0","0","1","0","25","13","1","0","0","0","0.6410256410256411","0","0.625","0.975"
"47","1","0.8","0","31","17","22","1","13","3","1","14","7","1","1","0","0","0.6363636363636364","0.7647058823529411","0.7","0.55"
"45","1","0.6","0","87","4","36","0","3","1","0","26","10","0","0","0","0","0.7222222222222222","0.75","0.725","0.9"
"40","0.8","1","1","95","7","33","0","2","5","0","27","6","0","0","0","0","0.8181818181818182","0.2857142857142857","0.725","0.825"
"44","1","0.4","1","62","8","32","0","0","8","0","31","1","0","0","0","0","0.96875","0","0.775","0.8"
"47","1","0.8","0","32","17","22","1","13","3","1","14","7","1","1","0","0","0.6363636363636364","0.7647058823529411","0.7","0.55"
"48","1","0.8","1","2","18","21","1","14","3","1","14","6","1","1","0","0","0.6666666666666666","0.7777777777777778","0.725","0.525"
"41","1","0.2","0","71","40","0","0","24","13","3","0","0","0","0","0","0","0","0.6","0.6","0"
"42","1","0.2","1","69","1","39","0","0","1","0","25","13","1","0","0","0","0.6410256410256411","0","0.625","0.975"
"45","1","0.6","0","88","4","36","0","3","1","0","26","10","0","0","0","0","0.7222222222222222","0.75","0.725","0.9"
"44","1","0.4","1","63","8","32","0","0","8","0","31","1","0","0","0","0","0.96875","0","0.775","0.8"
"40","0.8","1","1","96","7","33","0","2","5","0","27","6","0","0","0","0","0.8181818181818182","0.2857142857142857","0.725","0.825"
"47","1","0.8","0","33","17","22","1","13","3","1","14","7","1","1","0","0","0.6363636363636364","0.7647058823529411","0.7","0.55"
"48","1","0.8","1","3","17","22","1","13","3","1","14","7","1","1","0","0","0.6363636363636364","0.7647058823529411","0.7","0.55"
"44","1","0.4","1","64","8","32","0","0","8","0","31","1","0","0","0","0","0.96875","0","0.775","0.8"
"41","1","0.2","0","72","40","0","0","24","13","3","0","0","0","0","0","0","0","0.6","0.6","0"
"45","1","0.6","0","89","4","36","0","3","1","0","26","10","0","0","0","0","0.7222222222222222","0.75","0.725","0.9"
"47","1","0.8","0","34","17","22","1","13","3","1","14","7","1","1","0","0","0.6363636363636364","0.7647058823529411","0.7","0.55"
"48","1","0.8","1","4","17","22","1","13","3","1","14","7","1","1","0","0","0.6363636363636364","0.7647058823529411","0.7","0.55"
"40","0.8","1","1","97","7","33","0","2","5","0","27","6","0","0","0","0","0.8181818181818182","0.2857142857142857","0.725","0.825"
"42","1","0.2","1","70","1","39","0","0","1","0","25","13","1","0","0","0","0.6410256410256411","0","0.625","0.975"
"44","1","0.4","1","65","8","32","0","0","8","0","31","1","0","0","0","0","0.96875","0","0.775","0.8"
"45","1","0.6","0","90","4","36","0","3","1","0","26","10","0","0","0","0","0.7222222222222222","0.75","0.725","0.9"
"48","1","0.8","1","5","17","22","1","13","3","1","14","7","1","1","0","0","0.6363636363636364","0.7647058823529411","0.7","0.55"
"47","1","0.8","0","35","17","22","1","13","3","1","14","7","1","1","0","0","0.6363636363636364","0.7647058823529411","0.7","0.55"
"41","1","0.2","0","73","40","0","0","24","13","3","0","0","0","0","0","0","0","0.6","0.6","0"
"44","1","0.4","1","66","8","32","0","0","8","0","31","1","0","0","0","0","0.96875","0","0.775","0.8"
"47","1","0.8","0","36","17","22","1","13","3","1","14","7","1","1","0","0","0.6363636363636364","0.7647058823529411","0.7","0.55"
"48","1","0.8","1","6","17","22","1","13","3","1","14","7","1","1","0","0","0.6363636363636364","0.7647058823529411","0.7","0.55"
"45","1","0.6","0","91","1","39","0","1","0","0","28","11","0","0","0","0","0.717948717948718","1","0.725","0.975"
"42","1","0.2","1","71","0","40","0","0","0","0","26","13","1","0","0","0","0.65","0","0.65","1"
"40","0.8","1","1","98","7","33","0","2","5","0","27","6","0","0","0","0","0.8181818181818182","0.2857142857142857","0.725","0.825"
"44","1","0.4","1","67","8","32","0","0","8","0","31","1","0","0","0","0","0.96875","0","0.775","0.8"
"47","1","0.8","0","37","17","22","1","13","3","1","14","7","1","1","0","0","0.6363636363636364","0.7647058823529411","0.7","0.55"
"41","1","0.2","0","74","40","0","0","24","13","3","0","0","0","0","0","0","0","0.6","0.6","0"
"45","1","0.6","0","92","1","39","0","1","0","0","28","11","0","0","0","0","0.717948717948718","1","0.725","0.975"
"48","1","0.8","1","7","17","22","1","13","3","1","14","7","1","1","0","0","0.6363636363636364","0.7647058823529411","0.7","0.55"
"40","0.8","1","1","99","7","33","0","2","5","0","27","6","0","0","0","0","0.8181818181818182","0.2857142857142857","0.725","0.825"
"44","1","0.4","1","68","8","32","0","0","8","0","31","1","0","0","0","0","0.96875","0","0.775","0.8"
"47","1","0.8","0","38","17","22","1","13","3","1","14","7","1","1","0","0","0.6363636363636364","0.7647058823529411","0.7","0.55"
"42","1","0.2","1","72","0","40","0","0","0","0","26","13","1","0","0","0","0.65","0","0.65","1"
"45","1","0.6","0","93","1","39","0","1","0","0","28","11","0","0","0","0","0.717948717948718","1","0.725","0.975"
"48","1","0.8","1","8","17","22","1","13","3","1","14","7","1","1","0","0","0.6363636363636364","0.7647058823529411","0.7","0.55"
"41","1","0.2","0","75","40","0","0","24","13","3","0","0","0","0","0","0","0","0.6","0.6","0"
"40","0.8","1","1","100","7","33","0","2","5","0","27","6","0","0","0","0","0.8181818181818182","0.2857142857142857","0.725","0.825"
"47","1","0.8","0","39","17","22","1","13","3","1","14","7","1","1","0","0","0.6363636363636364","0.7647058823529411","0.7","0.55"
"44","1","0.4","1","69","8","32","0","0","8","0","31","1","0","0","0","0","0.96875","0","0.775","0.8"
"45","1","0.6","0","94","1","39","0","1","0","0","28","11","0","0","0","0","0.717948717948718","1","0.725","0.975"
"42","1","0.2","1","73","0","40","0","0","0","0","26","13","1","0","0","0","0.65","0","0.65","1"
"48","1","0.8","1","9","17","22","1","13","3","1","14","7","1","1","0","0","0.6363636363636364","0.7647058823529411","0.7","0.55"
"47","1","0.8","0","40","17","22","1","13","3","1","14","7","1","1","0","0","0.6363636363636364","0.7647058823529411","0.7","0.55"
"44","1","0.4","1","70","8","32","0","0","8","0","31","1","0","0","0","0","0.96875","0","0.775","0.8"
"45","1","0.6","0","95","1","39","0","1","0","0","28","11","0","0","0","0","0.717948717948718","1","0.725","0.975"
"41","1","0.2","0","76","40","0","0","24","13","3","0","0","0","0","0","0","0","0.6","0.6","0"
"48","1","0.8","1","10","17","22","1","13","3","1","14","7","1","1","0","0","0.6363636363636364","0.7647058823529411","0.7","0.55"
"47","1","0.8","0","41","17","22","1","13","3","1","14","7","1","1","0","0","0.6363636363636364","0.7647058823529411","0.7","0.55"
"44","1","0.4","1","71","7","33","0","0","7","0","31","2","0","0","0","0","0.9393939393939394","0","0.775","0.825"
"42","1","0.2","1","74","0","40","0","0","0","0","26","13","1","0","0","0","0.65","0","0.65","1"
"48","1","0.8","1","11","17","22","1","13","3","1","14","7","1","1","0","0","0.6363636363636364","0.7647058823529411","0.7","0.55"
"45","1","0.6","0","96","1","39","0","1","0","0","28","11","0","0","0","0","0.717948717948718","1","0.725","0.975"
"47","1","0.8","0","42","17","22","1","13","3","1","14","7","1","1","0","0","0.6363636363636364","0.7647058823529411","0.7","0.55"
"49","1","1","0","0","0","0","0","0","0","0","0","0","0","0","0","0","0","0","0","0"
"44","1","0.4","1","72","7","33","0","0","7","0","31","2","0","0","0","0","0.9393939393939394","0","0.775","0.825"
"41","1","0.2","0","77","40","0","0","24","13","3","0","0","0","0","0","0","0","0.6","0.6","0"
"48","1","0.8","1","12","17","22","1","13","3","1","14","7","1","1","0","0","0.6363636363636364","0.7647058823529411","0.7","0.55"
"42","1","0.2","1","75","0","40","0","0","0","0","26","13","1","0","0","0","0.65","0","0.65","1"
"46","1","0.6","1","51","11","29","0","4","7","0","20","9","0","0","0","0","0.6896551724137931","0.36363636363636365","0.6","0.725"
"47","1","0.8","0","43","17","22","1","13","3","1","14","7","1","1","0","0","0.6363636363636364","0.7647058823529411","0.7","0.55"
"45","1","0.6","0","97","1","39","0","1","0","0","28","11","0","0","0","0","0.717948717948718","1","0.725","0.975"
"44","1","0.4","1","73","7","33","0","0","7","0","31","2","0","0","0","0","0.9393939393939394","0","0.775","0.825"
"48","1","0.8","1","13","17","22","1","13","3","1","14","7","1","1","0","0","0.6363636363636364","0.7647058823529411","0.7","0.55"
"49","1","1","0","1","16","20","4","11","5","0","15","4","1","4","0","0","0.75","0.6875","0.75","0.5"
"47","1","0.8","0","44","17","22","1","13","3","1","14","7","1","1","0","0","0.6363636363636364","0.7647058823529411","0.7","0.55"
"41","1","0.2","0","78","40","0","0","24","13","3","0","0","0","0","0","0","0","0.6","0.6","0"
"45","1","0.6","0","98","1","39","0","1","0","0","28","11","0","0","0","0","0.717948717948718","1","0.725","0.975"
"46","1","0.6","1","52","8","32","0","3","5","0","22","10","0","0","0","0","0.6875","0.375","0.625","0.8"
"42","1","0.2","1","76","0","40","0","0","0","0","26","13","1","0","0","0","0.65","0","0.65","1"
"48","1","0.8","1","14","17","22","1","13","3","1","14","7","1","1","0","0","0.6363636363636364","0.7647058823529411","0.7","0.55"
"44","1","0.4","1","74","7","33","0","0","7","0","31","2","0","0","0","0","0.9393939393939394","0","0.775","0.825"
"49","1","1","0","2","18","21","1","14","3","1","14","6","1","1","0","0","0.6666666666666666","0.7777777777777778","0.725","0.525"
"47","1","0.8","0","45","17","22","1","13","3","1","14","7","1","1","0","0","0.6363636363636364","0.7647058823529411","0.7","0.55"
"45","1","0.6","0","99","1","39","0","1","0","0","28","11","0","0","0","0","0.717948717948718","1","0.725","0.975"
"46","1","0.6","1","53","7","33","0","3","4","0","23","10","0","0","0","0","0.696969696969697","0.42857142857142855","0.65","0.825"
"48","1","0.8","1","15","17","22","1","13","3","1","14","7","1","1","0","0","0.6363636363636364","0.7647058823529411","0.7","0.55"
"41","1","0.2","0","79","40","0","0","24","13","3","0","0","0","0","0","0","0","0.6","0.6","0"
"47","1","0.8","0","46","17","22","1","13","3","1","14","7","1","1","0","0","0.6363636363636364","0.7647058823529411","0.7","0.55"
"49","1","1","0","3","17","22","1","13","3","1","14","7","1","1","0","0","0.6363636363636364","0.7647058823529411","0.7","0.55"
"44","1","0.4","1","75","7","33","0","0","7","0","31","2","0","0","0","0","0.9393939393939394","0","0.775","0.825"
"42","1","0.2","1","77","0","40","0","0","0","0","26","13","1","0","0","0","0.65","0","0.65","1"
"45","1","0.6","0","100","1","39","0","1","0","0","28","11","0","0","0","0","0.717948717948718","1","0.725","0.975"
"46","1","0.6","1","54","7","33","0","3","4","0","23","10","0","0","0","0","0.696969696969697","0.42857142857142855","0.65","0.825"
"48","1","0.8","1","16","17","22","1","13","3","1","14","7","1","1","0","0","0.6363636363636364","0.7647058823529411","0.7","0.55"
"47","1","0.8","0","47","17","22","1","13","3","1","14","7","1","1","0","0","0.6363636363636364","0.7647058823529411","0.7","0.55"
"49","1","1","0","4","17","22","1","13","3","1","14","7","1","1","0","0","0.6363636363636364","0.7647058823529411","0.7","0.55"
"44","1","0.4","1","76","7","33","0","0","7","0","31","2","0","0","0","0","0.9393939393939394","0","0.775","0.825"
"41","1","0.2","0","80","40","0","0","24","13","3","0","0","0","0","0","0","0","0.6","0.6","0"
"48","1","0.8","1","17","17","22","1","13","3","1","14","7","1","1","0","0","0.6363636363636364","0.7647058823529411","0.7","0.55"
"42","1","0.2","1","78","0","40","0","0","0","0","26","13","1","0","0","0","0.65","0","0.65","1"
"47","1","0.8","0","48","17","22","1","13","3","1","14","7","1","1","0","0","0.6363636363636364","0.7647058823529411","0.7","0.55"
"46","1","0.6","1","55","7","33","0","3","4","0","23","10","0","0","0","0","0.696969696969697","0.42857142857142855","0.65","0.825"
"44","1","0.4","1","77","7","33","0","0","7","0","31","2","0","0","0","0","0.9393939393939394","0","0.775","0.825"
"49","1","1","0","5","17","22","1","13","3","1","14","7","1","1","0","0","0.6363636363636364","0.7647058823529411","0.7","0.55"
"48","1","0.8","1","18","17","22","1","13","3","1","14","7","1","1","0","0","0.6363636363636364","0.7647058823529411","0.7","0.55"
"47","1","0.8","0","49","17","22","1","13","3","1","14","7","1","1","0","0","0.6363636363636364","0.7647058823529411","0.7","0.55"
"41","1","0.2","0","81","40","0","0","24","13","3","0","0","0","0","0","0","0","0.6","0.6","0"
"49","1","1","0","6","17","22","1","13","3","1","14","7","1","1","0","0","0.6363636363636364","0.7647058823529411","0.7","0.55"
"44","1","0.4","1","78","7","33","0","0","7","0","31","2","0","0","0","0","0.9393939393939394","0","0.775","0.825"
"42","1","0.2","1","79","0","40","0","0","0","0","26","13","1","0","0","0","0.65","0","0.65","1"
"46","1","0.6","1","56","7","33","0","3","4","0","23","10","0","0","0","0","0.696969696969697","0.42857142857142855","0.65","0.825"
"48","1","0.8","1","19","17","22","1","13","3","1","14","7","1","1","0","0","0.6363636363636364","0.7647058823529411","0.7","0.55"
"47","1","0.8","0","50","17","22","1","13","3","1","14","7","1","1","0","0","0.6363636363636364","0.7647058823529411","0.7","0.55"
"49","1","1","0","7","17","22","1","13","3","1","14","7","1","1","0","0","0.6363636363636364","0.7647058823529411","0.7","0.55"
"44","1","0.4","1","79","7","33","0","0","7","0","31","2","0","0","0","0","0.9393939393939394","0","0.775","0.825"
"41","1","0.2","0","82","40","0","0","24","13","3","0","0","0","0","0","0","0","0.6","0.6","0"
"46","1","0.6","1","57","7","33","0","3","4","0","23","10","0","0","0","0","0.696969696969697","0.42857142857142855","0.65","0.825"
"50","1","1","1","0","0","0","0","0","0","0","0","0","0","0","0","0","0","0","0","0"
"48","1","0.8","1","20","17","22","1","13","3","1","14","7","1","1","0","0","0.6363636363636364","0.7647058823529411","0.7","0.55"
"42","1","0.2","1","80","0","40","0","0","0","0","26","13","1","0","0","0","0.65","0","0.65","1"
"47","1","0.8","0","51","19","20","1","14","4","1","13","6","1","1","0","0","0.65","0.7368421052631579","0.7","0.5"
"49","1","1","0","8","17","22","1","13","3","1","14","7","1","1","0","0","0.6363636363636364","0.7647058823529411","0.7","0.55"
"44","1","0.4","1","80","7","33","0","0","7","0","31","2","0","0","0","0","0.9393939393939394","0","0.775","0.825"
"48","1","0.8","1","21","17","22","1","13","3","1","14","7","1","1","0","0","0.6363636363636364","0.7647058823529411","0.7","0.55"
"46","1","0.6","1","58","7","33","0","3","4","0","23","10","0","0","0","0","0.696969696969697","0.42857142857142855","0.65","0.825"
"47","1","0.8","0","52","19","20","1","14","4","1","13","6","1","1","0","0","0.65","0.7368421052631579","0.7","0.5"
"50","1","1","1","1","16","20","4","11","5","0","15","4","1","4","0","0","0.75","0.6875","0.75","0.5"
"41","1","0.2","0","83","40","0","0","24","13","3","0","0","0","0","0","0","0","0.6","0.6","0"
"42","1","0.2","1","81","0","40","0","0","0","0","26","13","1","0","0","0","0.65","0","0.65","1"
"44","1","0.4","1","81","5","35","0","0","5","0","33","2","0","0","0","0","0.9428571428571428","0","0.825","0.875"
"48","1","0.8","1","22","17","22","1","13","3","1","14","7","1","1","0","0","0.6363636363636364","0.7647058823529411","0.7","0.55"
"50","1","1","1","2","18","21","1","14","3","1","14","6","1","1","0","0","0.6666666666666666","0.7777777777777778","0.725","0.525"
"47","1","0.8","0","53","19","20","1","14","4","1","13","6","1","1","0","0","0.65","0.7368421052631579","0.7","0.5"
"46","1","0.6","1","59","7","33","0","3","4","0","23","10","0","0","0","0","0.696969696969697","0.42857142857142855","0.65","0.825"
"49","1","1","0","9","17","22","1","13","3","1","14","7","1","1","0","0","0.6363636363636364","0.7647058823529411","0.7","0.55"
"41","1","0.2","0","84","40","0","0","24","13","3","0","0","0","0","0","0","0","0.6","0.6","0"
"48","1","0.8","1","23","17","22","1","13","3","1","14","7","1","1","0","0","0.6363636363636364","0.7647058823529411","0.7","0.55"
"47","1","0.8","0","54","19","20","1","14","4","1","13","6","1","1","0","0","0.65","0.7368421052631579","0.7","0.5"
"44","1","0.4","1","82","4","36","0","0","4","0","34","2","0","0","0","0","0.9444444444444444","0","0.85","0.9"
"50","1","1","1","3","17","22","1","13","3","1","14","7","1","1","0","0","0.6363636363636364","0.7647058823529411","0.7","0.55"
"42","1","0.2","1","82","0","40","0","0","0","0","26","13","1","0","0","0","0.65","0","0.65","1"
"49","1","1","0","10","17","22","1","13","3","1","14","7","1","1","0","0","0.6363636363636364","0.7647058823529411","0.7","0.55"
"46","1","0.6","1","60","7","33","0","3","4","0","23","10","0","0","0","0","0.696969696969697","0.42857142857142855","0.65","0.825"
"48","1","0.8","1","24","17","22","1","13","3","1","14","7","1","1","0","0","0.6363636363636364","0.7647058823529411","0.7","0.55"
"50","1","1","1","4","17","22","1","13","3","1","14","7","1","1","0","0","0.6363636363636364","0.7647058823529411","0.7","0.55"
"47","1","0.8","0","55","19","20","1","14","4","1","13","6","1","1","0","0","0.65","0.7368421052631579","0.7","0.5"
"44","1","0.4","1","83","3","37","0","0","3","0","35","2","0","0","0","0","0.9459459459459459","0","0.875","0.925"
"49","1","1","0","11","17","22","1","13","3","1","14","7","1","1","0","0","0.6363636363636364","0.7647058823529411","0.7","0.55"
"46","1","0.6","1","61","7","33","0","3","4","0","23","10","0","0","0","0","0.696969696969697","0.42857142857142855","0.65","0.825"
"42","1","0.2","1","83","0","40","0","0","0","0","26","13","1","0","0","0","0.65","0","0.65","1"
"41","1","0.2","0","85","40","0","0","24","13","3","0","0","0","0","0","0","0","0.6","0.6","0"
"48","1","0.8","1","25","17","22","1","13","3","1","14","7","1","1","0","0","0.6363636363636364","0.7647058823529411","0.7","0.55"
"50","1","1","1","5","17","22","1","13","3","1","14","7","1","1","0","0","0.6363636363636364","0.7647058823529411","0.7","0.55"
"47","1","0.8","0","56","19","20","1","14","4","1","13","6","1","1","0","0","0.65","0.7368421052631579","0.7","0.5"
"49","1","1","0","12","17","22","1","13","3","1","14","7","1","1","0","0","0.6363636363636364","0.7647058823529411","0.7","0.55"
"44","1","0.4","1","84","2","38","0","0","2","0","36","2","0","0","0","0","0.9473684210526315","0","0.9","0.95"
"46","1","0.6","1","62","7","33","0","3","4","0","23","9","1","0","0","0","0.696969696969697","0.42857142857142855","0.65","0.825"
"48","1","0.8","1","26","17","22","1","13","3","1","14","7","1","1","0","0","0.6363636363636364","0.7647058823529411","0.7","0.55"
"50","1","1","1","6","17","22","1","13","3","1","14","7","1","1","0","0","0.6363636363636364","0.7647058823529411","0.7","0.55"
"42","1","0.2","1","84","0","40","0","0","0","0","26","13","1","0","0","0","0.65","0","0.65","1"
"47","1","0.8","0","57","19","20","1","14","4","1","13","6","1","1","0","0","0.65","0.7368421052631579","0.7","0.5"
"49","1","1","0","13","17","22","1","13","3","1","14","7","1","1","0","0","0.6363636363636364","0.7647058823529411","0.7","0.55"
"41","1","0.2","0","86","40","0","0","24","13","3","0","0","0","0","0","0","0","0.6","0.6","0"
"48","1","0.8","1","27","17","22","1","13","3","1","14","7","1","1","0","0","0.6363636363636364","0.7647058823529411","0.7","0.55"
"46","1","0.6","1","63","7","33","0","3","4","0","24","9","0","0","0","0","0.7272727272727273","0.42857142857142855","0.675","0.825"
"50","1","1","1","7","17","22","1","13","3","1","14","7","1","1","0","0","0.6363636363636364","0.7647058823529411","0.7","0.55"
"49","1","1","0","14","17","22","1","13","3","1","14","7","1","1","0","0","0.6363636363636364","0.7647058823529411","0.7","0.55"
"47","1","0.8","0","58","19","20","1","14","4","1","13","6","1","1","0","0","0.65","0.7368421052631579","0.7","0.5"
"44","1","0.4","1","85","2","38","0","0","2","0","36","2","0","0","0","0","0.9473684210526315","0","0.9","0.95"
"48","1","0.8","1","28","17","22","1","13","3","1","14","7","1","1","0","0","0.6363636363636364","0.7647058823529411","0.7","0.55"
"42","1","0.2","1","85","0","40","0","0","0","0","26","13","1","0","0","0","0.65","0","0.65","1"
"50","1","1","1","8","17","22","1","13","3","1","14","7","1","1","0","0","0.6363636363636364","0.7647058823529411","0.7","0.55"
"49","1","1","0","15","17","22","1","13","3","1","14","7","1","1","0","0","0.6363636363636364","0.7647058823529411","0.7","0.55"
"41","1","0.2","0","87","40","0","0","24","13","3","0","0","0","0","0","0","0","0.6","0.6","0"
"46","1","0.6","1","64","7","33","0","3","4","0","24","9","0","0","0","0","0.7272727272727273","0.42857142857142855","0.675","0.825"
"47","1","0.8","0","59","19","20","1","14","4","1","13","6","1","1","0","0","0.65","0.7368421052631579","0.7","0.5"
"48","1","0.8","1","29","17","22","1","13","3","1","14","7","1","1","0","0","0.6363636363636364","0.7647058823529411","0.7","0.55"
"44","1","0.4","1","86","2","38","0","0","2","0","36","2","0","0","0","0","0.9473684210526315","0","0.9","0.95"
"50","1","1","1","9","17","22","1","13","3","1","14","7","1","1","0","0","0.6363636363636364","0.7647058823529411","0.7","0.55"
"49","1","1","0","16","17","22","1","13","3","1","14","7","1","1","0","0","0.6363636363636364","0.7647058823529411","0.7","0.55"
"42","1","0.2","1","86","0","40","0","0","0","0","26","13","1","0","0","0","0.65","0","0.65","1"
"48","1","0.8","1","30","17","22","1","13","3","1","14","7","1","1","0","0","0.6363636363636364","0.7647058823529411","0.7","0.55"
"47","1","0.8","0","60","19","20","1","14","4","1","13","6","1","1","0","0","0.65","0.7368421052631579","0.7","0.5"
"46","1","0.6","1","65","7","33","0","3","4","0","24","9","0","0","0","0","0.7272727272727273","0.42857142857142855","0.675","0.825"
"41","1","0.2","0","88","40","0","0","24","13","3","0","0","0","0","0","0","0","0.6","0.6","0"
"50","1","1","1","10","17","22","1","13","3","1","14","7","1","1","0","0","0.6363636363636364","0.7647058823529411","0.7","0.55"
"49","1","1","0","17","17","22","1","13","3","1","14","7","1","1","0","0","0.6363636363636364","0.7647058823529411","0.7","0.55"
"44","1","0.4","1","87","2","38","0","0","2","0","36","2","0","0","0","0","0.9473684210526315","0","0.9","0.95"
"47","1","0.8","0","61","19","20","1","14","4","1","13","6","1","1","0","0","0.65","0.7368421052631579","0.7","0.5"
"48","1","0.8","1","31","17","22","1","13","3","1","14","7","1","1","0","0","0.6363636363636364","0.7647058823529411","0.7","0.55"
"41","1","0.2","0","89","40","0","0","24","13","3","0","0","0","0","0","0","0","0.6","0.6","0"
"46","1","0.6","1","66","7","33","0","3","4","0","24","9","0","0","0","0","0.7272727272727273","0.42857142857142855","0.675","0.825"
"50","1","1","1","11","17","22","1","13","3","1","14","7","1","1","0","0","0.6363636363636364","0.7647058823529411","0.7","0.55"
"49","1","1","0","18","17","22","1","13","3","1","14","7","1","1","0","0","0.6363636363636364","0.7647058823529411","0.7","0.55"
"47","1","0.8","0","62","19","20","1","14","4","1","13","6","1","1","0","0","0.65","0.7368421052631579","0.7","0.5"
"42","1","0.2","1","87","0","40","0","0","0","0","26","13","1","0","0","0","0.65","0","0.65","1"
"48","1","0.8","1","32","17","22","1","13","3","1","14","7","1","1","0","0","0.6363636363636364","0.7647058823529411","0.7","0.55"
"50","1","1","1","12","17","22","1","13","3","1","14","7","1","1","0","0","0.6363636363636364","0.7647058823529411","0.7","0.55"
"49","1","1","0","19","17","22","1","13","3","1","14","7","1","1","0","0","0.6363636363636364","0.7647058823529411","0.7","0.55"
"47","1","0.8","0","63","19","20","1","14","4","1","13","6","1","1","0","0","0.65","0.7368421052631579","0.7","0.5"
"44","1","0.4","1","88","2","38","0","0","2","0","36","2","0","0","0","0","0.9473684210526315","0","0.9","0.95"
"41","1","0.2","0","90","40","0","0","24","13","3","0","0","0","0","0","0","0","0.6","0.6","0"
"46","1","0.6","1","67","7","33","0","3","4","0","24","9","0","0","0","0","0.7272727272727273","0.42857142857142855","0.675","0.825"
"42","1","0.2","1","88","0","40","0","0","0","0","26","13","1","0","0","0","0.65","0","0.65","1"
"49","1","1","0","20","17","22","1","13","3","1","14","7","1","1","0","0","0.6363636363636364","0.7647058823529411","0.7","0.55"
"48","1","0.8","1","33","17","22","1","13","3","1","14","7","1","1","0","0","0.6363636363636364","0.7647058823529411","0.7","0.55"
"47","1","0.8","0","64","19","20","1","14","4","1","13","6","1","1","0","0","0.65","0.7368421052631579","0.7","0.5"
"50","1","1","1","13","17","22","1","13","3","1","14","7","1","1","0","0","0.6363636363636364","0.7647058823529411","0.7","0.55"
"44","1","0.4","1","89","2","38","0","0","2","0","36","2","0","0","0","0","0.9473684210526315","0","0.9","0.95"
"46","1","0.6","1","68","7","33","0","3","4","0","24","9","0","0","0","0","0.7272727272727273","0.42857142857142855","0.675","0.825"
"41","1","0.2","0","91","40","0","0","24","13","3","0","0","0","0","0","0","0","0.6","0.6","0"
"48","1","0.8","1","34","17","22","1","13","3","1","14","7","1","1","0","0","0.6363636363636364","0.7647058823529411","0.7","0.55"
"49","1","1","0","21","17","22","1","13","3","1","14","7","1","1","0","0","0.6363636363636364","0.7647058823529411","0.7","0.55"
"50","1","1","1","14","17","22","1","13","3","1","14","7","1","1","0","0","0.6363636363636364","0.7647058823529411","0.7","0.55"
"47","1","0.8","0","65","19","20","1","14","4","1","13","6","1","1","0","0","0.65","0.7368421052631579","0.7","0.5"
"42","1","0.2","1","89","0","40","0","0","0","0","26","13","1","0","0","0","0.65","0","0.65","1"
"44","1","0.4","1","90","2","38","0","0","2","0","36","2","0","0","0","0","0.9473684210526315","0","0.9","0.95"
"46","1","0.6","1","69","7","33","0","3","4","0","24","9","0","0","0","0","0.7272727272727273","0.42857142857142855","0.675","0.825"
"49","1","1","0","22","17","22","1","13","3","1","14","7","1","1","0","0","0.6363636363636364","0.7647058823529411","0.7","0.55"
"48","1","0.8","1","35","17","22","1","13","3","1","14","7","1","1","0","0","0.6363636363636364","0.7647058823529411","0.7","0.55"
"47","1","0.8","0","66","19","20","1","14","4","1","13","6","1","1","0","0","0.65","0.7368421052631579","0.7","0.5"
"50","1","1","1","15","17","22","1","13","3","1","14","7","1","1","0","0","0.6363636363636364","0.7647058823529411","0.7","0.55"
"41","1","0.2","0","92","40","0","0","24","13","3","0","0","0","0","0","0","0","0.6","0.6","0"
"42","1","0.2","1","90","0","40","0","0","0","0","26","13","1","0","0","0","0.65","0","0.65","1"
"44","1","0.4","1","91","1","39","0","0","1","0","37","2","0","0","0","0","0.9487179487179487","0","0.925","0.975"
"46","1","0.6","1","70","7","33","0","3","4","0","24","9","0","0","0","0","0.7272727272727273","0.42857142857142855","0.675","0.825"
"49","1","1","0","23","17","22","1","13","3","1","14","7","1","1","0","0","0.6363636363636364","0.7647058823529411","0.7","0.55"
"48","1","0.8","1","36","17","22","1","13","3","1","14","7","1","1","0","0","0.6363636363636364","0.7647058823529411","0.7","0.55"
"47","1","0.8","0","67","19","20","1","14","4","1","13","6","1","1","0","0","0.65","0.7368421052631579","0.7","0.5"
"50","1","1","1","16","17","22","1","13","3","1","14","7","1","1","0","0","0.6363636363636364","0.7647058823529411","0.7","0.55"
"41","1","0.2","0","93","40","0","0","24","13","3","0","0","0","0","0","0","0","0.6","0.6","0"
"47","1","0.8","0","68","19","20","1","14","4","1","13","6","1","1","0","0","0.65","0.7368421052631579","0.7","0.5"
"46","1","0.6","1","71","7","33","0","3","4","0","24","9","0","0","0","0","0.7272727272727273","0.42857142857142855","0.675","0.825"
"50","1","1","1","17","17","22","1","13","3","1","14","7","1","1","0","0","0.6363636363636364","0.7647058823529411","0.7","0.55"
"48","1","0.8","1","37","17","22","1","13","3","1","14","7","1","1","0","0","0.6363636363636364","0.7647058823529411","0.7","0.55"
"44","1","0.4","1","92","1","39","0","0","1","0","37","2","0","0","0","0","0.9487179487179487","0","0.925","0.975"
"49","1","1","0","24","17","22","1","13","3","1","14","7","1","1","0","0","0.6363636363636364","0.7647058823529411","0.7","0.55"
"42","1","0.2","1","91","0","40","0","0","0","0","26","13","1","0","0","0","0.65","0","0.65","1"
"50","1","1","1","18","17","22","1","13","3","1","14","7","1","1","0","0","0.6363636363636364","0.7647058823529411","0.7","0.55"
"47","1","0.8","0","69","19","20","1","14","4","1","13","6","1","1","0","0","0.65","0.7368421052631579","0.7","0.5"
"49","1","1","0","25","17","22","1","13","3","1","14","7","1","1","0","0","0.6363636363636364","0.7647058823529411","0.7","0.55"
"46","1","0.6","1","72","7","33","0","3","4","0","24","9","0","0","0","0","0.7272727272727273","0.42857142857142855","0.675","0.825"
"41","1","0.2","0","94","40","0","0","24","13","3","0","0","0","0","0","0","0","0.6","0.6","0"
"44","1","0.4","1","93","1","39","0","0","1","0","37","2","0","0","0","0","0.9487179487179487","0","0.925","0.975"
"47","1","0.8","0","70","19","20","1","14","4","1","13","6","1","1","0","0","0.65","0.7368421052631579","0.7","0.5"
"49","1","1","0","26","17","22","1","13","3","1","14","7","1","1","0","0","0.6363636363636364","0.7647058823529411","0.7","0.55"
"42","1","0.2","1","92","0","40","0","0","0","0","26","13","1","0","0","0","0.65","0","0.65","1"
"50","1","1","1","19","17","22","1","13","3","1","14","7","1","1","0","0","0.6363636363636364","0.7647058823529411","0.7","0.55"
"46","1","0.6","1","73","7","33","0","3","4","0","24","9","0","0","0","0","0.7272727272727273","0.42857142857142855","0.675","0.825"
"48","1","0.8","1","38","17","22","1","13","3","1","14","7","1","1","0","0","0.6363636363636364","0.7647058823529411","0.7","0.55"
"44","1","0.4","1","94","1","39","0","0","1","0","37","2","0","0","0","0","0.9487179487179487","0","0.925","0.975"
"41","1","0.2","0","95","40","0","0","24","13","3","0","0","0","0","0","0","0","0.6","0.6","0"
"47","1","0.8","0","71","20","19","1","14","5","1","12","6","1","1","0","0","0.631578947368421","0.7","0.675","0.475"
"49","1","1","0","27","17","22","1","13","3","1","14","7","1","1","0","0","0.6363636363636364","0.7647058823529411","0.7","0.55"
"50","1","1","1","20","17","22","1","13","3","1","14","7","1","1","0","0","0.6363636363636364","0.7647058823529411","0.7","0.55"
"48","1","0.8","1","39","17","22","1","13","3","1","14","7","1","1","0","0","0.6363636363636364","0.7647058823529411","0.7","0.55"
"46","1","0.6","1","74","7","33","0","3","4","0","24","9","0","0","0","0","0.7272727272727273","0.42857142857142855","0.675","0.825"
"42","1","0.2","1","93","0","40","0","0","0","0","26","13","1","0","0","0","0.65","0","0.65","1"
"47","1","0.8","0","72","20","19","1","14","5","1","12","6","1","1","0","0","0.631578947368421","0.7","0.675","0.475"
"49","1","1","0","28","17","22","1","13","3","1","14","7","1","1","0","0","0.6363636363636364","0.7647058823529411","0.7","0.55"
"44","1","0.4","1","95","1","39","0","0","1","0","37","2","0","0","0","0","0.9487179487179487","0","0.925","0.975"
"50","1","1","1","21","17","22","1","13","3","1","14","7","1","1","0","0","0.6363636363636364","0.7647058823529411","0.7","0.55"
"41","1","0.2","0","96","40","0","0","24","13","3","0","0","0","0","0","0","0","0.6","0.6","0"
"48","1","0.8","1","40","17","22","1","13","3","1","14","7","1","1","0","0","0.6363636363636364","0.7647058823529411","0.7","0.55"
"46","1","0.6","1","75","7","33","0","3","4","0","24","9","0","0","0","0","0.7272727272727273","0.42857142857142855","0.675","0.825"
"49","1","1","0","29","17","22","1","13","3","1","14","7","1","1","0","0","0.6363636363636364","0.7647058823529411","0.7","0.55"
"47","1","0.8","0","73","20","19","1","14","5","1","12","6","1","1","0","0","0.631578947368421","0.7","0.675","0.475"
"44","1","0.4","1","96","1","39","0","0","1","0","37","2","0","0","0","0","0.9487179487179487","0","0.925","0.975"
"42","1","0.2","1","94","0","40","0","0","0","0","26","13","1","0","0","0","0.65","0","0.65","1"
"50","1","1","1","22","17","22","1","13","3","1","14","7","1","1","0","0","0.6363636363636364","0.7647058823529411","0.7","0.55"
"48","1","0.8","1","41","17","22","1","13","3","1","14","7","1","1","0","0","0.6363636363636364","0.7647058823529411","0.7","0.55"
"49","1","1","0","30","17","22","1","13","3","1","14","7","1","1","0","0","0.6363636363636364","0.7647058823529411","0.7","0.55"
"47","1","0.8","0","74","20","19","1","14","5","1","12","6","1","1","0","0","0.631578947368421","0.7","0.675","0.475"
"41","1","0.2","0","97","40","0","0","24","13","3","0","0","0","0","0","0","0","0.6","0.6","0"
"46","1","0.6","1","76","7","33","0","3","4","0","24","9","0","0","0","0","0.7272727272727273","0.42857142857142855","0.675","0.825"
"44","1","0.4","1","97","1","39","0","0","1","0","37","2","0","0","0","0","0.9487179487179487","0","0.925","0.975"
"50","1","1","1","23","17","22","1","13","3","1","14","7","1","1","0","0","0.6363636363636364","0.7647058823529411","0.7","0.55"
"48","1","0.8","1","42","17","22","1","13","3","1","14","7","1","1","0","0","0.6363636363636364","0.7647058823529411","0.7","0.55"
"42","1","0.2","1","95","0","40","0","0","0","0","26","13","1","0","0","0","0.65","0","0.65","1"
"47","1","0.8","0","75","20","19","1","14","5","1","12","6","1","1","0","0","0.631578947368421","0.7","0.675","0.475"
"49","1","1","0","31","17","22","1","13","3","1","14","7","1","1","0","0","0.6363636363636364","0.7647058823529411","0.7","0.55"
"46","1","0.6","1","77","7","33","0","3","4","0","24","9","0","0","0","0","0.7272727272727273","0.42857142857142855","0.675","0.825"
"48","1","0.8","1","43","17","22","1","13","3","1","14","7","1","1","0","0","0.6363636363636364","0.7647058823529411","0.7","0.55"
"44","1","0.4","1","98","1","39","0","0","1","0","37","2","0","0","0","0","0.9487179487179487","0","0.925","0.975"
"50","1","1","1","24","17","22","1","13","3","1","14","7","1","1","0","0","0.6363636363636364","0.7647058823529411","0.7","0.55"
"41","1","0.2","0","98","40","0","0","24","13","3","0","0","0","0","0","0","0","0.6","0.6","0"
"47","1","0.8","0","76","20","19","1","14","5","1","12","6","1","1","0","0","0.631578947368421","0.7","0.675","0.475"
"49","1","1","0","32","17","22","1","13","3","1","14","7","1","1","0","0","0.6363636363636364","0.7647058823529411","0.7","0.55"
"42","1","0.2","1","96","0","40","0","0","0","0","26","13","1","0","0","0","0.65","0","0.65","1"
"50","1","1","1","25","17","22","1","13","3","1","14","7","1","1","0","0","0.6363636363636364","0.7647058823529411","0.7","0.55"
"48","1","0.8","1","44","17","22","1","13","3","1","14","7","1","1","0","0","0.6363636363636364","0.7647058823529411","0.7","0.55"
"47","1","0.8","0","77","20","19","1","14","5","1","12","6","1","1","0","0","0.631578947368421","0.7","0.675","0.475"
"46","1","0.6","1","78","7","33","0","3","4","0","24","9","0","0","0","0","0.7272727272727273","0.42857142857142855","0.675","0.825"
"41","1","0.2","0","99","40","0","0","24","13","3","0","0","0","0","0","0","0","0.6","0.6","0"
"44","1","0.4","1","99","1","39","0","0","1","0","37","2","0","0","0","0","0.9487179487179487","0","0.925","0.975"
"49","1","1","0","33","17","22","1","13","3","1","14","7","1","1","0","0","0.6363636363636364","0.7647058823529411","0.7","0.55"
"48","1","0.8","1","45","17","22","1","13","3","1","14","7","1","1","0","0","0.6363636363636364","0.7647058823529411","0.7","0.55"
"50","1","1","1","26","17","22","1","13","3","1","14","7","1","1","0","0","0.6363636363636364","0.7647058823529411","0.7","0.55"
"47","1","0.8","0","78","20","19","1","14","5","1","12","6","1","1","0","0","0.631578947368421","0.7","0.675","0.475"
"42","1","0.2","1","97","0","40","0","0","0","0","26","13","1","0","0","0","0.65","0","0.65","1"
"46","1","0.6","1","79","7","33","0","3","4","0","24","9","0","0","0","0","0.7272727272727273","0.42857142857142855","0.675","0.825"
"44","1","0.4","1","100","1","39","0","0","1","0","37","2","0","0","0","0","0.9487179487179487","0","0.925","0.975"
"49","1","1","0","34","17","22","1","13","3","1","14","7","1","1","0","0","0.6363636363636364","0.7647058823529411","0.7","0.55"
"41","1","0.2","0","100","40","0","0","24","13","3","0","0","0","0","0","0","0","0.6","0.6","0"
"50","1","1","1","27","17","22","1","13","3","1","14","7","1","1","0","0","0.6363636363636364","0.7647058823529411","0.7","0.55"
"47","1","0.8","0","79","20","19","1","14","5","1","12","6","1","1","0","0","0.631578947368421","0.7","0.675","0.475"
"42","1","0.2","1","98","0","40","0","0","0","0","26","13","1","0","0","0","0.65","0","0.65","1"
"46","1","0.6","1","80","7","33","0","3","4","0","24","9","0","0","0","0","0.7272727272727273","0.42857142857142855","0.675","0.825"
"49","1","1","0","35","17","22","1","13","3","1","14","7","1","1","0","0","0.6363636363636364","0.7647058823529411","0.7","0.55"
"48","1","0.8","1","46","17","22","1","13","3","1","14","7","1","1","0","0","0.6363636363636364","0.7647058823529411","0.7","0.55"
"47","1","0.8","0","80","20","19","1","14","5","1","12","6","1","1","0","0","0.631578947368421","0.7","0.675","0.475"
"50","1","1","1","28","17","22","1","13","3","1","14","7","1","1","0","0","0.6363636363636364","0.7647058823529411","0.7","0.55"
"48","1","0.8","1","47","17","22","1","13","3","1","14","7","1","1","0","0","0.6363636363636364","0.7647058823529411","0.7","0.55"
"49","1","1","0","36","17","22","1","13","3","1","14","7","1","1","0","0","0.6363636363636364","0.7647058823529411","0.7","0.55"
"46","1","0.6","1","81","7","33","0","3","4","0","24","9","0","0","0","0","0.7272727272727273","0.42857142857142855","0.675","0.825"
"50","1","1","1","29","17","22","1","13","3","1","14","7","1","1","0","0","0.6363636363636364","0.7647058823529411","0.7","0.55"
"47","1","0.8","0","81","19","20","1","12","6","1","12","8","0","1","0","0","0.6","0.631578947368421","0.625","0.5"
"42","1","0.2","1","99","0","40","0","0","0","0","26","13","1","0","0","0","0.65","0","0.65","1"
"48","1","0.8","1","48","17","22","1","13","3","1","14","7","1","1","0","0","0.6363636363636364","0.7647058823529411","0.7","0.55"
"49","1","1","0","37","17","22","1","13","3","1","14","7","1","1","0","0","0.6363636363636364","0.7647058823529411","0.7","0.55"
"46","1","0.6","1","82","7","33","0","3","4","0","24","9","0","0","0","0","0.7272727272727273","0.42857142857142855","0.675","0.825"
"47","1","0.8","0","82","17","22","1","12","4","1","15","7","0","1","0","0","0.6818181818181818","0.7058823529411765","0.7","0.55"
"50","1","1","1","30","17","22","1","13","3","1","14","7","1","1","0","0","0.6363636363636364","0.7647058823529411","0.7","0.55"
"48","1","0.8","1","49","17","22","1","13","3","1","14","7","1","1","0","0","0.6363636363636364","0.7647058823529411","0.7","0.55"
"42","1","0.2","1","100","0","40","0","0","0","0","26","13","1","0","0","0","0.65","0","0.65","1"
"49","1","1","0","38","17","22","1","13","3","1","14","7","1","1","0","0","0.6363636363636364","0.7647058823529411","0.7","0.55"
"46","1","0.6","1","83","7","33","0","3","4","0","24","9","0","0","0","0","0.7272727272727273","0.42857142857142855","0.675","0.825"
"50","1","1","1","31","17","22","1","13","3","1","14","7","1","1","0","0","0.6363636363636364","0.7647058823529411","0.7","0.55"
"47","1","0.8","0","83","16","23","1","11","5","0","15","8","0","1","0","0","0.6521739130434783","0.6875","0.675","0.575"
"48","1","0.8","1","50","17","22","1","13","3","1","14","7","1","1","0","0","0.6363636363636364","0.7647058823529411","0.7","0.55"
"49","1","1","0","39","17","22","1","13","3","1","14","7","1","1","0","0","0.6363636363636364","0.7647058823529411","0.7","0.55"
"46","1","0.6","1","84","7","33","0","3","4","0","24","9","0","0","0","0","0.7272727272727273","0.42857142857142855","0.675","0.825"
"50","1","1","1","32","17","22","1","13","3","1","14","7","1","1","0","0","0.6363636363636364","0.7647058823529411","0.7","0.55"
"47","1","0.8","0","84","13","26","1","9","4","0","18","8","0","1","0","0","0.6923076923076923","0.6923076923076923","0.7","0.65"
"49","1","1","0","40","17","22","1","13","3","1","14","7","1","1","0","0","0.6363636363636364","0.7647058823529411","0.7","0.55"
"50","1","1","1","33","17","22","1","13","3","1","14","7","1","1","0","0","0.6363636363636364","0.7647058823529411","0.7","0.55"
"46","1","0.6","1","85","7","33","0","3","4","0","24","9","0","0","0","0","0.7272727272727273","0.42857142857142855","0.675","0.825"
"47","1","0.8","0","85","11","28","1","9","2","0","19","9","0","1","0","0","0.6785714285714286","0.8181818181818182","0.725","0.7"
"49","1","1","0","41","17","22","1","13","3","1","14","7","1","1","0","0","0.6363636363636364","0.7647058823529411","0.7","0.55"
"50","1","1","1","34","17","22","1","13","3","1","14","7","1","1","0","0","0.6363636363636364","0.7647058823529411","0.7","0.55"
"46","1","0.6","1","86","7","33","0","3","4","0","24","9","0","0","0","0","0.7272727272727273","0.42857142857142855","0.675","0.825"
"47","1","0.8","0","86","11","28","1","9","2","0","19","9","0","1","0","0","0.6785714285714286","0.8181818181818182","0.725","0.7"
"49","1","1","0","42","17","22","1","13","3","1","14","7","1","1","0","0","0.6363636363636364","0.7647058823529411","0.7","0.55"
"46","1","0.6","1","87","7","33","0","3","4","0","24","9","0","0","0","0","0.7272727272727273","0.42857142857142855","0.675","0.825"
"47","1","0.8","0","87","11","28","1","9","2","0","19","9","0","1","0","0","0.6785714285714286","0.8181818181818182","0.725","0.7"
"49","1","1","0","43","17","22","1","13","3","1","14","7","1","1","0","0","0.6363636363636364","0.7647058823529411","0.7","0.55"
"50","1","1","1","35","17","22","1","13","3","1","14","7","1","1","0","0","0.6363636363636364","0.7647058823529411","0.7","0.55"
"47","1","0.8","0","88","11","28","1","9","2","0","19","9","0","1","0","0","0.6785714285714286","0.8181818181818182","0.725","0.7"
"46","1","0.6","1","88","7","33","0","3","4","0","24","9","0","0","0","0","0.7272727272727273","0.42857142857142855","0.675","0.825"
"49","1","1","0","44","17","22","1","13","3","1","14","7","1","1","0","0","0.6363636363636364","0.7647058823529411","0.7","0.55"
"50","1","1","1","36","17","22","1","13","3","1","14","7","1","1","0","0","0.6363636363636364","0.7647058823529411","0.7","0.55"
"46","1","0.6","1","89","7","33","0","3","4","0","24","9","0","0","0","0","0.7272727272727273","0.42857142857142855","0.675","0.825"
"49","1","1","0","45","17","22","1","13","3","1","14","7","1","1","0","0","0.6363636363636364","0.7647058823529411","0.7","0.55"
"47","1","0.8","0","89","11","28","1","9","2","0","19","9","0","1","0","0","0.6785714285714286","0.8181818181818182","0.725","0.7"
"50","1","1","1","37","17","22","1","13","3","1","14","7","1","1","0","0","0.6363636363636364","0.7647058823529411","0.7","0.55"
"49","1","1","0","46","17","22","1","13","3","1","14","7","1","1","0","0","0.6363636363636364","0.7647058823529411","0.7","0.55"
"50","1","1","1","38","17","22","1","13","3","1","14","7","1","1","0","0","0.6363636363636364","0.7647058823529411","0.7","0.55"
"49","1","1","0","47","17","22","1","13","3","1","14","7","1","1","0","0","0.6363636363636364","0.7647058823529411","0.7","0.55"
"46","1","0.6","1","90","7","33","0","3","4","0","24","9","0","0","0","0","0.7272727272727273","0.42857142857142855","0.675","0.825"
"50","1","1","1","39","17","22","1","13","3","1","14","7","1","1","0","0","0.6363636363636364","0.7647058823529411","0.7","0.55"
"47","1","0.8","0","90","11","28","1","9","2","0","19","9","0","1","0","0","0.6785714285714286","0.8181818181818182","0.725","0.7"
"49","1","1","0","48","17","22","1","13","3","1","14","7","1","1","0","0","0.6363636363636364","0.7647058823529411","0.7","0.55"
"46","1","0.6","1","91","6","34","0","3","3","0","24","10","0","0","0","0","0.7058823529411765","0.5","0.675","0.85"
"50","1","1","1","40","17","22","1","13","3","1","14","7","1","1","0","0","0.6363636363636364","0.7647058823529411","0.7","0.55"
"47","1","0.8","0","91","11","28","1","9","2","0","19","9","0","1","0","0","0.6785714285714286","0.8181818181818182","0.725","0.7"
"49","1","1","0","49","17","22","1","13","3","1","14","7","1","1","0","0","0.6363636363636364","0.7647058823529411","0.7","0.55"
"50","1","1","1","41","17","22","1","13","3","1","14","7","1","1","0","0","0.6363636363636364","0.7647058823529411","0.7","0.55"
"47","1","0.8","0","92","11","28","1","9","2","0","19","9","0","1","0","0","0.6785714285714286","0.8181818181818182","0.725","0.7"
"49","1","1","0","50","17","22","1","13","3","1","14","7","1","1","0","0","0.6363636363636364","0.7647058823529411","0.7","0.55"
"46","1","0.6","1","92","5","35","0","3","2","0","24","11","0","0","0","0","0.6857142857142857","0.6","0.675","0.875"
"50","1","1","1","42","17","22","1","13","3","1","14","7","1","1","0","0","0.6363636363636364","0.7647058823529411","0.7","0.55"
"47","1","0.8","0","93","11","28","1","9","2","0","19","9","0","1","0","0","0.6785714285714286","0.8181818181818182","0.725","0.7"
"49","1","1","0","51","17","22","1","13","3","1","14","7","1","1","0","0","0.6363636363636364","0.7647058823529411","0.7","0.55"
"46","1","0.6","1","93","3","37","0","0","3","0","27","10","0","0","0","0","0.7297297297297297","0","0.675","0.925"
"50","1","1","1","43","17","22","1","13","3","1","14","7","1","1","0","0","0.6363636363636364","0.7647058823529411","0.7","0.55"
"49","1","1","0","52","17","22","1","13","3","1","14","7","1","1","0","0","0.6363636363636364","0.7647058823529411","0.7","0.55"
"47","1","0.8","0","94","11","28","1","9","2","0","19","9","0","1","0","0","0.6785714285714286","0.8181818181818182","0.725","0.7"
"46","1","0.6","1","94","2","38","0","0","2","0","29","9","0","0","0","0","0.7631578947368421","0","0.725","0.95"
"50","1","1","1","44","17","22","1","13","3","1","14","7","1","1","0","0","0.6363636363636364","0.7647058823529411","0.7","0.55"
"49","1","1","0","53","17","22","1","13","3","1","14","7","1","1","0","0","0.6363636363636364","0.7647058823529411","0.7","0.55"
"47","1","0.8","0","95","11","28","1","9","2","0","19","9","0","1","0","0","0.6785714285714286","0.8181818181818182","0.725","0.7"
"49","1","1","0","54","17","22","1","13","3","1","14","7","1","1","0","0","0.6363636363636364","0.7647058823529411","0.7","0.55"
"50","1","1","1","45","17","22","1","13","3","1","14","7","1","1","0","0","0.6363636363636364","0.7647058823529411","0.7","0.55"
"46","1","0.6","1","95","2","38","0","0","2","0","29","9","0","0","0","0","0.7631578947368421","0","0.725","0.95"
"47","1","0.8","0","96","11","28","1","9","2","0","19","9","0","1","0","0","0.6785714285714286","0.8181818181818182","0.725","0.7"
"49","1","1","0","55","17","22","1","13","3","1","14","7","1","1","0","0","0.6363636363636364","0.7647058823529411","0.7","0.55"
"50","1","1","1","46","17","22","1","13","3","1","14","7","1","1","0","0","0.6363636363636364","0.7647058823529411","0.7","0.55"
"47","1","0.8","0","97","11","28","1","9","2","0","19","9","0","1","0","0","0.6785714285714286","0.8181818181818182","0.725","0.7"
"46","1","0.6","1","96","2","38","0","0","2","0","29","9","0","0","0","0","0.7631578947368421","0","0.725","0.95"
"49","1","1","0","56","17","22","1","13","3","1","14","7","1","1","0","0","0.6363636363636364","0.7647058823529411","0.7","0.55"
"50","1","1","1","47","17","22","1","13","3","1","14","7","1","1","0","0","0.6363636363636364","0.7647058823529411","0.7","0.55"
"47","1","0.8","0","98","11","28","1","9","2","0","19","9","0","1","0","0","0.6785714285714286","0.8181818181818182","0.725","0.7"
"46","1","0.6","1","97","2","38","0","0","2","0","29","9","0","0","0","0","0.7631578947368421","0","0.725","0.95"
"49","1","1","0","57","17","22","1","13","3","1","14","7","1","1","0","0","0.6363636363636364","0.7647058823529411","0.7","0.55"
"50","1","1","1","48","17","22","1","13","3","1","14","7","1","1","0","0","0.6363636363636364","0.7647058823529411","0.7","0.55"
"47","1","0.8","0","99","11","28","1","9","2","0","19","9","0","1","0","0","0.6785714285714286","0.8181818181818182","0.725","0.7"
"46","1","0.6","1","98","2","38","0","0","2","0","29","9","0","0","0","0","0.7631578947368421","0","0.725","0.95"
"49","1","1","0","58","17","22","1","13","3","1","14","7","1","1","0","0","0.6363636363636364","0.7647058823529411","0.7","0.55"
"50","1","1","1","49","17","22","1","13","3","1","14","7","1","1","0","0","0.6363636363636364","0.7647058823529411","0.7","0.55"
"47","1","0.8","0","100","11","28","1","9","2","0","19","9","0","1","0","0","0.6785714285714286","0.8181818181818182","0.725","0.7"
"50","1","1","1","50","17","22","1","13","3","1","14","7","1","1","0","0","0.6363636363636364","0.7647058823529411","0.7","0.55"
"46","1","0.6","1","99","2","38","0","0","2","0","29","9","0","0","0","0","0.7631578947368421","0","0.725","0.95"
"49","1","1","0","59","17","22","1","13","3","1","14","7","1","1","0","0","0.6363636363636364","0.7647058823529411","0.7","0.55"
"46","1","0.6","1","100","2","38","0","0","2","0","29","9","0","0","0","0","0.7631578947368421","0","0.725","0.95"
"49","1","1","0","60","17","22","1","13","3","1","14","7","1","1","0","0","0.6363636363636364","0.7647058823529411","0.7","0.55"
"49","1","1","0","61","19","20","1","14","4","1","13","6","1","1","0","0","0.65","0.7368421052631579","0.7","0.5"
"49","1","1","0","62","19","20","1","14","4","1","13","6","1","1","0","0","0.65","0.7368421052631579","0.7","0.5"
"49","1","1","0","63","19","20","1","14","4","1","13","6","1","1","0","0","0.65","0.7368421052631579","0.7","0.5"
"49","1","1","0","64","19","20","1","14","4","1","13","6","1","1","0","0","0.65","0.7368421052631579","0.7","0.5"
"49","1","1","0","65","19","20","1","14","4","1","13","6","1","1","0","0","0.65","0.7368421052631579","0.7","0.5"
"49","1","1","0","66","19","20","1","14","4","1","13","6","1","1","0","0","0.65","0.7368421052631579","0.7","0.5"
"49","1","1","0","67","19","20","1","14","4","1","13","6","1","1","0","0","0.65","0.7368421052631579","0.7","0.5"
"49","1","1","0","68","19","20","1","14","4","1","13","6","1","1","0","0","0.65","0.7368421052631579","0.7","0.5"
"49","1","1","0","69","19","20","1","14","4","1","13","6","1","1","0","0","0.65","0.7368421052631579","0.7","0.5"
"49","1","1","0","70","19","20","1","14","4","1","13","6","1","1","0","0","0.65","0.7368421052631579","0.7","0.5"
"48","1","0.8","1","51","12","28","0","3","8","1","22","6","0","0","0","0","0.7857142857142857","0.25","0.625","0.7"
"49","1","1","0","71","19","20","1","14","4","1","13","6","1","1","0","0","0.65","0.7368421052631579","0.7","0.5"
"49","1","1","0","72","19","20","1","14","4","1","13","6","1","1","0","0","0.65","0.7368421052631579","0.7","0.5"
"48","1","0.8","1","52","10","30","0","3","6","1","23","7","0","0","0","0","0.7666666666666667","0.3","0.65","0.75"
"49","1","1","0","73","19","20","1","14","4","1","13","6","1","1","0","0","0.65","0.7368421052631579","0.7","0.5"
"48","1","0.8","1","53","10","30","0","3","6","1","23","6","1","0","0","0","0.7666666666666667","0.3","0.65","0.75"
"49","1","1","0","74","19","20","1","14","4","1","13","6","1","1","0","0","0.65","0.7368421052631579","0.7","0.5"
"48","1","0.8","1","54","10","30","0","3","6","1","24","6","0","0","0","0","0.8","0.3","0.675","0.75"
"49","1","1","0","75","19","20","1","14","4","1","13","6","1","1","0","0","0.65","0.7368421052631579","0.7","0.5"
"49","1","1","0","76","19","20","1","14","4","1","13","6","1","1","0","0","0.65","0.7368421052631579","0.7","0.5"
"48","1","0.8","1","55","10","30","0","3","6","1","24","6","0","0","0","0","0.8","0.3","0.675","0.75"
"49","1","1","0","77","19","20","1","14","4","1","13","6","1","1","0","0","0.65","0.7368421052631579","0.7","0.5"
"48","1","0.8","1","56","10","30","0","3","6","1","24","6","0","0","0","0","0.8","0.3","0.675","0.75"
"49","1","1","0","78","19","20","1","14","4","1","13","6","1","1","0","0","0.65","0.7368421052631579","0.7","0.5"
"48","1","0.8","1","57","10","30","0","3","6","1","24","6","0","0","0","0","0.8","0.3","0.675","0.75"
"49","1","1","0","79","19","20","1","14","4","1","13","6","1","1","0","0","0.65","0.7368421052631579","0.7","0.5"
"49","1","1","0","80","19","20","1","14","4","1","13","6","1","1","0","0","0.65","0.7368421052631579","0.7","0.5"
"48","1","0.8","1","58","10","30","0","3","6","1","24","6","0","0","0","0","0.8","0.3","0.675","0.75"
"49","1","1","0","81","19","20","1","14","4","1","13","6","1","1","0","0","0.65","0.7368421052631579","0.7","0.5"
"48","1","0.8","1","59","10","30","0","3","6","1","24","6","0","0","0","0","0.8","0.3","0.675","0.75"
"49","1","1","0","82","19","20","1","14","4","1","13","6","1","1","0","0","0.65","0.7368421052631579","0.7","0.5"
"48","1","0.8","1","60","10","30","0","3","6","1","24","6","0","0","0","0","0.8","0.3","0.675","0.75"
"49","1","1","0","83","19","20","1","14","4","1","13","6","1","1","0","0","0.65","0.7368421052631579","0.7","0.5"
"49","1","1","0","84","19","20","1","14","4","1","13","6","1","1","0","0","0.65","0.7368421052631579","0.7","0.5"
"48","1","0.8","1","61","10","30","0","3","6","1","24","6","0","0","0","0","0.8","0.3","0.675","0.75"
"49","1","1","0","85","19","20","1","14","4","1","13","6","1","1","0","0","0.65","0.7368421052631579","0.7","0.5"
"48","1","0.8","1","62","9","31","0","3","6","0","25","6","0","0","0","0","0.8064516129032258","0.3333333333333333","0.7","0.775"
"49","1","1","0","86","19","20","1","14","4","1","13","6","1","1","0","0","0.65","0.7368421052631579","0.7","0.5"
"48","1","0.8","1","63","8","32","0","2","6","0","26","6","0","0","0","0","0.8125","0.25","0.7","0.8"
"49","1","1","0","87","19","20","1","14","4","1","13","6","1","1","0","0","0.65","0.7368421052631579","0.7","0.5"
"48","1","0.8","1","64","7","33","0","2","5","0","27","6","0","0","0","0","0.8181818181818182","0.2857142857142857","0.725","0.825"
"49","1","1","0","88","19","20","1","14","4","1","13","6","1","1","0","0","0.65","0.7368421052631579","0.7","0.5"
"49","1","1","0","89","19","20","1","14","4","1","13","6","1","1","0","0","0.65","0.7368421052631579","0.7","0.5"
"48","1","0.8","1","65","7","33","0","2","5","0","27","6","0","0","0","0","0.8181818181818182","0.2857142857142857","0.725","0.825"
"49","1","1","0","90","19","20","1","14","4","1","13","6","1","1","0","0","0.65","0.7368421052631579","0.7","0.5"
"48","1","0.8","1","66","7","33","0","2","5","0","27","6","0","0","0","0","0.8181818181818182","0.2857142857142857","0.725","0.825"
"49","1","1","0","91","20","19","1","14","5","1","12","6","1","1","0","0","0.631578947368421","0.7","0.675","0.475"
"48","1","0.8","1","67","7","33","0","2","5","0","27","6","0","0","0","0","0.8181818181818182","0.2857142857142857","0.725","0.825"
"49","1","1","0","92","20","19","1","14","5","1","12","6","1","1","0","0","0.631578947368421","0.7","0.675","0.475"
"50","1","1","1","51","12","28","0","3","8","1","22","6","0","0","0","0","0.7857142857142857","0.25","0.625","0.7"
"48","1","0.8","1","68","7","33","0","2","5","0","27","6","0","0","0","0","0.8181818181818182","0.2857142857142857","0.725","0.825"
"49","1","1","0","93","20","19","1","14","5","1","12","6","1","1","0","0","0.631578947368421","0.7","0.675","0.475"
"50","1","1","1","52","10","30","0","3","6","1","23","7","0","0","0","0","0.7666666666666667","0.3","0.65","0.75"
"49","1","1","0","94","20","19","1","14","5","1","12","6","1","1","0","0","0.631578947368421","0.7","0.675","0.475"
"48","1","0.8","1","69","7","33","0","2","5","0","27","6","0","0","0","0","0.8181818181818182","0.2857142857142857","0.725","0.825"
"49","1","1","0","95","20","19","1","14","5","1","12","6","1","1","0","0","0.631578947368421","0.7","0.675","0.475"
"50","1","1","1","53","10","30","0","3","6","1","23","6","1","0","0","0","0.7666666666666667","0.3","0.65","0.75"
"48","1","0.8","1","70","7","33","0","2","5","0","27","6","0","0","0","0","0.8181818181818182","0.2857142857142857","0.725","0.825"
"49","1","1","0","96","20","19","1","14","5","1","12","6","1","1","0","0","0.631578947368421","0.7","0.675","0.475"
"50","1","1","1","54","10","30","0","3","6","1","24","6","0","0","0","0","0.8","0.3","0.675","0.75"
"48","1","0.8","1","71","7","33","0","2","5","0","27","6","0","0","0","0","0.8181818181818182","0.2857142857142857","0.725","0.825"
"49","1","1","0","97","20","19","1","14","5","1","12","6","1","1","0","0","0.631578947368421","0.7","0.675","0.475"
"48","1","0.8","1","72","7","33","0","2","5","0","27","6","0","0","0","0","0.8181818181818182","0.2857142857142857","0.725","0.825"
"49","1","1","0","98","20","19","1","14","5","1","12","6","1","1","0","0","0.631578947368421","0.7","0.675","0.475"
"50","1","1","1","55","10","30","0","3","6","1","24","6","0","0","0","0","0.8","0.3","0.675","0.75"
"49","1","1","0","99","20","19","1","14","5","1","12","6","1","1","0","0","0.631578947368421","0.7","0.675","0.475"
"48","1","0.8","1","73","7","33","0","2","5","0","27","6","0","0","0","0","0.8181818181818182","0.2857142857142857","0.725","0.825"
"50","1","1","1","56","10","30","0","3","6","1","24","6","0","0","0","0","0.8","0.3","0.675","0.75"
"49","1","1","0","100","20","19","1","14","5","1","12","6","1","1","0","0","0.631578947368421","0.7","0.675","0.475"
"48","1","0.8","1","74","7","33","0","2","5","0","27","6","0","0","0","0","0.8181818181818182","0.2857142857142857","0.725","0.825"
"50","1","1","1","57","10","30","0","3","6","1","24","6","0","0","0","0","0.8","0.3","0.675","0.75"
"48","1","0.8","1","75","7","33","0","2","5","0","27","6","0","0","0","0","0.8181818181818182","0.2857142857142857","0.725","0.825"
"50","1","1","1","58","10","30","0","3","6","1","24","6","0","0","0","0","0.8","0.3","0.675","0.75"
"48","1","0.8","1","76","7","33","0","2","5","0","27","6","0","0","0","0","0.8181818181818182","0.2857142857142857","0.725","0.825"
"50","1","1","1","59","10","30","0","3","6","1","24","6","0","0","0","0","0.8","0.3","0.675","0.75"
"48","1","0.8","1","77","7","33","0","2","5","0","27","6","0","0","0","0","0.8181818181818182","0.2857142857142857","0.725","0.825"
"50","1","1","1","60","10","30","0","3","6","1","24","6","0","0","0","0","0.8","0.3","0.675","0.75"
"48","1","0.8","1","78","7","33","0","2","5","0","27","6","0","0","0","0","0.8181818181818182","0.2857142857142857","0.725","0.825"
"50","1","1","1","61","10","30","0","3","6","1","24","6","0","0","0","0","0.8","0.3","0.675","0.75"
"48","1","0.8","1","79","7","33","0","2","5","0","27","6","0","0","0","0","0.8181818181818182","0.2857142857142857","0.725","0.825"
"50","1","1","1","62","9","31","0","3","6","0","25","6","0","0","0","0","0.8064516129032258","0.3333333333333333","0.7","0.775"
"48","1","0.8","1","80","7","33","0","2","5","0","27","6","0","0","0","0","0.8181818181818182","0.2857142857142857","0.725","0.825"
"50","1","1","1","63","8","32","0","2","6","0","26","6","0","0","0","0","0.8125","0.25","0.7","0.8"
"48","1","0.8","1","81","7","33","0","2","5","0","27","6","0","0","0","0","0.8181818181818182","0.2857142857142857","0.725","0.825"
"50","1","1","1","64","7","33","0","2","5","0","27","6","0","0","0","0","0.8181818181818182","0.2857142857142857","0.725","0.825"
"48","1","0.8","1","82","7","33","0","2","5","0","27","6","0","0","0","0","0.8181818181818182","0.2857142857142857","0.725","0.825"
"50","1","1","1","65","7","33","0","2","5","0","27","6","0","0","0","0","0.8181818181818182","0.2857142857142857","0.725","0.825"
"48","1","0.8","1","83","7","33","0","2","5","0","27","6","0","0","0","0","0.8181818181818182","0.2857142857142857","0.725","0.825"
"50","1","1","1","66","7","33","0","2","5","0","27","6","0","0","0","0","0.8181818181818182","0.2857142857142857","0.725","0.825"
"48","1","0.8","1","84","7","33","0","2","5","0","27","6","0","0","0","0","0.8181818181818182","0.2857142857142857","0.725","0.825"
"50","1","1","1","67","7","33","0","2","5","0","27","6","0","0","0","0","0.8181818181818182","0.2857142857142857","0.725","0.825"
"48","1","0.8","1","85","7","33","0","2","5","0","27","6","0","0","0","0","0.8181818181818182","0.2857142857142857","0.725","0.825"
"50","1","1","1","68","7","33","0","2","5","0","27","6","0","0","0","0","0.8181818181818182","0.2857142857142857","0.725","0.825"
"48","1","0.8","1","86","7","33","0","2","5","0","27","6","0","0","0","0","0.8181818181818182","0.2857142857142857","0.725","0.825"
"50","1","1","1","69","7","33","0","2","5","0","27","6","0","0","0","0","0.8181818181818182","0.2857142857142857","0.725","0.825"
"48","1","0.8","1","87","7","33","0","2","5","0","27","6","0","0","0","0","0.8181818181818182","0.2857142857142857","0.725","0.825"
"50","1","1","1","70","7","33","0","2","5","0","27","6","0","0","0","0","0.8181818181818182","0.2857142857142857","0.725","0.825"
"48","1","0.8","1","88","7","33","0","2","5","0","27","6","0","0","0","0","0.8181818181818182","0.2857142857142857","0.725","0.825"
"50","1","1","1","71","7","33","0","2","5","0","27","6","0","0","0","0","0.8181818181818182","0.2857142857142857","0.725","0.825"
"48","1","0.8","1","89","7","33","0","2","5","0","27","6","0","0","0","0","0.8181818181818182","0.2857142857142857","0.725","0.825"
"50","1","1","1","72","7","33","0","2","5","0","27","6","0","0","0","0","0.8181818181818182","0.2857142857142857","0.725","0.825"
"48","1","0.8","1","90","7","33","0","2","5","0","27","6","0","0","0","0","0.8181818181818182","0.2857142857142857","0.725","0.825"
"50","1","1","1","73","7","33","0","2","5","0","27","6","0","0","0","0","0.8181818181818182","0.2857142857142857","0.725","0.825"
"48","1","0.8","1","91","7","33","0","2","5","0","27","6","0","0","0","0","0.8181818181818182","0.2857142857142857","0.725","0.825"
"50","1","1","1","74","7","33","0","2","5","0","27","6","0","0","0","0","0.8181818181818182","0.2857142857142857","0.725","0.825"
"48","1","0.8","1","92","7","33","0","2","5","0","27","6","0","0","0","0","0.8181818181818182","0.2857142857142857","0.725","0.825"
"50","1","1","1","75","7","33","0","2","5","0","27","6","0","0","0","0","0.8181818181818182","0.2857142857142857","0.725","0.825"
"48","1","0.8","1","93","7","33","0","2","5","0","27","6","0","0","0","0","0.8181818181818182","0.2857142857142857","0.725","0.825"
"50","1","1","1","76","7","33","0","2","5","0","27","6","0","0","0","0","0.8181818181818182","0.2857142857142857","0.725","0.825"
"48","1","0.8","1","94","7","33","0","2","5","0","27","6","0","0","0","0","0.8181818181818182","0.2857142857142857","0.725","0.825"
"50","1","1","1","77","7","33","0","2","5","0","27","6","0","0","0","0","0.8181818181818182","0.2857142857142857","0.725","0.825"
"48","1","0.8","1","95","7","33","0","2","5","0","27","6","0","0","0","0","0.8181818181818182","0.2857142857142857","0.725","0.825"
"50","1","1","1","78","7","33","0","2","5","0","27","6","0","0","0","0","0.8181818181818182","0.2857142857142857","0.725","0.825"
"48","1","0.8","1","96","7","33","0","2","5","0","27","6","0","0","0","0","0.8181818181818182","0.2857142857142857","0.725","0.825"
"50","1","1","1","79","7","33","0","2","5","0","27","6","0","0","0","0","0.8181818181818182","0.2857142857142857","0.725","0.825"
"48","1","0.8","1","97","7","33","0","2","5","0","27","6","0","0","0","0","0.8181818181818182","0.2857142857142857","0.725","0.825"
"50","1","1","1","80","7","33","0","2","5","0","27","6","0","0","0","0","0.8181818181818182","0.2857142857142857","0.725","0.825"
"48","1","0.8","1","98","7","33","0","2","5","0","27","6","0","0","0","0","0.8181818181818182","0.2857142857142857","0.725","0.825"
"50","1","1","1","81","7","33","0","2","5","0","27","6","0","0","0","0","0.8181818181818182","0.2857142857142857","0.725","0.825"
"48","1","0.8","1","99","7","33","0","2","5","0","27","6","0","0","0","0","0.8181818181818182","0.2857142857142857","0.725","0.825"
"50","1","1","1","82","7","33","0","2","5","0","27","6","0","0","0","0","0.8181818181818182","0.2857142857142857","0.725","0.825"
"48","1","0.8","1","100","7","33","0","2","5","0","27","6","0","0","0","0","0.8181818181818182","0.2857142857142857","0.725","0.825"
"50","1","1","1","83","7","33","0","2","5","0","27","6","0","0","0","0","0.8181818181818182","0.2857142857142857","0.725","0.825"
"50","1","1","1","84","7","33","0","2","5","0","27","6","0","0","0","0","0.8181818181818182","0.2857142857142857","0.725","0.825"
"50","1","1","1","85","7","33","0","2","5","0","27","6","0","0","0","0","0.8181818181818182","0.2857142857142857","0.725","0.825"
"50","1","1","1","86","7","33","0","2","5","0","27","6","0","0","0","0","0.8181818181818182","0.2857142857142857","0.725","0.825"
"50","1","1","1","87","7","33","0","2","5","0","27","6","0","0","0","0","0.8181818181818182","0.2857142857142857","0.725","0.825"
"50","1","1","1","88","7","33","0","2","5","0","27","6","0","0","0","0","0.8181818181818182","0.2857142857142857","0.725","0.825"
"50","1","1","1","89","7","33","0","2","5","0","27","6","0","0","0","0","0.8181818181818182","0.2857142857142857","0.725","0.825"
"50","1","1","1","90","7","33","0","2","5","0","27","6","0","0","0","0","0.8181818181818182","0.2857142857142857","0.725","0.825"
"50","1","1","1","91","7","33","0","2","5","0","27","6","0","0","0","0","0.8181818181818182","0.2857142857142857","0.725","0.825"
"50","1","1","1","92","7","33","0","2","5","0","27","6","0","0","0","0","0.8181818181818182","0.2857142857142857","0.725","0.825"
"50","1","1","1","93","7","33","0","2","5","0","27","6","0","0","0","0","0.8181818181818182","0.2857142857142857","0.725","0.825"
"50","1","1","1","94","7","33","0","2","5","0","27","6","0","0","0","0","0.8181818181818182","0.2857142857142857","0.725","0.825"
"50","1","1","1","95","7","33","0","2","5","0","27","6","0","0","0","0","0.8181818181818182","0.2857142857142857","0.725","0.825"
"50","1","1","1","96","7","33","0","2","5","0","27","6","0","0","0","0","0.8181818181818182","0.2857142857142857","0.725","0.825"
"50","1","1","1","97","7","33","0","2","5","0","27","6","0","0","0","0","0.8181818181818182","0.2857142857142857","0.725","0.825"
"50","1","1","1","98","7","33","0","2","5","0","27","6","0","0","0","0","0.8181818181818182","0.2857142857142857","0.725","0.825"
"50","1","1","1","99","7","33","0","2","5","0","27","6","0","0","0","0","0.8181818181818182","0.2857142857142857","0.725","0.825"
"50","1","1","1","100","7","33","0","2","5","0","27","6","0","0","0","0","0.8181818181818182","0.2857142857142857","0.725","0.825"
